seed,window_index,start_step,end_step,J_corr_P0,D_corr_P0,C_corr_P0,G_C_corr_P0,G_J_corr_P0,J_corr_P1,D_corr_P1,C_corr_P1,G_C_corr_P1,G_J_corr_P1,J_corr_P2,D_corr_P2,C_corr_P2,G_C_corr_P2,G_J_corr_P2,J_corr_P3,D_corr_P3,C_corr_P3,G_C_corr_P3,G_J_corr_P3,J_iid_P0,D_iid_P0,C_iid_P0,G_C_iid_P0,G_J_iid_P0,J_iid_P1,D_iid_P1,C_iid_P1,G_C_iid_P1,G_J_iid_P1,J_iid_P2,D_iid_P2,C_iid_P2,G_C_iid_P2,G_J_iid_P2,J_iid_P3,D_iid_P3,C_iid_P3,G_C_iid_P3,G_J_iid_P3,state_gap_energy,odd_gap_energy,even_gap_energy,odd_reconstruction_error,output_bias_norm_corr,output_bias_norm_iid,bias_endpoint_error_corr,bias_endpoint_error_iid,raw_private_clean_gap_endpoint_corr,raw_private_clean_gap_endpoint_iid,raw_private_clean_response_norm_corr,raw_private_clean_response_norm_iid,probe_disagreement_norm_corr,probe_disagreement_norm_iid,probe_disagreement_relative_to_bias_corr,probe_disagreement_relative_to_bias_iid,probe_disagreement_endpoint_corr,probe_disagreement_endpoint_iid,probe_error_to_P3_D_corr,probe_error_to_P3_D_iid,probe_error_to_P3_endpoint_corr,probe_error_to_P3_endpoint_iid,P3_reliable_corr,P3_reliable_iid,P3_reliable_paired,clean_pre_q_norm_min,global_noise_signal_ratio_mean_corr,global_noise_signal_ratio_mean_iid,block_noise_signal_ratio_mean_corr,block_noise_signal_ratio_mean_iid,block_noise_signal_ratio_max_corr,block_noise_signal_ratio_max_iid,stage_linear_corr_J,stage_linear_corr_D,stage_linear_corr_C,stage_linear_corr_G_C,stage_linear_corr_G_J,stage_norm_corr_J,stage_norm_corr_D,stage_norm_corr_C,stage_norm_corr_G_C,stage_norm_corr_G_J,stage_ns_corr_J,stage_ns_corr_D,stage_ns_corr_C,stage_ns_corr_G_C,stage_ns_corr_G_J,stage_scale_corr_J,stage_scale_corr_D,stage_scale_corr_C,stage_scale_corr_G_C,stage_scale_corr_G_J,stage_linear_iid_J,stage_linear_iid_D,stage_linear_iid_C,stage_linear_iid_G_C,stage_linear_iid_G_J,stage_norm_iid_J,stage_norm_iid_D,stage_norm_iid_C,stage_norm_iid_G_C,stage_norm_iid_G_J,stage_ns_iid_J,stage_ns_iid_D,stage_ns_iid_C,stage_ns_iid_G_C,stage_ns_iid_G_J,stage_scale_iid_J,stage_scale_iid_D,stage_scale_iid_C,stage_scale_iid_G_C,stage_scale_iid_G_J
0,0,1,16,0.004589744788045637,0.015292079854369287,0.30013868824614104,0.9619179561047414,0.9870198074643614,200583585.57099164,460143608.15551686,0.43591518390319456,0.9310084794564462,0.9709028421280586,1.19958751070469,2.777525506499941,0.43189072715891386,0.9346920765443091,0.9346930250734737,1.199656672243668,2.777608652040401,0.4319026985181707,0.9346898653257878,0.9346894088161212,0.3535960483978922,0.044864793389232896,7.881370261313891,0.9619179561047414,0.9870198074643614,6893580000.279518,1091034641.0725954,6.318387831849633,0.9310084794564462,0.9709028421280586,18.368443984035217,2.777565847733806,6.613144382885427,0.9346920765443091,0.9346930250734737,18.36848588410557,2.777589237039298,6.613103780487355,0.9346898653257878,0.9346894088161212,460235876.39072293,460207751.5608532,6.100714062209309e-05,2.4333607143489644e-05,6528.730389823283,6531.211779658532,5.198044441419835,5.2005878012372655,5.313332489593265,6.739218426828801,9331.918670333358,9333.297422742608,0.9050295959581708,0.571017385331758,0.002316723189966991,0.0014171328202998584,0.0037817817600459282,0.0023144882553679117,1.28681552432628e-06,4.818517959059971e-07,0.0017263862974219181,0.0002700152582014493,True,True,True,0.00012636427709367126,362.4742679595947,567.5237808227539,666.5856914520264,1050.1323165893555,2318.2435760498047,3682.7140197753906,0.00458974425138595,0.015292078065919479,0.30013868825420353,0.9619179561035431,0.9870198074640654,0.005321548863952859,0.017691858534991875,0.30079083288099007,0.9606546751037863,0.9606549939169905,1.199587396595323,2.7775252426011137,0.43189072711070164,0.9346920765497627,0.9346930250806236,1.1995873967353097,2.7775252426884736,0.4318907271475174,0.9346920765456452,0.9346930250750134,0.3535960070453186,0.0448647881425633,7.881370261277608,0.9619179561035431,0.9870198074640654,0.13525347671126384,0.017692001892400347,7.644893864122995,0.9606546751037863,0.9606549939169905,18.36844223876934,2.7775655839032902,6.613144382699442,0.9346920765497627,0.9346930250806236,18.368442239334893,2.7775655839271622,6.61314438284622,0.9346920765456452,0.9346930250750134
0,1,17,32,0.005244112028411818,0.015402664442313417,0.34046784879669645,0.9666858507402356,0.9923133252227023,49818742.34859113,130905086.74758282,0.3805714780561118,0.9597846162487972,0.9906644225061384,1.2900023983026858,2.777611261831124,0.46442870391166946,0.9481967428753518,0.9481954734763063,1.2901899003647823,2.7777958288155986,0.46446534586197274,0.9481920786691674,0.9481877781636444,0.6822341494010037,0.06675534962722723,10.219917253234543,0.9666858507402356,0.9923133252227023,5336439270.237775,563907085.7694672,9.463330759456678,0.9597846162487972,0.9906644225061384,24.901345207984466,2.7775432002673677,8.965241370714756,0.9481967428753518,0.9481954734763063,24.901265659668766,2.7775652668771165,8.965141505987313,0.9481920786691674,0.9481877781636444,130925501.13707362,130908767.8248388,0.00015777790504335515,2.424522244837135e-05,6502.175587417023,6507.47863081872,5.928782600255001,5.934306499570615,6.037789605655543,7.75650313528191,9313.547037423645,9318.980427805878,1.5250740479782272,0.7798072457015456,0.003763209054341368,0.0019199445485793432,0.006126843189318985,0.0031291998491216593,3.3674062378543367e-06,8.78008157182465e-07,0.002696993815110332,0.00031353974021720003,True,True,True,0.0003459639265201986,176.0007381439209,365.80878257751465,319.8713436126709,664.7565765380859,1300.8164291381836,2703.2166290283203,0.0052441114151383725,0.015402662641204774,0.3404678487931997,0.9666858507408564,0.9923133252227309,0.006020871930218084,0.017691483327890358,0.34032600990140094,0.9666905537478636,0.9666913988713095,1.2900022757344827,2.7776109979082473,0.4644287039135259,0.9481967428743454,0.9481954734761516,1.2900022757690994,2.777610997944141,0.46442870391998714,0.9481967428739948,0.9481954734754034,0.6822340696195665,0.06675534182020272,10.219917253320038,0.9666858507408564,0.9923133252227309,0.18076027591059604,0.01769193220556299,10.217101999393735,0.9666905537478636,0.9666913988713095,24.901342841935346,2.7775429363966264,8.96524137057642,0.9481967428743454,0.9481954734761516,24.901342842243928,2.7775429364112063,8.96524137064046,0.9481967428739948,0.9481954734754034
0,2,33,48,0.005304880775491924,0.01540748499552718,0.34430543187495816,0.9672589917602333,0.992893233594617,36982427.044122785,98867289.79062971,0.37406130098680873,0.9622458213835738,0.9918021017545651,1.2988814221594316,2.777254764774371,0.4676853699681941,0.949439149457184,0.9494246508135814,1.2990833496863485,2.777472324207385,0.4677214380730406,0.9494345177019378,0.9494173473284613,0.7464549237855587,0.07098257694393031,10.516030213656363,0.9672589917602333,0.992893233594617,4511208353.277248,455318327.49399877,9.907811921620281,0.9622458213835738,0.9918021017545651,25.682104880221587,2.776458597715206,9.249950603029275,0.949439149457184,0.9494246508135814,25.682388745446346,2.7765295061737594,9.249816610390852,0.9494345177019378,0.9494173473284613,98880938.20660934,98866446.50395234,0.00018503096880199285,2.4269920686492696e-05,6512.1630973146,6518.353997043928,6.03955948748729,6.045980726885533,6.145643295548837,7.889968862874883,9319.20541867602,9324.101217542251,1.6452525455238212,0.8140346350614848,0.004043062737721118,0.0019985435362713144,0.006572919590830631,0.003252784866555607,3.8992099706064945e-06,9.548949264524388e-07,0.002883432674680933,0.00032092802049839297,True,True,True,0.00043186426046304405,162.5203685760498,348.8304862976074,278.8908290863037,598.6511764526367,1162.075050354004,2493.7996368408203,0.005304880155000761,0.015407483193312048,0.3443054318763404,0.9672589917603673,0.9928932335950404,0.006091455281841359,0.01769139552143022,0.34431739850384113,0.9672531049658456,0.9672540762285049,1.298881298763976,2.777254500987161,0.4676853699588191,0.94943914945856,0.9494246508141557,1.2988812987238474,2.7772545009848018,0.4676853699447674,0.9494391494602076,0.9494246508161106,0.7464548365201218,0.07098256864502975,10.516030213741626,0.9672589917603673,0.9928932335950404,0.18602178776046313,0.017691920258248804,10.51450521170708,0.9672531049658456,0.9672540762285049,25.682102440679238,2.7764583339595816,9.2499506030956,0.94943914945856,0.9494246508141557,25.682102440878506,2.7764583339740705,9.2499506031191,0.9494391494602076,0.9494246508161106
0,3,49,64,0.005316312845756853,0.015403452838573382,0.3451377364199618,0.9673373826412657,0.9929907703594283,43985443.375416495,115019212.88413446,0.3824182262464758,0.9611756103509908,0.9916743597425329,1.301924976834047,2.777728443030774,0.4687013160341618,0.9496162608474252,0.9496093051261599,1.3020708918375774,2.7778423778936037,0.46873462014965667,0.9496121844829739,0.9496037171034301,0.7584732015319156,0.07177922708615844,10.566750748395505,0.9673373826412657,0.9929907703594283,5283130427.833119,536361240.7022935,9.84994818215344,0.9611756103509908,0.9916743597425329,25.836614876885342,2.7773450169865663,9.302630648646671,0.9496162608474252,0.9496093051261599,25.836645423033755,2.7773756560567024,9.302539023373033,0.9496121844829739,0.9496037171034301,115034192.30353813,115019403.9158533,0.00015041377243138617,2.4317843781318516e-05,6547.667475786673,6553.617859915091,6.0900679561710875,6.096224571077023,6.196239306306876,7.939147707450784,9344.43945083951,9349.945915896302,1.4828045401855037,0.7378940691231978,0.003627633095098253,0.001803157451189591,0.005938564733944435,0.002954428549412515,3.172956560287915e-06,7.855015812246438e-07,0.0026021611231327258,0.0002906199563182306,True,True,True,0.0003381316491868347,183.2296895980835,395.56508445739746,316.3241786956787,683.1476860046387,1360.1713333129883,2935.676498413086,0.005316312223237789,0.015403451036887244,0.34513773637521933,0.9673373826457656,0.9929907703605323,0.006109199722771307,0.017691534824872426,0.34531767781857,0.9673248071734903,0.9673255773656368,1.3019248531284064,2.7777281791598063,0.46870131602373216,0.9496162608483149,0.9496093051270018,1.3019248531308485,2.777728179176223,0.46870131602184123,0.9496162608484112,0.9496093051270904,0.7584731128371904,0.07177921869181882,10.566750748481454,0.9673373826457656,0.9929907703605323,0.18697192575168456,0.017691951844672142,10.5681909714213,0.9673248071734903,0.9673255773656368,25.83661242238675,2.7773447531493813,9.30263064860393,0.9496162608483149,0.9496093051270018,25.836612422480687,2.7773447531653708,9.302630648584197,0.9496162608484112,0.9496093051270904
0,4,65,80,0.005310667098543144,0.015405389943218169,0.3447278594126746,0.96739214181796,0.9930070091767454,55488060.99391171,144203923.09459484,0.3847888448743012,0.9605958678479598,0.99154899493715,1.2996524123621411,2.7770706867051413,0.4679939976263677,0.9497233070381936,0.9497222716660605,1.2998006168097556,2.777214028453913,0.468023207247502,0.9497199253696524,0.9497166698295177,0.7594271510957824,0.07183432428325374,10.57192586793529,0.96739214181796,0.9930070091767454,6565853479.112541,672373333.1365156,9.765190193495435,0.9605958678479598,0.99154899493715,25.84946566658669,2.77701349832977,9.308368750146085,0.9497233070381936,0.9497222716660605,25.849533282757292,2.7770342207183942,9.308323638903609,0.9497199253696524,0.9497166698295177,144223929.90177298,144207696.78198427,0.0001050770035124836,2.4339269657502882e-05,6562.808145995046,6567.961085758048,6.08149328203941,6.086815772208327,6.187369749521915,7.929426773415459,9354.7432754887,9356.981532374577,1.2429288152318552,0.633179289409394,0.0030341717503966515,0.0015438832838045862,0.004977750001518658,0.002535006956605824,2.2304951136334316e-06,5.784427505833283e-07,0.002183055194314802,0.0002493003031919537,True,True,True,0.00032124685822054744,223.10343170166016,481.8173065185547,376.0055961608887,812.1688537597656,1557.6597595214844,3369.6053619384766,0.005310666477749097,0.015405388141762852,0.3447278594268117,0.9673921418163719,0.9930070091763364,0.006097801785763148,0.01769170712142575,0.344670061736345,0.9674011688288373,0.9674016883127602,1.2996522888593671,2.777070422857353,0.46799399761787214,0.9497233070391108,0.94972227166753,1.2996522888729438,2.777070422862893,0.46799399762182736,0.9497233070380665,0.9497222716664823,0.7594270622776077,0.07183431588248236,10.571925867853958,0.9673921418163719,0.9930070091763364,0.18705882207237307,0.01769198905496591,10.573080363729261,0.9674011688288373,0.9674016883127602,25.849463210930974,2.7770132345179164,9.308368750146913,0.9497233070391108,0.94972227166753,25.849463210662346,2.7770132345232676,9.308368750032244,0.9497233070380665,0.9497222716664823
0,5,81,96,0.005314674595108053,0.015407105167128303,0.34494958900177636,0.967388764818988,0.9930147698946354,63696772.51321678,162657482.16359124,0.3916006301459551,0.9595131248960975,0.9913267380575553,1.299979932916199,2.7772285214917245,0.468085331421681,0.9497320961404274,0.9497317236318286,1.300058991184311,2.7773091461323247,0.46810020879194186,0.9497301923552824,0.949728320101653,0.7608445985231647,0.07192958893049688,10.577630288674985,0.967388764818988,0.9930147698946354,7344038832.898778,759286783.7698841,9.672285873903114,0.9595131248960975,0.9913267380575553,25.860841605050812,2.7772079410863495,9.311813214438285,0.9497320961404274,0.9497317236318286,25.86066337574402,2.777205711611345,9.311756513974462,0.9497301923552824,0.949728320101653,162679934.70330796,162662172.6830393,7.583253186157173e-05,2.4330638552783057e-05,6558.741524458133,6563.1730549334925,6.046497710603889,6.051059612407432,6.153307584862942,7.905796927258051,9352.204284495094,9356.386849090219,1.057336918521707,0.5546566617561711,0.002581744774804089,0.0013529550696244673,0.004236604468316148,0.0022205055708820545,1.6128535492589532e-06,4.4354595691746947e-07,0.0018578318100707,0.00021832428212952305,True,True,True,0.00035592479980550706,267.33363914489746,577.5786590576172,431.0934257507324,931.5885467529297,1424.2233428955078,3080.1240997314453,0.005314673973158341,0.015407103365299012,0.3449495889752017,0.9673887648215358,0.9930147698950381,0.006102918558909929,0.01769181690733622,0.344957139838998,0.9673864427741979,0.9673868034451998,1.2999798094498602,2.7772282576446155,0.4680853314348678,0.9497320961395854,0.9497317236324545,1.2999798094082489,2.777228257604136,0.46808533142670733,0.9497320961399979,0.9497317236332599,0.760844509529208,0.071929580517007,10.577630288686505,0.9673887648215358,0.9930147698950381,0.18713033997311945,0.01769201256204054,10.577108699019398,0.9673864427741979,0.9673868034451998,25.86083914922456,2.777207677322295,9.311813214544635,0.9497320961395854,0.9497317236324545,25.860839148811113,2.7772076773035232,9.311813214458704,0.9497320961399979,0.9497317236332599
0,6,97,112,0.0053188240308078925,0.015407493085037601,0.3452102169672927,0.9673595690184276,0.9930081964945177,77716648.83515492,196459520.17032805,0.3955860666246946,0.9587412636081498,0.99115651251653,1.3013075982603517,2.7775959165448403,0.46850140818146757,0.9496869287644614,0.9496816651387406,1.3013639190525703,2.7776679538236344,0.468509534143979,0.94968571541264,0.9496792618524844,0.7607227558150595,0.07192811042914651,10.576153763477729,0.9673595690184276,0.9930081964945177,8788009140.106892,916569573.8844965,9.587934610203778,0.9587412636081498,0.99115651251653,25.861499627290755,2.7773053619120525,9.311723507956739,0.9496869287644614,0.9496816651387406,25.861383734825463,2.7773117220215555,9.311660455601082,0.94968571541264,0.9496792618524844,196486196.7186407,196466539.75802886,5.679576839932119e-05,2.4324323021573946e-05,6553.9615331953755,6557.7949541850885,6.0168019492130655,6.0207570767458645,6.123982468676085,7.8817059150314925,9348.970328744559,9352.222985239874,0.9157461918522665,0.4964500350644325,0.0022376521059676953,0.0012118848499344896,0.0036639568427002302,0.0019855854520333394,1.2096622243522406e-06,3.5527623954471874e-07,0.0016059091518411124,0.00019522377541128424,True,True,True,0.0003446577175054699,314.9656047821045,680.4667129516602,494.0165157318115,1067.286075592041,1465.7595520019531,3185.7525634765625,0.005318823408710323,0.015407491283298927,0.3452102169595711,0.9673595690189458,0.9930081964944427,0.006106395206359848,0.017691886387350482,0.34515229595448105,0.967362112428353,0.9673623727018751,1.3013074745506905,2.777595652652934,0.4685014081541304,0.9496869287669505,0.9496816651415709,1.3013074745796134,2.777595652647327,0.4685014081654891,0.9496869287658913,0.9496816651399786,0.7607226668316406,0.0719281020160236,10.576153763409083,0.9673595690189458,0.9930081964944427,0.187096787109603,0.01769202747388045,10.57520328779856,0.967362112428353,0.9673623727018751,25.86149717020499,2.7773050980665652,9.31172350787409,0.9496869287669505,0.9496816651415709,25.861497169961446,2.7773050980315417,9.311723507903826,0.9496869287658913,0.9496816651399786
0,7,113,128,0.00530995026966161,0.015404815570895987,0.3446941798961614,0.9674179177782087,0.9930242688933869,96137868.71259652,240751506.49244657,0.39932405870786436,0.9581058793468369,0.9910389494161326,1.2991045585127143,2.7772244921058267,0.4677708129844664,0.9497687155779597,0.9497596270436477,1.2991219007890835,2.777267870567536,0.46776975118486047,0.949768629749532,0.9497589945318115,0.7612034048485172,0.07195245342336001,10.579255725578715,0.9674179177782087,0.9930242688933869,10728414912.161438,1125545779.0388188,9.531744609555705,0.9581058793468369,0.9910389494161326,25.85778094524394,2.776722089384603,9.31234027492277,0.9497687155779597,0.9497596270436477,25.857800589035953,2.7767352462629127,9.312303225104678,0.949768629749532,0.9497589945318115,240784483.10690728,240762884.5322767,4.453203685609454e-05,2.4305792976520024e-05,6545.801000320304,6549.188148026203,5.973642426219994,5.97713487870486,6.081824833945777,7.851357780867456,9343.240096818347,9347.859803378775,0.8084873691161397,0.45332153659228147,0.0019773086682029475,0.0011077981123995008,0.003233709628734557,0.0018132586577511616,9.423432407719748e-07,2.9615211329183017e-07,0.0014185546510478023,0.00017829286885609835,True,True,True,0.0002905266301240772,363.1613941192627,784.7893218994141,559.6110687255859,1209.1106414794922,1670.4636154174805,3619.0826721191406,0.00530994964881824,0.015404813769295063,0.3446941799064169,0.9674179177772864,0.9930242688930326,0.006099136651662831,0.017691931497259054,0.3447411410454391,0.96740891851096,0.9674091131718852,1.2991044349401395,2.777224228294924,0.4677708129234218,0.9497687155847432,0.949759627050682,1.29910443502446,2.7772242283026856,0.467770812952476,0.9497687155812459,0.9497596270464614,0.7612033158093893,0.0719524450068675,10.579255725593985,0.9674179177772864,0.9930242688930326,0.18714239608850888,0.01769203716875461,10.577775431029254,0.96740891851096,0.9674091131718852,25.85777848923735,2.776721825635215,9.31234027496507,0.9497687155847432,0.949759627050682,25.857778488743516,2.7767218256030435,9.312340274895117,0.9497687155812459,0.9497596270464614
0,8,129,144,0.00531113023214573,0.01541034359177891,0.34464710020995926,0.9674085117942381,0.9930146083814211,119575097.59011063,296207240.6202174,0.40368728779126656,0.9572565525465561,0.9908475848393665,1.3001142912759363,2.7772718631741085,0.46812640437369796,0.949734627545678,0.9497439269634946,1.30015977981469,2.7773239388391997,0.4681340054117346,0.9497336390094905,0.9497419779794074,0.760319610144668,0.07189948092278578,10.57475798693442,0.9674085117942381,0.9930146083814211,13064868178.667149,1383341817.7135696,9.444425095354356,0.9572565525465561,0.9908475848393665,25.86979468792854,2.777785771442018,9.31309928717033,0.949734627545678,0.9497439269634946,25.86969656867847,2.777784761208339,9.313067351346952,0.9497336390094905,0.9497419779794074,296248077.40518403,296224299.6226626,3.5740281527133284e-05,2.429374580970034e-05,6539.916579748838,6542.922042138637,5.939303502849259,5.942397737591889,6.047334677009995,7.824722755991718,9338.82189828633,9343.582008990203,0.72521825200407,0.42068427196438907,0.001775442742518562,0.0010290438644574137,0.0029008335775321846,0.0016825307162831678,7.583740709827832e-07,2.5495638530957987e-07,0.001272021507803256,0.0001654006981570684,True,True,True,0.0002860581735149026,413.0585021972656,892.4237861633301,634.4637222290039,1371.2628326416016,1813.6190719604492,3927.8046875,0.005311129611042546,0.01541034178948088,0.34464710021343786,0.9674085117939688,0.9930146083814446,0.006103801564876268,0.017691961896869578,0.34500422284745463,0.9673797663173851,0.9673799169549435,1.3001141676537449,2.777271599431977,0.4681264043169747,0.9497346275514026,0.9497439269671792,1.300114167719788,2.777271599369572,0.4681264043512734,0.9497346275481952,0.9497439269651987,0.7603195212326437,0.07189947251470538,10.574757986953768,0.9674085117939688,0.9930146083814446,0.1871179039135306,0.017692043597272947,10.576387226536845,0.9673797663173851,0.9673799169549435,25.869792229979417,2.7777855075383826,9.313099287102519,0.9497346275514026,0.9497439269671792,25.869792230274047,2.777785507543748,9.313099287190596,0.9497346275481952,0.9497439269651987
0,9,145,160,0.0053150625805705185,0.015408018308274644,0.344954326651867,0.9673799294383857,0.9930076315615541,144424689.53522524,353980853.9372742,0.4080014156946959,0.9565001054739425,0.9906706672648664,1.3002170242957367,2.777792583149202,0.4680756339343638,0.9497314260473095,0.9497191220904337,1.3002453647818202,2.7778352072666808,0.4680786539750242,0.9497309906498,0.949718327437251,0.7601233583955554,0.07187988574330308,10.574910498746512,0.9673799294383857,0.9930076315615541,15480709460.745558,1650507088.52167,9.37936563157166,0.9565001054739425,0.9906706672648664,25.859075623824,2.7771128448157856,9.311496172039531,0.9497314260473095,0.9497191220904337,25.859230580668942,2.7771356219931014,9.31147559949205,0.9497309906498,0.949718327437251,354030436.4238293,354004564.6770764,2.9661668996830074e-05,2.4278795535792597e-05,6534.236755133084,6536.944401092293,5.890858185006481,5.893643541120347,6.0005315427193535,7.784543761919516,9335.506238197882,9336.96278835536,0.6573555680246764,0.394789328965517,0.0016100889229731141,0.0009664086023572413,0.00262873481825104,0.0015780627057126711,6.224953981062769e-07,2.2450597791602882e-07,0.0011526677031372071,0.0001551623902776203,True,True,True,0.0002405359991826117,465.03629875183105,1004.5329360961914,706.1624412536621,1525.3526763916016,2025.5527114868164,4376.709930419922,0.005315061959026709,0.015408016506234606,0.3449543266569097,0.967379929437836,0.9930076315615526,0.006103642181442702,0.017691984060346458,0.3449947818528148,0.9673775347456415,0.9673776532764367,1.3002169008053708,2.7777923192965974,0.4680756339389031,0.9497314260469585,0.9497191220898302,1.3002169007523665,2.777792319251372,0.46807563392744245,0.9497314260479576,0.9497191220918588,0.7601232695064984,0.07187987733780786,10.574910498722899,0.967379929437836,0.9930076315615526,0.18710003400932496,0.017692048342813786,10.575374336760834,0.9673775347456415,0.9673776532764367,25.859073167503112,2.777112581013811,9.311496172064805,0.9497314260469585,0.9497191220898302,25.859073167492248,2.777112581025445,9.311496172021885,0.9497314260479576,0.9497191220918588
0,10,161,176,0.005313010204670578,0.015401463240824123,0.34496788529725975,0.967388848638495,0.9930181248694429,167252938.91173998,408768117.44235206,0.40916336616034493,0.9563394588023205,0.9906579315717216,1.3016225131570236,2.77733706016027,0.46865846131110633,0.9496859285150259,0.9496927910645466,1.3016457696612669,2.777344519819366,0.46866557619071464,0.9496850650176383,0.9496915489907733,0.7609718170721008,0.0719376155464259,10.578218520198206,0.967388848638495,0.9930181248694429,17903202079.473743,1910394616.4499042,9.371468033522495,0.9563394588023205,0.9906579315717216,25.873478984434797,2.777715924611595,9.31465984522973,0.9496859285150259,0.9496927910645466,25.873302468059343,2.777702476124759,9.31464139534333,0.9496850650176383,0.9496915489907733,408825836.80522573,408798265.3708413,2.520063216561994e-05,2.4260956706712022e-05,6521.586644939963,6524.087073910883,5.839868036897515,5.8424327295110885,5.9508916619865895,7.747740597007875,9326.51489406249,9329.069146142081,0.6088992680149755,0.37666120208573073,0.0014941447438086592,0.0009238057057785787,0.0024363557633061165,0.001506600004640212,5.340916272679882e-07,2.0430041805863737e-07,0.0010677370287382828,0.00014809555920968845,True,True,True,0.00020973716164007783,513.391191482544,1109.5148391723633,759.7297134399414,1641.843864440918,2342.1531372070312,5054.471130371094,0.005313009583192704,0.015401461439713073,0.3449678852873643,0.9673888486393105,0.9930181248695765,0.006103775758333611,0.017691998955767677,0.3450020415213596,0.9673848978966224,0.9673849948382419,1.301622389605212,2.7773367962682847,0.4686584613555374,0.9496859285115399,0.9496927910628752,1.301622389483328,2.777336796314053,0.46865846130392913,0.9496859285161668,0.9496927910660593,0.7609717280736336,0.07193760713332031,10.57821852015931,0.9673888486393105,0.9930181248695765,0.18714624535734986,0.01769205154171769,10.5779844081994,0.9673848978966224,0.9673849948382419,25.87347652762873,2.7777156607837825,9.31465984546743,0.9496859285115399,0.9496927910628752,25.87347652684352,2.7777156607499203,9.3146598452983,0.9496859285161668,0.9496927910660593
0,11,177,192,0.005315482881052627,0.015404343094679659,0.34506391141654624,0.9673828762877741,0.9930150740601512,187418888.1274656,455380648.1449767,0.41156533307010057,0.9559277249590332,0.9905746988383075,1.300301933214688,2.777254511627356,0.46819689292817634,0.9497366351240066,0.949754355667399,1.3003352346075105,2.7772906352894533,0.4682027937893463,0.9497359070963841,0.9497530040497139,0.7609934488679361,0.07193281199422669,10.579225638072,0.9673828762877741,0.9930150740601512,19884657785.705235,2129338981.225212,9.338418148088236,0.9559277249590332,0.9905746988383075,25.87889856894539,2.778233988748977,9.314873647701111,0.9497366351240066,0.949754355667399,25.878865194131183,2.778235631253422,9.314856127756068,0.9497359070963841,0.9497530040497139,455444622.93559253,455415239.6143514,2.2578822222398937e-05,2.4261302314698696e-05,6523.967197299099,6526.295820113216,5.825527141764383,5.827903152774462,5.935802159593568,7.740006637919829,9327.650734338247,9333.68080458996,0.5759020132536417,0.3642097340606662,0.0014127872715719524,0.0008929885972196276,0.0023035693749388834,0.0014563916543941897,4.778692766861707e-07,1.909898789244571e-07,0.0010100517726281265,0.00014314479858557798,True,True,True,0.00021967657085042447,556.2050094604492,1201.854507446289,815.6966934204102,1762.5055618286133,2277.830352783203,4939.936584472656,0.005315482259370268,0.01540434129313137,0.34506391141440007,0.967382876287872,0.993015074060101,0.0061056000356491955,0.017692008713465726,0.3451049643109268,0.9673729697247863,0.9673730526303664,1.300301809778918,2.777254247824166,0.46819689295556455,0.949736635121512,0.9497543556651459,1.300301809724812,2.777254247768302,0.46819689294550043,0.9497366351222399,0.9497543556668421,0.7609933598590439,0.07193280358090358,10.57922563803796,0.967382876287872,0.993015074060101,0.18713365876612115,0.01769205366913473,10.577271709987603,0.9673729697247863,0.9673730526303664,25.87889611113878,2.7782337248660594,9.31487364778369,0.949736635121512,0.9497543556651459,25.878896110935578,2.778233724863727,9.31487364771837,0.9497366351222399,0.9497543556668421
0,12,193,208,0.005312517291487695,0.015406298670428916,0.34482761921814625,0.9673894907126612,0.9930116682765586,204235342.3778473,495558975.2982405,0.4121312549226519,0.9556415750645559,0.9904995835680919,1.299744956633336,2.7772326756836794,0.46800002319336603,0.9497322014891426,0.9497404872399151,1.2997816652471055,2.7772763634726134,0.46800587883227507,0.9497314242425349,0.9497388817263218,0.7601982134974504,0.07189230073184462,10.574125542774867,0.9673894907126612,0.9930116682765586,21497514750.185314,2313816006.3197985,9.2909352737938,0.9556415750645559,0.9904995835680919,25.860675626476954,2.7776905284666458,9.310135654583771,0.9497322014891426,0.9497404872399151,25.860579905318232,2.777688441320534,9.310108189464158,0.9497314242425349,0.9497388817263218,495629644.0029649,495598649.26688474,1.9900492555601045e-05,2.4281171135953628e-05,6516.250314710652,6518.420916013106,5.786361924229144,5.788571168515544,5.89746413409778,7.706344017576902,9322.17242294569,9325.176956089499,0.5431883216161297,0.35243204942411444,0.0013338254463108597,0.000865088968501838,0.0021717254087609025,0.0014096950798259578,4.249417579144648e-07,1.788455143879307e-07,0.0009524445775446703,0.00013860409406626093,True,True,True,0.000219014982576482,602.2024917602539,1300.8720245361328,870.7101745605469,1881.1767349243164,2294.208511352539,4954.108245849609,0.005312516670717322,0.015406296869090511,0.3448276192428673,0.9673894907101993,0.9930116682758466,0.006101735710150257,0.017692017398389777,0.34488637291898666,0.9673825911161174,0.9673826613985929,1.2997448332641237,2.777232411860398,0.46800002322940537,0.9497322014852512,0.9497404872371183,1.2997448331700319,2.777232411836648,0.4680000231995278,0.9497322014879853,0.9497404872394712,0.7601981245904438,0.07189229232414084,10.574125542734649,0.9673894907101993,0.9930116682758466,0.18707031204216698,0.017692055520408048,10.57369008515594,0.9673825911161174,0.9673826613985929,25.860673170393927,2.7776902646603405,9.310135654579977,0.9497322014852512,0.9497404872371183,25.860673169732475,2.777690264615543,9.310135654491997,0.9497322014879853,0.9497404872394712
0,13,209,224,0.0053234285932662875,0.015405022516270156,0.34556447987296995,0.9673157811955035,0.992995431069442,234626617.26520693,559253959.2430398,0.4195350133645513,0.9543523693086686,0.990217122892103,1.30281680215916,2.7781323239483546,0.4689541930485019,0.9496291516748594,0.9496154679255886,1.3028481404885293,2.7781518754671213,0.4689621730163572,0.9496282074454923,0.9496140354492794,0.7599937478011473,0.07188181479853814,10.572823598446533,0.9673157811955035,0.992995431069442,23983396160.196053,2609520482.842802,9.1907292231976,0.9543523693086686,0.990217122892103,25.857475469556178,2.7773778212349804,9.310031667948753,0.9496291516748594,0.9496154679255886,25.857362305271103,2.7773704682199076,9.310015570894937,0.9496282074454923,0.9496140354492794,559332464.9045352,559299925.3034805,1.7585937828456293e-05,2.4249668058473617e-05,6503.7248655261355,6505.757044572518,5.737038139880204,5.739098721578773,5.849217350559256,7.6692847312969095,9314.056032161818,9315.93382345546,0.5090946802240526,0.3401511557122228,0.0012528577329512173,0.0008366306457818859,0.0020353294790695425,0.0013601138638863926,3.7335817066024803e-07,1.666418742639522e-07,0.0008915748895355357,0.00013373748797530747,True,True,True,0.00018657237524166703,661.7797737121582,1429.5893630981445,946.3702545166016,2044.4696044921875,2474.152618408203,5343.873748779297,0.0053234279707900225,0.015405020714543735,0.3455644798818235,0.9673157811946866,0.9929954310691101,0.006113653953696455,0.017692025544517903,0.3455598647149166,0.9673171096785795,0.9673171681974446,1.302816678395154,2.7781320600497033,0.4689541930457566,0.9496291516753856,0.9496154679272644,1.3028166784344952,2.7781320600436836,0.4689541930609338,0.9496291516733975,0.949615467924284,0.7599936588979698,0.0718818063898426,10.572823598453171,0.9673157811946866,0.9929954310691101,0.1870601051533868,0.01769205722222759,10.573112148787988,0.9673171096785795,0.9673171681974446,25.8574730140273,2.7773775574713655,9.3100316679915,0.9496291516753856,0.9496154679272644,25.857473013278547,2.7773775574106785,9.31003166792534,0.9496291516733975,0.949615467924284
0,14,225,240,0.0053123395532092225,0.01541297543174209,0.34466671128721715,0.9673995816067346,0.993010151396914,274656467.67291975,654897815.0783038,0.41938827913188265,0.9542928899096439,0.9901934715164113,1.2997500180496713,2.7771315886089867,0.4680188808412538,0.9497354355753206,0.9497350824554586,1.299779302642074,2.7771602546063074,0.46802459472268804,0.9497347233962219,0.9497339887420232,0.7600078134544662,0.07188559814272175,10.572462817177174,0.9673995816067346,0.993010151396914,28007512355.933174,3052403975.76082,9.175558863879486,0.9542928899096439,0.9901934715164113,25.857995626828963,2.77711207877248,9.31110984842158,0.9497354355753206,0.9497350824554586,25.858015587735938,2.777119665500659,9.311091599315096,0.9497347233962219,0.9497339887420232,654991067.1584876,654956475.8599231,1.596199732418297e-05,2.4203371140174568e-05,6497.166187044016,6499.069617393418,5.711090873666718,5.713015609786229,5.823779059081477,7.649185948536529,9308.441643349006,9310.595089379847,0.4831698786372979,0.33070425406304016,0.0011900771470892853,0.0008141958648384167,0.0019326225019905376,0.0013228361500011324,3.3631866966417264e-07,1.5751430866651135e-07,0.0008475829807798116,0.0001300703960204908,True,True,True,0.00018691814329940826,713.8415908813477,1542.0518798828125,1030.86474609375,2228.374542236328,2760.999984741211,5963.266998291016,0.0053123389321331725,0.015412973629379214,0.3446667112961989,0.9673995816061373,0.9930101513967847,0.006101087988077554,0.017692031273847948,0.344849491482421,0.9673903860890738,0.9673904363322788,1.2997498946272557,2.7771313247651275,0.4680188808633961,0.9497354355731761,0.9497350824537627,1.299749894582728,2.777131324789862,0.46801888084319404,0.9497354355752581,0.9497350824559706,0.7600077245864105,0.07188558973655038,10.572462817258952,0.9673995816061373,0.9930101513967847,0.18709505132436832,0.017692058532855874,10.575086611708558,0.9673903860890738,0.9673904363322788,25.857993170517997,2.7771118149552585,9.311109848464849,0.9497354355731761,0.9497350824537627,25.857993170768008,2.7771118149869505,9.311109848448616,0.9497354355752581,0.9497350824559706
0,15,241,256,0.005319777952297152,0.015406465434534977,0.3452951603274552,0.967351199989919,0.9930048325461495,302982103.79007727,717419256.4060078,0.4223222349897605,0.9536102209426066,0.9900444584388713,1.3017479543044475,2.777578144416314,0.46866294542290887,0.9496687696091293,0.9496625438542668,1.3017673103779603,2.777606588732657,0.4686651146561111,0.9496684984594157,0.9496619417299428,0.7604932958922724,0.0719071576417341,10.576044455564613,0.967351199989919,0.9930048325461495,30433513026.86223,3342954332.704441,9.10377767626924,0.9536102209426066,0.9900444584388713,25.860423906518587,2.77723461254239,9.311573386608824,0.9496687696091293,0.9496625438542668,25.86049909581625,2.7772447945830545,9.31156632150558,0.9496684984594157,0.9496619417299428,717521891.3827196,717485869.5979202,1.494158104958028e-05,2.421846511424519e-05,6496.748891398016,6498.56733321787,5.671037001899925,5.67285613959653,5.785185531787316,7.62104454886068,9309.39888281886,9311.797837009974,0.4682901649900036,0.32553336082817075,0.0011533909859010995,0.0008015085155857406,0.0018716733561824636,0.0013014940794578958,3.158123146844404e-07,1.5261329026449073e-07,0.0008202257167098377,0.00012796575106522752,True,True,True,0.00017395458417013288,748.3175201416016,1616.9114532470703,1094.8736114501953,2365.880355834961,2821.395492553711,6077.330108642578,0.005319777329797121,0.015406463632923022,0.345295160300704,0.9673511999922487,0.9930048325464259,0.006108471203307339,0.017692034407237593,0.34526674901832877,0.9673555317700182,0.9673555774503979,1.3017478306244512,2.7775778805226463,0.46866294542189624,0.9496687696089455,0.9496625438558366,1.3017478306315107,2.7775778805410045,0.46866294542134024,0.9496687696092019,0.9496625438550518,0.7604932069323128,0.07190714923071537,10.576044455499924,0.9673511999922487,0.9930048325464259,0.18712143533939782,0.017692059164264605,10.57657752565942,0.9673555317700182,0.9673555774503979,25.860421450307776,2.777234348778101,9.311573386554713,0.9496687696089455,0.9496625438558366,25.86042145004485,2.7772343487390185,9.311573386591078,0.9496687696092019,0.9496625438550518
0,16,257,272,0.005313563616777056,0.015403878732033192,0.3449497174842863,0.9673926486063095,0.9930176455875106,329784917.07149255,781967970.2756596,0.4217371166177519,0.9537975716628065,0.9901034367706727,1.3003414916769251,2.7776605113839246,0.4681427000699416,0.949727846490075,0.9497317277235288,1.300351031251484,2.777674733075127,0.4681437375541386,0.9497276568353471,0.9497312353602414,0.7609988412035665,0.07193557602042784,10.578894106407969,0.9673926486063095,0.9930176455875106,33323175877.279575,3650642982.967883,9.128029235602943,0.9537975716628065,0.9901034367706727,25.868036293850658,2.7778749756654992,9.312167221511983,0.949727846490075,0.9497317277235288,25.867972697761726,2.777872469746238,9.312152728208146,0.9497276568353471,0.9497312353602414,782082329.8149711,782045063.045029,1.3896818571467081e-05,2.419026532152202e-05,6489.338402646958,6491.086693852452,5.660273332315825,5.662039208379179,5.774408533375665,7.614866835228286,9303.848754067483,9308.458862974447,0.4526137678454676,0.31997655096779004,0.0011159914770872232,0.0007887235231553246,0.0018104180374794558,0.001279426885296656,2.9498219751694547e-07,1.4740998665276911e-07,0.0007938136618828269,0.00012577788276793702,True,True,True,0.00015228324627969414,789.3867301940918,1705.8893127441406,1143.5605087280273,2471.325653076172,3162.7718963623047,6829.617126464844,0.005313562995734019,0.015403876930911936,0.3449497175007257,0.9673926486045927,0.9930176455870644,0.0061069120580195665,0.01769203769538564,0.34517855790078633,0.9673687093725498,0.9673687505087428,1.3003413682319476,2.777660247560872,0.46814270009221165,0.9497278464872123,0.9497317277200421,1.300341368167427,2.7776602475264554,0.46814270007478376,0.9497278464892394,0.9497317277232529,0.760998752210296,0.07193556760844538,10.57889410635516,0.9673926486045927,0.9930176455870644,0.18714919450619788,0.017692059998640586,10.578146045207735,0.9673687093725498,0.9673687505087428,25.868033836332952,2.7778747117875877,9.312167221424698,0.9497278464872123,0.9497317277200421,25.86803383670166,2.777874711818588,9.312167221453507,0.9497278464892394,0.9497317277232529
0,17,273,288,0.005320182164112364,0.015407228182767393,0.3453043013968507,0.9673400784163546,0.9930014705292568,343569866.057948,807061380.1482073,0.42570475370145383,0.9531992693948553,0.9899711432862867,1.3011235493886242,2.7776912150878537,0.468419074921354,0.9496738027176086,0.9496620161875132,1.3011301623170957,2.777690839144093,0.4684215190478221,0.9496733696032739,0.9496618749358802,0.7601857199220109,0.07190065661280608,10.57272291706187,0.9673400784163546,0.9930014705292568,34258128903.98104,3766238097.9563394,9.096113419534046,0.9531992693948553,0.9899711432862867,25.84774857561674,2.7770408246943026,9.307658838059059,0.9496738027176086,0.9496620161875132,25.847807415547113,2.7770565558393825,9.30762730099836,0.9496733696032739,0.9496618749358802,807176016.8672194,807137912.2652608,1.3494164101628021e-05,2.419231714156922e-05,6495.67323952294,6497.381161580428,5.675018029041329,5.676738794599866,5.788253154287801,7.622629606016618,9308.167634155285,9310.676722936594,0.44501725726986674,0.3173685226183119,0.001096234317338149,0.0007815432050796851,0.0017792928998874575,0.0012701392351694857,2.851841012728398e-07,1.4506160083721857e-07,0.0007799326075201596,0.00012491353000348174,True,True,True,0.00015671616711188108,809.8811912536621,1749.4209671020508,1173.4193801879883,2535.1203002929688,3001.005096435547,6500.300964355469,0.005320181542587798,0.015407226380905834,0.3453043014400759,0.9673400784124131,0.9930014705284017,0.006105741200282125,0.017692039194660288,0.34511234872941754,0.9673574523335153,0.9673574910431547,1.3011234259621856,2.7776909512066443,0.46841907498635527,0.9496738027104694,0.9496620161818334,1.301123425825425,2.777690951232593,0.46841907493274404,0.9496738027162852,0.9496620161855546,0.7601856310212526,0.07190064820398118,10.572722917109399,0.9673400784124131,0.9930014705284017,0.18704877153757285,0.017692060175046886,10.572469779488365,0.9673574523335153,0.9673574910431547,25.847746120745906,2.7770405609554834,9.307658838030292,0.9496738027104694,0.9496620161818334,25.847746119939814,2.777040560865795,9.307658838040625,0.9496738027162852,0.9496620161855546
0,18,289,304,0.005312442234781301,0.01540481558733085,0.34485594486118565,0.9673906845911879,0.9930117369748133,382990555.8752385,906175495.3256805,0.42264501506696694,0.9536343686429304,0.9900854908378939,1.2999204873886459,2.7774110133590564,0.46803317230909086,0.9497414297815047,0.9497407010448371,1.2999207485119748,2.7774060689243574,0.4680340995349709,0.9497412151540753,0.9497403694189963,0.7601949462455057,0.07188345494314458,10.575381314751406,0.9673906845911879,0.9930117369748133,38629300716.07102,4237768937.837693,9.115480641514516,0.9536343686429304,0.9900854908378939,25.86427814180866,2.7773707421796257,9.31250471858535,0.9497414297815047,0.9497407010448371,25.864112678203785,2.777359332613053,9.312483399067334,0.9497412151540753,0.9497403694189963,906304269.651659,906264282.5754135,1.2853893207084372e-05,2.421001045149751e-05,6493.882660728765,6495.520426637397,5.646558137809435,5.648203668405892,5.760860325013681,7.60190848306384,9306.752687895705,9308.912728553292,0.43384549010359674,0.31346485008589786,0.0010689731231649517,0.0007721442671741219,0.0017343174002528224,0.0012538061319667985,2.710558471821555e-07,1.4149739852287844e-07,0.0007605716755560818,0.00012326835545613452,True,True,True,0.00013563953689299524,844.2487182617188,1823.7830123901367,1222.035774230957,2640.333282470703,3503.3426818847656,7571.833709716797,0.00531244161344409,0.015404813785921657,0.3448559448540099,0.9673906845921505,0.9930117369748613,0.006101760957941981,0.017692041288842383,0.344887334272168,0.9673858551732586,0.9673858908160347,1.2999203640067318,2.7774107495154428,0.46803317234712966,0.9497414297770997,0.9497407010425657,1.2999203638155297,2.777410749487504,0.46803317228299585,0.9497414297841067,0.9497407010486395,0.7601948573391984,0.07188344653560579,10.575381314843519,0.9673906845921505,0.9930117369748613,0.18708960970002222,0.017692060623832113,10.574777787501073,0.9673858551732586,0.9673858908160347,25.86427568573254,2.777370478457736,9.312504718526021,0.9497414297770997,0.9497407010425657,25.864275685053933,2.777370478378229,9.312504718548274,0.9497414297841067,0.9497407010486395
0,19,305,320,0.005316840983403235,0.015407576918803154,0.3450796326653187,0.9673616138760697,0.9930026633337474,417543805.5905841,975051740.3374046,0.4282273322706939,0.9526685574623817,0.98985897678468,1.300710889167958,2.7779172875191187,0.4682324038271085,0.9497023277621653,0.9496965805111786,1.3007147261338987,2.7779247252254993,0.4682325314010489,0.9497022235907452,0.949696399730459,0.759837812155849,0.07186712154860087,10.572815437473741,0.9673616138760697,0.9930026633337474,41173735305.112335,4550882533.1614685,9.047417727240084,0.9526685574623817,0.98985897678468,25.857305574564464,2.777599905757914,9.309226113149968,0.9497023277621653,0.9496965805111786,25.857288924933833,2.777603113146081,9.309209369241492,0.9497022235907452,0.949696399730459,975192929.5122845,975151833.6837103,1.2717915596653239e-05,2.42377063841559e-05,6502.725823749424,6504.337291379773,5.6029928075179125,5.604581188687496,5.717989763346561,7.568261292312446,9313.93545014941,9314.991490010489,0.43261377036983933,0.31283639330266616,0.0010645369994221597,0.0007695569152371768,0.0017312666908527092,0.001251502392553762,2.6949349360401346e-07,1.4092025315576252e-07,0.0007590020504398389,0.0001230580969083117,True,True,True,0.00013288405898492783,848.8328857421875,1833.345085144043,1264.3441619873047,2730.9771728515625,3569.5859985351562,7704.089630126953,0.0053168403615241455,0.01540757511691291,0.3450796326599015,0.9673616138767277,0.9930026633340784,0.006104927747369967,0.01769204147502747,0.3450663257819707,0.9673636723740721,0.9673637077835411,1.3007107655951087,2.777917023677065,0.46823240381506703,0.9497023277630816,0.9496965805110182,1.3007107656188102,2.777917023600419,0.46823240383651826,0.9497023277607404,0.9496965805104535,0.7598377233181028,0.07186711314581211,10.572815437520891,0.9673616138767277,0.9930026633340784,0.18705947682044496,0.01769206067040025,10.573074573127895,0.9673636723740721,0.9673637077835411,25.8573031179324,2.7775996418865554,9.309226113080152,0.9497023277630816,0.9496965805110182,25.857303118113233,2.7775996419080227,9.309226113073308,0.9497023277607404,0.9496965805104535
0,20,321,336,0.005316999023859195,0.015407944351823962,0.3450816606324113,0.9673749282504736,0.9930112418663796,453321022.8449769,1066254047.6322026,0.42515292096818097,0.9530535394334507,0.9899144768314969,1.300402061762222,2.777269701563132,0.4682303850541833,0.9497255143424844,0.9497351011963211,1.3004059429943853,2.777255329683961,0.46823420558251866,0.9497250068306924,0.9497350980062441,0.7607931083322222,0.07192769879568817,10.577192390003576,0.9673749282504736,0.9930112418663796,44947695352.15477,4963238174.635821,9.056122992818658,0.9530535394334507,0.9899144768314969,25.87097741589496,2.7777994008031106,9.31347937090605,0.9497255143424844,0.9497351011963211,25.871052989537862,2.777812891122904,9.3134613465919,0.9497250068306924,0.9497350980062441,1066408391.3350551,1066365774.6989734,1.2025152496857384e-05,2.4217722966568545e-05,6493.636157977416,6495.178417732983,5.612310033458335,5.613853212725844,5.726591168193837,7.577166711185766,9306.359892038023,9309.397208758322,0.4197031652699595,0.3082024546858336,0.001034366368809675,0.0007592533082699022,0.0016794108442104148,0.0012334783748737636,2.537837411099107e-07,1.3677550568870858e-07,0.0007363554147013228,0.00012125355809463092,True,True,True,0.00014038465451449156,896.3295402526855,1936.6700897216797,1336.0319366455078,2886.3779296875,3616.8623657226562,7812.925842285156,0.005316998402035283,0.015407942549750114,0.34508166063492457,0.9673749282500874,0.9930112418663672,0.006105695535545997,0.017692043915220133,0.34510967555836675,0.9673738801620948,0.9673739120448096,1.3004019381663763,2.777269437723879,0.4682303850331948,0.9497255143442722,0.9497351012007987,1.3004019381984253,2.777269437749367,0.46823038504043746,0.9497255143436254,0.9497351011977123,0.7607930193559991,0.07192769038393237,10.57719238995542,0.9673749282500874,0.9930112418663672,0.18714151521726194,0.017692061204157433,10.577711271611802,0.9673738801620948,0.9673739120448096,25.87097495930977,2.777799137062204,9.31347937081976,0.9497255143442722,0.9497351012007987,25.87097495835884,2.7777991369528716,9.313479370844002,0.9497255143436254,0.9497351011977123
0,21,337,352,0.005315215401313903,0.015406696952186548,0.344993830787303,0.9673770621170198,0.993012026411669,470385903.34733385,1103784393.2873425,0.4261574146255216,0.9529050914747624,0.9898777477652969,1.301467357844955,2.7777335029961856,0.46853571677813405,0.9496822011112667,0.9496770572955868,1.301472696462708,2.7777396623490502,0.46853659977698986,0.9496819133856444,0.9496764130331316,0.760623281431631,0.07192524575255645,10.575191971514343,0.9673770621170198,0.993012026411669,46470478352.1069,5135480111.356579,9.048906303685664,0.9529050914747624,0.9898777477652969,25.86230629415916,2.7774495738700438,9.311530454942925,0.9496822011112667,0.9496770572955868,25.862081280485015,2.7774360562618705,9.311494758692154,0.9496819133856444,0.9496764130331316,1103945245.6108289,1103901705.2977505,1.1598259260566798e-05,2.4214352379203774e-05,6488.763124135271,6490.26298917855,5.592464465062217,5.593952846792019,5.7078199181782345,7.5585016858208105,9303.923677159342,9303.263243181107,0.41216169959528137,0.30563257467552646,0.0010164272148187826,0.0007534718764393696,0.0016483592678747834,0.0012226334582184568,2.446480302643139e-07,1.3451506108443266e-07,0.0007224442650003031,0.00012020832469660527,True,True,True,0.00013442411727737635,926.7780494689941,2002.4119491577148,1377.0956115722656,2974.2710571289062,3612.134231567383,7756.623626708984,0.005315214779811683,0.015406695150081607,0.3449938308011195,0.9673770621154791,0.9930120264115561,0.006105362243780395,0.01769204544582311,0.34509080719221197,0.9673665017806695,0.9673665312842089,1.3014672340466173,2.7777332392114005,0.4685357167040649,0.949682201119259,0.9496770573026128,1.301467234169579,2.7777332391180662,0.468535716764075,0.949682201112842,0.9496770572980006,0.7606231924805047,0.07192523734177145,10.575191971438427,0.9673770621154791,0.9930120264115561,0.18708897595143048,0.017692061440995565,10.574741478000579,0.9673665017806695,0.9673665312842089,25.86230383769248,2.7774493100588336,9.311530454949922,0.949682201119259,0.9496770573026128,25.862303837765587,2.77744931006516,9.311530454955035,0.949682201112842,0.9496770572980006
0,22,353,368,0.005317631281520268,0.015405127299787606,0.34518580587085335,0.9673534296268973,0.9930028225421206,503432459.1621499,1184489673.5300474,0.4250205556134628,0.953259383728015,0.9899799076806716,1.30113278358621,2.776995696394539,0.46853971912002307,0.9496737920815767,0.9496860243290876,1.3011406960850371,2.776987844430517,0.46854389323114404,0.9496732367024383,0.9496855447493402,0.7599680461915572,0.07187534909991188,10.573417113218431,0.9673534296268973,0.9930028225421206,50242297487.72316,5525276169.542039,9.093173978285954,0.953259383728015,0.9899799076806716,25.860265785723293,2.77767083482759,9.310054114935632,0.9496737920815767,0.9496860243290876,25.860176555682244,2.777667158088291,9.310034314363396,0.9496732367024383,0.9496855447493402,1184662732.360801,1184618050.9005167,1.1365113498930688e-05,2.4199624022003263e-05,6491.335288074001,6492.818990284589,5.57857097103984,5.580047014555019,5.693715031692917,7.547765324621361,9304.17534534235,9305.22318441748,0.40933959612780996,0.304303848338777,0.001009005593302302,0.0007498949281662831,0.0016362574551905616,0.001217254212102101,2.413437511755758e-07,1.3333442330352504e-07,0.0007172317597985032,0.00011968384900303153,True,True,True,0.00011610683577600867,935.5818672180176,2020.9241104125977,1397.1338653564453,3017.6676330566406,3977.538345336914,8559.757507324219,0.00531763065962837,0.015405125498602422,0.3451858058612242,0.9673534296278113,0.9930028225421907,0.006106510609213289,0.017692045878464,0.34515570732532197,0.9673565351636123,0.967356564126373,1.301132660079127,2.7769954324842523,0.4685397191723705,0.949673792076324,0.9496860243270521,1.30113266005369,2.7769954325205415,0.4685397191570878,0.9496737920780265,0.9496860243270605,0.7599679573216506,0.07187534069487289,10.573417113219495,0.9673534296278113,0.9930028225421907,0.1870670303473423,0.01769206157566248,10.573500976543913,0.9673565351636123,0.967356564126373,25.8602633299499,2.777670571030684,9.31005411500406,0.949673792076324,0.9496860243270521,25.860263329448674,2.7776705709734784,9.310054115015351,0.9496737920780265,0.9496860243270605
0,23,369,384,0.005312319074115299,0.015403588461851142,0.3448754221960618,0.967382475758922,0.9930082888848528,486214212.85113835,1131354429.5190077,0.4297629462217698,0.95233269254108,0.9897824680268061,1.3002683705141458,2.7776594508788692,0.4681165540659538,0.9497171000199918,0.9497173576011175,1.3002774491355147,2.777664652402068,0.4681189458961726,0.949716751133234,0.949716829184997,0.7598024269919333,0.07186036605052762,10.573316958303396,0.967382475758922,0.9930082888848528,47586267811.71233,5278047534.216432,9.015884662504636,0.95233269254108,0.9897824680268061,25.85918934409552,2.77767367989736,9.309657045478094,0.9497171000199918,0.9497173576011175,25.85909814477236,2.7776689640160686,9.309640018220245,0.949716751133234,0.949716829184997,1131516274.0117223,1131471750.9798746,1.1116190115178869e-05,2.4196966478484683e-05,6491.419412227748,6492.87684215011,5.603591228831783,5.605053955345163,5.71871315170882,7.56858399478452,9305.636054754514,9306.722366048818,0.40460442052392825,0.3030133755726946,0.0009973222481378418,0.0007467068408604897,0.0016176674013681656,0.001212307266622267,2.3573555137694006e-07,1.3220531550591853e-07,0.0007093183952875536,0.0001191999368857083,True,True,True,0.0001421419729012996,950.1754379272461,2052.3487548828125,1413.1848220825195,3053.066207885742,3419.992630004883,7382.071502685547,0.005312318452803411,0.015403586660508641,0.34487542219131406,0.9673824757592078,0.9930082888849642,0.006104094077322372,0.017692046477185534,0.34501910704303196,0.9673688022969412,0.9673688305105634,1.3002682470628615,2.777659186948306,0.46811655410158864,0.9497171000152227,0.9497173575982507,1.3002682470130364,2.777659186980327,0.4681165540782544,0.9497171000183144,0.9497173576001703,0.7598023381399696,0.07186035764747302,10.573316958250459,0.9673824757592078,0.9930082888849642,0.18706329478317996,0.01769206177411556,10.573289714422298,0.9673688022969412,0.9673688305105634,25.859186887474014,2.777673416070524,9.309657045303796,0.9497171000152227,0.9497173575982507,25.859186887470333,2.777673416037794,9.309657045412168,0.9497171000183144,0.9497173576001703
0,24,385,400,0.005315502027427965,0.01540215041510571,0.34511427847210013,0.9673568839496511,0.9930046006927095,552133298.5029317,1279048930.1246433,0.4316748839695494,0.9520433865233272,0.9897464331451292,1.299635062138747,2.7776976071664365,0.4678821261125399,0.9497381844339668,0.9497340559740816,1.2996398586717668,2.7776991901226955,0.46788358627643895,0.9497379169401831,0.9497339230081739,0.7598568421802879,0.07187212070956958,10.572344807395046,0.9673568839496511,0.9930046006927095,53847924953.12525,5982196832.373668,9.001362954444781,0.9520433865233272,0.9897464331451292,25.85518062624309,2.777469468346667,9.308898233050172,0.9497381844339668,0.9497340559740816,25.85520765591287,2.7774784857755277,9.308877742285581,0.9497379169401831,0.9497339230081739,1279233147.542644,1279186378.5375915,1.033023837364846e-05,2.4177790692192502e-05,6483.892985147579,6485.275425372195,5.556103849418135,5.557464702700615,5.671307572715057,7.532554701555302,9300.350051171261,9301.150220951145,0.38976459386023127,0.2976156016037555,0.0009618397085738091,0.0007342611037178642,0.001558428072313363,0.0011899807587116517,2.187494044078773e-07,1.2754466725770298e-07,0.0006835106028090781,0.00011701348886284197,True,True,True,0.0001234146038768813,1028.0002059936523,2220.8804321289062,1511.6160888671875,3267.2867584228516,3859.805694580078,8351.621154785156,0.005315501405719976,0.015402148614023168,0.34511427846374504,0.967356883950539,0.9930046006930013,0.006103230675346144,0.01769204935085762,0.3449702493086416,0.9673752971051979,0.9673753209629561,1.2996349386738317,2.7776973432717327,0.46788212611495195,0.9497381844343844,0.9497340559765781,1.2996349386694774,2.77769734329534,0.4678821261094078,0.9497381844343611,0.9497340559752299,0.7598567533381582,0.07187211230609775,10.572344807426658,0.967356883950539,0.9930046006930013,0.1870740450324796,0.017692062288690216,10.573897038112289,0.9673752971051979,0.9673753209629561,25.855178171293396,2.777469204588515,9.308898233175503,0.9497381844343844,0.9497340559765781,25.855178170513263,2.7774692045389124,9.30889823306087,0.9497381844343611,0.9497340559752299
0,25,401,416,0.005320075526176945,0.015406290838990845,0.34531838855804864,0.9673495420405605,0.9930059229435512,594838771.7717769,1381112373.889077,0.43069541843055775,0.9522910933164181,0.9897882521432487,1.3008424744337765,2.777127855623096,0.4684128862846001,0.9496912632223894,0.9497025057748791,1.3008667936366418,2.777166142608794,0.46841518542158345,0.9496909512397185,0.9497017726496585,0.7606544056119027,0.07192120522686542,10.576218838554281,0.9673495420405605,0.9930059229435512,58250436665.30748,6452505711.042577,9.027568401159236,0.9522910933164181,0.9897882521432487,25.86296781727304,2.7777486023654254,9.310766206577917,0.9496912632223894,0.9497025057748791,25.86307435003096,2.777763635897999,9.310754167774938,0.9496909512397185,0.9497017726496585,1381313410.9455423,1381265517.1453235,1.0320548015696774e-05,2.4189799660234712e-05,6488.758358117753,6490.125183486662,5.533672187336385,5.535019360357382,5.650404342477886,7.515043027299791,9303.642975017432,9303.373893780356,0.38958368824249584,0.29727648773138876,0.0009607241432506658,0.0007328850277842219,0.0015586347291204575,0.0011887750033550322,2.1861170678962809e-07,1.2724408794128796e-07,0.0006832787891671314,0.00011687714508009712,True,True,True,0.00011396082118153572,1034.9630546569824,2236.255157470703,1543.7459716796875,3336.206100463867,4277.990585327148,9269.449768066406,0.005320074904189101,0.015406289037157647,0.34531838857221764,0.9673495420390879,0.9930059229432154,0.006109288741239346,0.01769204954641722,0.345312662911716,0.9673507699990754,0.9673507938065679,1.300842351000558,2.7771275918134792,0.4684128863345097,0.9496912632163425,0.9497025057696822,1.300842350846724,2.7771275917673037,0.46841288628690486,0.949691263222177,0.9497025057756793,0.7606543166447385,0.07192119681515716,10.576218838511222,0.9673495420390879,0.9930059229432154,0.18711905903759188,0.017692062447292444,10.576441248444056,0.9673507699990754,0.9673507938065679,25.86296536053775,2.7777483385437063,9.310766206450856,0.9496912632163425,0.9497025057696822,25.862965360562963,2.7777483385065707,9.310766206584407,0.949691263222177,0.9497025057756793
0,26,417,432,0.00531548373587867,0.015404665134423765,0.3450567532299366,0.9673964186741081,0.9930268318153179,628067385.5720226,1455261616.1546428,0.43158383248753346,0.952185199248723,0.9897662213644637,1.30005564149394,2.777910844363017,0.4679976119939322,0.9497804510523433,0.9497613635349977,1.300070468125731,2.777939495777706,0.46799812238594707,0.949780270314144,0.9497607088006068,0.7622767148446495,0.07202569036146332,10.58340032589953,0.9673964186741081,0.9930268318153179,61371992490.73933,6799350141.87153,9.02615561931432,0.952185199248723,0.9897662213644637,25.877606021405395,2.7768554132216243,9.319032564026433,0.9497804510523433,0.9497613635349977,25.877563896471397,2.776857858283326,9.319009188489431,0.949780270314144,0.9497607088006068,1455475257.222128,1455426255.2278168,9.900926531209477e-06,2.4155984647222795e-05,6475.833553796617,6477.157825638876,5.539926751770524,5.541238093500249,5.655997128826912,7.5201948314962745,9294.916945120996,9293.09265318564,0.38208176838492675,0.29454916997690256,0.0009440395555940641,0.0007276051807550821,0.0015279728935552715,0.0011792349787821503,2.1018598953891276e-07,1.2495735264526362e-07,0.0006700422797944483,0.00011590673236342546,True,True,True,0.00011217984138056636,1083.1758651733398,2341.7039642333984,1604.0891876220703,3466.2982025146484,4320.099304199219,9355.493713378906,0.005315483114209392,0.015404663332632471,0.3450567532332458,0.9673964186735854,0.9930268318153708,0.006105188914263395,0.017692050976790507,0.3450809022804958,0.9673865408210656,0.9673865626618225,1.300055518028766,2.777910580539687,0.46799761199519746,0.9497804510517681,0.9497613635326126,1.3000555180282316,2.777910580497857,0.46799761200205214,0.9497804510514423,0.9497613635337521,0.7622766256987936,0.07202568193875011,10.583400325831358,0.9673964186735854,0.9930268318153708,0.1871985725073092,0.01769206282490645,10.580935324499055,0.9673865408210656,0.9673865626618225,25.87760356260272,2.7768551493985045,9.31903256394489,0.9497804510517681,0.9497613635326126,25.87760356317901,2.7768551494376914,9.319032564020915,0.9497804510514423,0.9497613635337521
0,27,433,448,0.0053205099596778105,0.015410088643607493,0.3452614766031795,0.9673682734754014,0.9930152941428224,626675622.8116597,1449704687.3244455,0.4322781241524737,0.9519056197943493,0.9897024519767812,1.3015166848464204,2.777565664342661,0.46858178784206617,0.9497080427512754,0.9497101192762017,1.3015364966478404,2.777588894614905,0.4685850016074068,0.9497075663464243,0.9497094866717833,0.7617371537858516,0.07199412668484503,10.580545787024588,0.9673682734754014,0.9930152941428224,60856780798.55914,6770800996.5951395,8.98812132112027,0.9519056197943493,0.9897024519767812,25.880289754406107,2.7776803531081495,9.317231093724214,0.9497080427512754,0.9497101192762017,25.880358153305714,2.777694955858637,9.317206736009505,0.9497075663464243,0.9497094866717833,1449915080.21922,1449866025.8882494,1.0125585451273088e-05,2.418439180473797e-05,6484.657435000004,6485.990794726793,5.521195469358807,5.522503333482243,5.637744827093209,7.508034463206982,9299.907914896536,9300.768763134061,0.3850959243660118,0.2956727810780511,0.0009502389241472386,0.0007293950894705617,0.0015393587900538559,0.0011823943020198423,2.135632729319719e-07,1.258777361178942e-07,0.0006746549092071558,0.00011621098745497601,True,True,True,0.00011940949480049312,1057.2769470214844,2284.760208129883,1599.432487487793,3455.1224670410156,4144.347366333008,8939.371459960938,0.005320509337570659,0.015410086841991837,0.34526147659807443,0.9673682734761186,0.9930152941426266,0.0061072490206840226,0.01769205017425964,0.3451973604262963,0.9673670904782912,0.967367113419565,1.3015165612644968,2.77756540056201,0.46858178784958554,0.9497080427506829,0.9497101192746296,1.3015165612131034,2.7775654004760124,0.4685817878455905,0.9497080427509077,0.9497101192760105,0.7617370646974443,0.07199411826430722,10.580545787100686,0.9673682734761186,0.9930152941426266,0.18715013168175057,0.017692062611963218,10.578197454218893,0.9673670904782912,0.967367113419565,25.88028729620557,2.7776800892624918,9.31723109376397,0.9497080427506829,0.9497101192746296,25.88028729589426,2.777680089240346,9.317231093726178,0.9497080427509077,0.9497101192760105
0,28,449,464,0.005316920790215378,0.01541103904972217,0.3450072881562928,0.9673887211583218,0.9930183760120993,674327932.8890374,1566250006.6405692,0.4305365874094361,0.9521492270738928,0.9897481498660654,1.3005754843902992,2.7774730662672056,0.46825854053670884,0.9497377441022595,0.9497357958931821,1.300593820747398,2.7774943819257683,0.4682615486860624,0.9497373584488665,0.949734998221618,0.7615593162034706,0.07198521326291066,10.5793854276994,0.9673887211583218,0.9930183760120993,65776218348.81782,7310511998.726231,8.997484493600249,0.9521492270738928,0.9897481498660654,25.874785197561486,2.7773654131503234,9.31630568849495,0.9497377441022595,0.9497357958931821,25.87473937595201,2.7773639627933537,9.316294055291301,0.9497373584488665,0.949734998221618,1566477123.1663287,1566426986.146489,9.88799385840098e-06,2.421727913315408e-05,6483.336434647591,6484.651464393422,5.510079859612007,5.511378532432688,5.626815363520344,7.49984158647602,9299.46854121269,9299.993996027943,0.38082452096118447,0.2942659698460414,0.0009399751623271939,0.000726083247454072,0.0015231117873138228,0.0011772599542840161,2.0889677686502896e-07,1.2470073485534376e-07,0.0006677762059543536,0.00011571892316164254,True,True,True,0.00010367206414230168,1078.108325958252,2329.9620971679688,1637.098747253418,3537.518798828125,4499.628265380859,9696.949890136719,0.005316920168614918,0.015411037247112236,0.34500728817660975,0.9673887211566906,0.9930183760120227,0.006104994105427407,0.0176920509133439,0.3450698924239941,0.9673817753038065,0.967381797168067,1.3005753608423942,2.7774728024079147,0.4682585405390352,0.9497377441026216,0.9497357958930391,1.3005753608309627,2.777472802433156,0.46825854053066396,0.9497377441032352,0.9497357958938792,0.7615592271613131,0.0719852048457002,10.579385427793255,0.9673887211566906,0.9930183760120227,0.1871652505468713,0.017692062772476994,10.579051914626858,0.9673817753038065,0.967381797168067,25.874782739517897,2.777365149273353,9.316305688608344,0.9497377441026216,0.9497357958930391,25.874782739722896,2.7773651493111027,9.316305688555527,0.9497377441032352,0.9497357958938792
0,29,465,480,0.005320702639429934,0.015410708369859,0.3452600952358828,0.9673526235837172,0.9930066496860573,671466267.3592733,1554604799.9011595,0.43192087622652686,0.951869209226402,0.989678074761127,1.3007203842642585,2.7773188479386826,0.4683367144646173,0.9497010112785678,0.9497068289652953,1.3007536071485815,2.777356698248153,0.46834229394051025,0.9497003089355621,0.9497055759235797,0.7608231249079682,0.0719425131598628,10.575431570167003,0.9673526235837172,0.9930066496860573,65052424990.494194,7249069977.554295,8.973899437020155,0.951869209226402,0.989678074761127,25.862763423024198,2.777640115631044,9.311056273086878,0.9497010112785678,0.9497068289652953,25.86277964277193,2.7776475516522576,9.31103718590492,0.9497003089355621,0.9497055759235797,1554828980.2057934,1554778872.7968283,9.767352819429327e-06,2.418102667434141e-05,6486.063303184466,6487.370984931772,5.540042130990574,5.541339216602312,5.6564076534603505,7.521013620054813,9301.678771348143,9302.145030048743,0.37842633178269935,0.29335059292615945,0.0009335415043814265,0.0007235038506171132,0.0015136210557811687,0.00117332558173593,2.0623062718310948e-07,1.239074068088997e-07,0.0006635744341265929,0.00011535885695962005,True,True,True,0.0001082637973013334,1086.6422424316406,2348.106918334961,1650.0148849487305,3565.5524139404297,4504.506103515625,9694.940185546875,0.005320702017168313,0.015410706567725,0.3452600952322058,0.9673526235843043,0.9930066496860686,0.006108830246732402,0.01769205110135968,0.3452867172796557,0.967352545069661,0.9673525666753058,1.3007202606069148,2.7773185840534693,0.4683367144393375,0.949701011281121,0.9497068289693579,1.3007202607036508,2.777318584073982,0.4683367144707092,0.9497010112782317,0.9497068289663149,0.7608230359301338,0.07194250474569899,10.575431570244554,0.9673526235843043,0.9930066496860686,0.18711517643599077,0.017692062809727935,10.576221577345178,0.967352545069661,0.9673525666753058,25.862760966382982,2.777639851798674,9.311056273056936,0.949701011281121,0.9497068289693579,25.86276096674161,2.777639851810692,9.311056273145763,0.9497010112782317,0.9497068289663149
0,30,481,488,0.0034128423420162306,0.007702337669088451,0.4430917584557326,0.9268687598042774,0.9843391792311295,426134039.3361694,828012369.8783947,0.5146469483285053,0.9030820225286149,0.9792379581823689,0.7606770869068623,1.3885297923364077,0.5478291435338309,0.8996834577600159,0.8996795470388349,0.760687086806176,1.3885477244936164,0.5478292703865024,0.8996832482367342,0.8996781788176414,0.21792231661319025,0.03596755971221639,6.058857435890288,0.9268687598042774,0.9843391792311295,20524669157.264595,3865192302.1248837,5.310128850764085,0.9030820225286149,0.9792379581823689,7.582472611056955,1.388475664262728,5.461005047634883,0.8996834577600159,0.8996795470388349,7.582468877069608,1.388477558997589,5.460994906207752,0.8996832482367342,0.8996781788176414,828068603.7825377,828042657.5390992,4.683752801232387e-06,2.416805364191532e-05,3239.9939586084006,3240.6170408220687,2.884772692252493,2.885389646634952,3.013665964928585,3.9881763470638383,4648.187615857396,4648.244338722825,0.3696268287388872,0.2902189578857527,0.0009127020239224639,0.000716460493906283,0.0010452367381062614,0.0008206798649267604,1.9679111697107902e-07,1.2131680743656458e-07,0.0005992135815535816,0.00014901790876132058,True,True,True,0.00011022800026694313,1154.5367889404297,2494.8489990234375,1729.3589477539062,3735.915771484375,4464.541198730469,9635.619140625,0.0034128419428956307,0.007702336768647189,0.44309175843723203,0.9268687598080808,0.9843391792314031,0.0039201507149334534,0.008846734065623002,0.4431184079745919,0.9268663493296411,0.9268663923035618,0.7606770146643469,1.3885296604157595,0.5478291435536075,0.899683457753772,0.8996795470275083,0.7606770146731534,1.3885296604333799,0.5478291435529978,0.8996834577555086,0.8996795470327965,0.21792229113170636,0.03596755550618928,6.0588574359524205,0.9268687598080808,0.9843391792314031,0.05360258899308176,0.00884673926403808,6.05902213157517,0.9268663493296411,0.9268663923035618,7.582471890083345,1.3884755322768796,5.461005047492118,0.899683457753772,0.8996795470275083,7.582471890570827,1.3884755323436542,5.461005047580579,0.8996834577555086,0.8996795470327965
1,0,1,16,0.0045903278343380725,0.01529005231072615,0.30021662065327953,0.9619128230214435,0.9870191332095374,192368324.0846891,446836945.6160272,0.4305112322784377,0.9335648039111106,0.9731885351329742,1.2007112526436061,2.776984664604387,0.4323795042687645,0.9346946994272479,0.9347020647315478,1.2007631637240106,2.777039921695,0.4323895938057348,0.9346926301205105,0.9346992406134835,0.35362259766125104,0.04486256101155604,7.882354232299895,0.9619128230214435,0.9870191332095374,7174853184.589477,1107201723.1803792,6.480168007668996,0.9335648039111106,0.9731885351329742,18.388196314435586,2.7772978955971728,6.620894482938341,0.9346946994272479,0.9347020647315478,18.388196018007555,2.777321045575652,6.6208391886492395,0.9346926301205105,0.9346992406134835,446921172.7038079,446892410.15573645,4.8414406061915335e-05,2.4285827748826705e-05,6524.026296682307,6526.319135454094,5.129554331413581,5.131860917380049,5.245345832883303,6.687852357414716,9327.8835760865,9330.342688875488,0.8184053316921843,0.5290977449978146,0.0020696749027321673,0.0013049914949549277,0.00337289521688501,0.0021286189005124594,1.0257229646967463e-06,4.0803045666921807e-07,0.0015390196881095739,0.0002481980448264163,True,True,True,0.00012793316273018718,383.27946186065674,611.4936637878418,673.8881893157959,1078.0858917236328,2315.18416595459,3728.8142852783203,0.004590327297219367,0.01529005052292057,0.3002166206277887,0.9619128230245901,0.9870191332104897,0.005326097542275916,0.017691907693029665,0.3010471021377935,0.9606341126879058,0.9606343526386873,1.2007111385037843,2.7769844008046602,0.43237950424059485,0.9346946994317772,0.9347020647376708,1.2007111385656226,2.7769844007732223,0.4323795042677579,0.9346946994270635,0.9347020647324197,0.3536225563094728,0.044862555765538624,7.882354232281826,0.9619128230245901,0.9870191332104897,0.13529810632582756,0.017692015532919575,7.64741055500873,0.9606341126879058,0.9606343526386873,18.388194568174686,2.7772976318354976,6.6208944829661815,0.9346946994317772,0.9347020647376708,18.38819456764298,2.7772976317811757,6.620894482904234,0.9346946994270635,0.9347020647324197
1,1,17,32,0.0052376800762346225,0.015399097062691077,0.3401290384047563,0.9667131059519622,0.992320062185935,58298649.07108179,152657586.70962968,0.3818915936485474,0.9593947403141637,0.990567426383954,1.2897593356575483,2.777026314004445,0.46443900410786093,0.94816789600389,0.9481770532525503,1.2899242171948366,2.7772083068143,0.46446793855175095,0.9481640606582459,0.9481714973955669,0.6819951154607556,0.0667437842299323,10.218106799447915,0.9667131059519622,0.992320062185935,6180566560.531126,657159032.484288,9.404978483163278,0.9593947403141637,0.990567426383954,24.88780389009855,2.777517021733161,8.960450537425922,0.94816789600389,0.9481770532525503,24.88831728440686,2.777606801226178,8.960345745632493,0.9481640606582459,0.9481714973955669,152681948.86870727,152663925.569739,0.00015060611805094013,2.4214064978878014e-05,6488.494660343819,6493.528040253692,5.884777757610983,5.890004274790288,5.994155947197163,7.7210509084085714,9303.127555011613,9308.741042456188,1.4895345985238269,0.7635506565574327,0.0036872719358988044,0.0018852883840256426,0.00597966892743867,0.0030596603175915764,3.2199731743748133e-06,8.429597847155328e-07,0.002632479788784399,0.0003066517524569874,True,True,True,0.0003158709150739014,181.2064504623413,376.46105003356934,333.4674644470215,692.5836372375488,1351.6837158203125,2814.193832397461,0.005237679463932076,0.015399095261558448,0.3401290384252096,0.9667131059501449,0.9923200621855307,0.006016167189454637,0.01769151119937017,0.3400595416444027,0.9667035539471519,0.9667043583383557,1.2897592130965982,2.7770260502213873,0.46443900408992467,0.9481678960059362,0.9481770532556133,1.2897592131518345,2.777026050207521,0.4644390041121341,0.9481678960036249,0.9481770532523223,0.6819950356973025,0.06674377642347357,10.218106799504486,0.9667131059501449,0.9923200621855307,0.18068933017095418,0.01769193860954396,10.213088240848906,0.9667035539471519,0.9667043583383557,24.88780152657567,2.7775167579579976,8.960450537433637,0.9481678960059362,0.9481770532556133,24.88780152606107,2.7775167578916045,8.960450537462552,0.9481678960036249,0.9481770532523223
1,2,33,48,0.005297438498597952,0.015405873397971608,0.34385836893190563,0.9672924197914247,0.9928969196332954,37590124.8559088,100232595.78732744,0.3750289470270447,0.9619774432350834,0.991721264331756,1.2984020854511624,2.7775921486257706,0.4674559892076143,0.9494598613066645,0.949463584615004,1.298600125733292,2.7777969845765016,0.46749281280945537,0.9494551363307163,0.9494561501954663,0.7457945321060306,0.07093948172250387,10.513109399690538,0.9672924197914247,0.9928969196332954,4540563482.428726,460348018.79681015,9.86332795413388,0.9619774432350834,0.991721264331756,25.692405675386546,2.7777967898123714,9.249202738520681,0.9494598613066645,0.949463584615004,25.692544805259534,2.7778527047176484,9.249066648359609,0.9494551363307163,0.9494561501954663,100246955.7226766,100232037.65477069,0.0001804623528846013,2.4247563487733714e-05,6507.962218419631,6513.9595979557525,5.9925185786711035,5.998731464263884,6.099569030208296,7.857443845174387,9316.699880199116,9324.378397252047,1.6247931093548138,0.8047945997630844,0.003994924453701673,0.0019769969373103556,0.006501934801961711,0.00321970634464342,3.8015604677996614e-06,9.327128852296007e-07,0.0028528234409989158,0.000317601618151092,True,True,True,0.00047327482025139034,164.3964385986328,352.7780647277832,280.8638973236084,602.527473449707,1042.5652656555176,2251.1520233154297,0.005297437879247193,0.015405871595911145,0.3438583689515613,0.9672924197893549,0.9928969196330584,0.006085112373269629,0.017691410683117595,0.3439585730196449,0.9672788441096103,0.9672797926843217,1.2984019619657192,2.7775918847320824,0.46745598916197834,0.9494598613125595,0.9494635846213015,1.2984019621339569,2.77759188481678,0.4674559892082937,0.949459861306915,0.9494635846146484,0.7457944448864713,0.07093947342667137,10.513109399626194,0.9672924197893549,0.9928969196330584,0.18597413868933155,0.017691923565710945,10.51180997920269,0.9672788441096103,0.9672797926843217,25.692403235093835,2.7777965259213806,9.249202738696564,0.9494598613125595,0.9494635846213015,25.692403235040484,2.7777965259506314,9.249202738579962,0.949459861306915,0.9494635846146484
1,3,49,64,0.005314149089300002,0.015408086795769231,0.34489350687972287,0.9673438030773764,0.9929823523306524,36884717.02457644,97569281.73624298,0.3780361643358832,0.9617209887803737,0.9917607941615558,1.2992103672072175,2.7767542010268427,0.4678881431877442,0.9496681294095007,0.9496829016775619,1.2993951992564914,2.7769212300235764,0.4679265602522904,0.9496635209676337,0.9496759782618297,0.7572550432407177,0.07170059545754982,10.561349433827909,0.9673438030773764,0.9929823523306524,4476732071.976159,453302867.2309231,9.875807976514754,0.9617209887803737,0.9917607941615558,25.82045488556829,2.777569410145912,9.296061078168297,0.9496681294095007,0.9496829016775619,25.820575430498902,2.7776086338424055,9.295973203676287,0.9496635209676337,0.9496759782618297,97582387.05675158,97568054.42747504,0.0001638934942519745,2.4315620976267383e-05,6538.935249489551,6545.020538439208,6.072527584067551,6.078834310202079,6.1781442785820495,7.9248299316357125,9337.837864422934,9344.469050960126,1.543246934757252,0.7643674249657025,0.0037773924773648027,0.0018690909363748938,0.006171036980616092,0.003056289639584865,3.4323254923433104e-06,8.417162700124026e-07,0.002706808454958483,0.0003007333244855776,True,True,True,0.0004637633392121643,176.28580570220947,380.21574783325195,292.16754722595215,629.8752937316895,1065.3042449951172,2293.076187133789,0.005314148467741018,0.015408084993980732,0.34489350687103715,0.967343803078286,0.9929823523308563,0.006102500995817686,0.017691495493724188,0.34493980443781386,0.967334167680029,0.9673349944929504,1.2992102438258042,2.7767539372458123,0.46788814320164646,0.9496681294089075,0.9496829016760113,1.2992102437644242,2.776753937248387,0.4678881431791076,0.9496681294106806,0.9496829016787762,0.7572549546918792,0.07170058707312317,10.561349433856098,0.967343803078286,0.9929823523308563,0.18682075515036,0.01769194329885522,10.559651474942749,0.967334167680029,0.9673349944929504,25.820452432695323,2.777569146234579,9.296061078334956,0.9496681294089075,0.9496829016760113,25.820452432894285,2.7775691462919365,9.296061078214622,0.9496681294106806,0.9496829016787762
1,4,65,80,0.005320890571498716,0.0154078688524464,0.3453359203958883,0.9673249795774705,0.9929921594752855,44255248.49260944,115184170.09765348,0.3842129387665832,0.9606751704681598,0.9915437331830896,1.300503977222698,2.777467083402668,0.46823380373943224,0.9496935505581301,0.9496919036219539,1.300656574475433,2.7776087449174622,0.46826486158477393,0.9496897860792374,0.949686177962963,0.7592767775941224,0.07184130798151317,10.5688050360874,0.9673249795774705,0.9929921594752855,5233426221.144102,535649826.56397253,9.770237871101179,0.9606751704681598,0.9915437331830896,25.850788856129803,2.777376157461374,9.307629716155695,0.9496935505581301,0.9496919036219539,25.850879973260493,2.77740955640602,9.307550596431174,0.9496897860792374,0.949686177962963,115199883.44691601,115184908.48751758,0.00013172730472898892,2.4334147383342497e-05,6560.592643149534,6566.230243880902,6.091414623381362,6.097253244892475,6.196732589620071,7.938987945044041,9353.291395913757,9357.537287056815,1.3888592398168522,0.6959785649902321,0.003389193875690137,0.001696668674327836,0.005563440783631223,0.002786468581535162,2.7807382479411475e-06,6.981342285009748e-07,0.0024391143086342835,0.0002740226672609459,True,True,True,0.0004181042895652354,198.56597328186035,428.7861747741699,333.08156394958496,719.3175354003906,1232.4453811645508,2668.9542694091797,0.005320889949093876,0.015407867050412529,0.3453359203895399,0.9673249795781339,0.9929921594755196,0.006109350292234971,0.01769161528152277,0.3453246181887989,0.9673271128120439,0.9673277664755746,1.300503853644058,2.7774668196197587,0.46823380371546613,0.9496935505610006,0.9496919036239317,1.3005038536415168,2.7774668195962002,0.46823380371852275,0.9496935505598807,0.9496919036230789,0.7592766888039783,0.07184129958022266,10.568805036107687,0.9673249795781339,0.9929921594755196,0.18698906175691052,0.017691969232338574,10.56914916035007,0.9673271128120439,0.9673277664755746,25.850786400709715,2.7773758936378203,9.307629716210373,0.9496935505610006,0.9496919036239317,25.85078640022092,2.777375893629001,9.307629716063936,0.9496935505598807,0.9496919036230789
1,5,81,96,0.005314401238239986,0.015403502323331753,0.345012525507932,0.9673838751577172,0.9930141146308764,51949859.86226827,134059514.51838012,0.38751341185220933,0.9601904896654997,0.9914711492930692,1.3013638897203985,2.777375352269864,0.46855888191591877,0.9496730060164491,0.9496748897966518,1.3014867885139678,2.777476360082588,0.4685860903151911,0.949669813728322,0.9496705663799608,0.7607341027564968,0.0719168048486328,10.577974151627775,0.9673838751577172,0.9930141146308764,6091073891.122569,625740068.8607073,9.734191870136529,0.9601904896654997,0.9914711492930692,25.859136412458742,2.777479315573337,9.310289465511577,0.9496730060164491,0.9496748897966518,25.859356938913926,2.7775178958596443,9.310239540656653,0.949669813728322,0.9496705663799608,134077547.96035299,134061509.6750496,0.00010467870521370025,2.4347658836632036e-05,6567.198959322247,6572.274555752818,6.0963556585409036,6.10160689520497,6.202189447759587,7.944824493612663,9357.861636120451,9363.313243979894,1.2409542505684128,0.6321763924982584,0.00302532891988046,0.001539700423499582,0.004968825606177464,0.0025302011291608896,2.220277811830052e-06,5.759696341450183e-07,0.0021777292116233024,0.00024878041568780204,True,True,True,0.00038740725722163916,226.30005168914795,488.96267318725586,374.84485244750977,809.7501029968262,1277.2012100219727,2769.7515563964844,0.005314400616410126,0.01540350052204372,0.34501252548437067,0.9673838751599935,0.9930141146313411,0.006106050777664511,0.017691718983859767,0.34513609351556446,0.9673694202936134,0.9673699232151153,1.3013637660763706,2.77737508837222,0.46855888191863976,0.9496730060172062,0.9496748897974773,1.3013637661259057,2.77737508842883,0.46855888192692446,0.9496730060150715,0.9496748897954054,0.7607340137947848,0.07191679643843521,10.577974151643636,0.9673838751599935,0.9930141146313411,0.1871295252511639,0.01769199166314091,10.57707514304482,0.9673694202936134,0.9673699232151153,25.859133955977615,2.777479051669587,9.3102894657057,0.9496730060172062,0.9496748897974773,25.859133955897303,2.77747905172966,9.310289465475416,0.9496730060150715,0.9496748897954054
1,6,97,112,0.005317748710114013,0.01540248000543374,0.34525275853226234,0.9673524040739997,0.993006592359484,67307257.84613335,172296443.90903294,0.3906479804172247,0.9595762148584922,0.9913159096263311,1.3009269873248972,2.777336894145923,0.4684080602778129,0.9496878326704702,0.9496836818550497,1.3010151086306365,2.7774021539764293,0.46842878218696654,0.9496852520677834,0.9496804135846911,0.7603945005730637,0.07190399435068494,10.575135740923137,0.9673524040739997,0.993006592359484,7750639957.665141,802026940.0169823,9.663814980455678,0.9595762148584922,0.9913159096263311,25.854971812071234,2.7771077793530905,9.310035427610947,0.9496878326704702,0.9496836818550497,25.85504375757,2.7771350926923457,9.309969769063105,0.9496852520677834,0.9496804135846911,172319688.05556488,172301820.0088464,7.698189177235935e-05,2.4362774638575502e-05,6566.763921821075,6571.200519874672,6.074485013086107,6.079074072635761,6.180442977942389,7.925750320529288,9357.648064600435,9361.148164957727,1.0708459696878323,0.5600508014370453,0.0026116452342061234,0.0013644918197195223,0.004285455291650036,0.0022405887966081696,1.6544127202539222e-06,4.5225820717670103e-07,0.0018785631674352566,0.00022032284242451007,True,True,True,0.0003355271473992616,266.553599357605,575.895694732666,432.67564392089844,934.9480285644531,1488.314697265625,3213.8177795410156,0.005317748088121622,0.015402478203844465,0.34525275853299436,0.9673524040738184,0.9930065923594481,0.006106003168885697,0.017691815388587592,0.34513152182361556,0.9673645283057808,0.9673648913863077,1.3009268638643876,2.7773366303260345,0.46840806031916643,0.9496878326657049,0.9496836818520463,1.3009268637515186,2.7773366303741778,0.4684080602704076,0.949687832671303,0.9496836818546526,0.7603944116293476,0.07190398594028635,10.575135740886848,0.9673524040738184,0.9930065923594481,0.18709921395278803,0.01769201221813486,10.57534957843888,0.9673645283057808,0.9673648913863077,25.854969356840652,2.777107515652226,9.310035427551103,0.9496878326657049,0.9496836818520463,25.8549693559367,2.7771075155352185,9.31003542761786,0.949687832671303,0.9496836818546526
1,7,113,128,0.0053217323726420865,0.015407182946114453,0.345405931198096,0.9673443470396704,0.9930089782889112,84094003.93202703,212641346.1547084,0.39547343662339296,0.9587013521219555,0.9911257576845092,1.3014705462623892,2.77741037845834,0.46859137430918574,0.9496701439698604,0.9496670693887715,1.301535339086611,2.777462734749907,0.4686058692354718,0.949668411738209,0.9496644381654819,0.7612238371683323,0.07196825302181306,10.57721710901626,0.9673443470396704,0.9930089782889112,9476189734.557192,989583084.0484527,9.575941512449308,0.9587013521219555,0.9911257576845092,25.857237606825375,2.777240720675215,9.310405617464392,0.9496701439698604,0.9496670693887715,25.857173172428347,2.7772434772355137,9.310373175551302,0.949668411738209,0.9496644381654819,212670287.59963086,212650331.80752915,5.783553891288427e-05,2.4337947252206504e-05,6563.320472941733,6567.142960466132,6.030191156827548,6.034137760151067,6.1359909934407595,7.890561934032398,9354.640270109521,9357.615755811592,0.9199725366651346,0.4978666833166386,0.002245482142542325,0.0012138403935223556,0.0036873231871718155,0.0019932151858888547,1.22171306583706e-06,3.574490679500619e-07,0.0016160441687642516,0.00019598989021308346,True,True,True,0.00031247883453033864,316.42129707336426,683.7696304321289,499.56455421447754,1079.0245895385742,1596.1679229736328,3433.6842498779297,0.0053217317497684935,0.015407181143561897,0.34540593118113966,0.9673443470410866,0.9930089782894488,0.006110614678644813,0.017691887765149492,0.3453907666474042,0.9673420575996039,0.9673423159527621,1.3014704226422373,2.777410114625987,0.46859137431257486,0.9496701439701466,0.9496670693907162,1.3014704226465161,2.777410114612596,0.4685913743163747,0.949670143969081,0.9496670693889985,0.7612237481306408,0.0719682446043499,10.57721710895573,0.9673443470410866,0.9930089782894488,0.18711108447880404,0.017692027724709184,10.576011262828818,0.9673420575996039,0.9673423159527621,25.857235151775278,2.7772404569504947,9.310405617584662,0.9496701439701466,0.9496670693907162,25.857235150977825,2.77724045690112,9.310405617463047,0.949670143969081,0.9496670693889985
1,8,129,144,0.0053179581723678815,0.015407783363518482,0.3451475171282189,0.9673786364434404,0.9930157904321829,110542349.52914514,277073842.06437325,0.39896349906413237,0.9581239395667672,0.9910228483938187,1.3009770001707053,2.7777934349542144,0.4683490801727483,0.9497226779023614,0.9497234885856052,1.3010125457714148,2.7778048604676115,0.4683599500766963,0.9497213059873844,0.9497219492295044,0.7614259166667589,0.07196561011257589,10.580413554135918,0.9673786364434404,0.9930157904321829,12313744312.063293,1292476886.1836383,9.527245278964104,0.9581239395667672,0.9910228483938187,25.876437397329394,2.7778382254643104,9.315314750917215,0.9497226779023614,0.9497234885856052,25.876352122522615,2.777840398859814,9.31527676433238,0.9497213059873844,0.9497219492295044,277112470.8772467,277089945.02149105,4.172898440925242e-05,2.4317618226632476e-05,6550.8925712476275,6554.167015972671,5.982418750775094,5.985791174477928,6.0909049876140156,7.855221182405192,9347.47526556165,9348.987646081408,0.785467392035572,0.44391659366083486,0.00191965400886573,0.001084021162162009,0.00314214718788526,0.0017757815783009492,8.894004187937835e-07,2.838940493416933e-07,0.001377386388604627,0.0001745452459520554,True,True,True,0.0002606322814244777,379.41872215270996,819.9062309265137,585.6376991271973,1265.01953125,1898.7908782958984,4087.5811462402344,0.005317957550621115,0.015407781561244812,0.34514751714791775,0.9673786364416468,0.9930157904319626,0.006108084513917214,0.017691942506927454,0.3452466856890098,0.9673671075622065,0.967367286496625,1.300976876705172,2.777793171161189,0.4683490802021556,0.9497226778982254,0.9497234885808414,1.3009768765417076,2.7777931710983834,0.4683490801538981,0.9497226779040638,0.949723488586517,0.7614258276209649,0.07196560169632779,10.580413554158033,0.9673786364416468,0.9930157904319626,0.18717672722145787,0.01769203951686333,10.579714511888167,0.9673671075622065,0.967367286496625,25.87643493914765,2.7778379616323474,9.315314750735793,0.9497226778982254,0.9497234885808414,25.876434938817514,2.777837961560551,9.315314750857711,0.9497226779040638,0.949723488586517
1,9,145,160,0.005309190634818974,0.015411257822055019,0.34450079909901987,0.9674394648834668,0.9930261214540579,131293318.77783923,322922933.69604623,0.40657787068607554,0.956790610131504,0.9907432997092122,1.298782372955122,2.7772277710452937,0.4676542509389808,0.9498012436631881,0.9498040705129841,1.2988154309773818,2.777254658542125,0.46766162655720384,0.9498003086995972,0.9498027512706242,0.7612966873230489,0.071954049414433,10.580317487598457,0.9674394648834668,0.9930261214540579,14183598329.147697,1507373308.1146789,9.409479558111313,0.956790610131504,0.9907432997092122,25.874256861626105,2.7773841742803436,9.31605252929421,0.9498012436631881,0.9498040705129841,25.874235418350843,2.777389798254662,9.316025944435475,0.9498003086995972,0.9498027512706242,322967935.09167767,322943334.07639354,3.299551321962727e-05,2.4297780328197405e-05,6542.759795614039,6545.668568540864,5.930713168884199,5.933709420665895,6.038150495679334,7.815446446261707,9340.116303805222,9342.763921476258,0.6993613891277446,0.4105923437553997,0.0017109498387971249,0.0010038139095761914,0.002795810771581681,0.0016422444803149976,7.049099011756779e-07,2.4284612200299823e-07,0.0012266031008334975,0.00016142621078796182,True,True,True,0.00027477237745188177,436.41468620300293,942.9925231933594,664.790843963623,1436.3002548217773,1835.5625534057617,3948.106201171875,0.005309190013556555,0.015411256019703435,0.34450079907625347,0.9674394648857346,0.9930261214546302,0.006096105571328245,0.01769197285847655,0.3445690099172568,0.9674292740338565,0.9674294086755468,1.2987822494706298,2.777227507186753,0.46765425090660173,0.9498012436669644,0.9498040705180998,1.298782249513075,2.7772275072225283,0.4676542509158608,0.9498012436654849,0.9498040705153108,0.7612965983013197,0.07195404100027701,10.580317487636155,0.9674394648857346,0.9930261214546302,0.18716594705333006,0.017692045994303546,10.579101315562566,0.9674292740338565,0.9674294086755468,25.874254404213165,2.7773839104810634,9.316052529350022,0.9498012436669644,0.9498040705180998,25.874254403621144,2.7773839104443847,9.316052529259894,0.9498012436654849,0.9498040705153108
1,10,161,176,0.0053160515481056395,0.015405411822801309,0.3450768865677083,0.9673669501285684,0.9930069475341807,147786356.6408325,362585591.46490854,0.4075902631534531,0.9564719858613515,0.9906647379377477,1.2996940483566306,2.777495788618452,0.4679373605830411,0.9497343496109356,0.9497426593095967,1.2997170732008567,2.7775163195151866,0.4679421913991567,0.9497336418994488,0.9497418230410537,0.7601904281555935,0.07188928937122213,10.574460184605801,0.9673669501285684,0.9930069475341807,15830981032.489157,1690646780.6161213,9.36386075080679,0.9564719858613515,0.9906647379377477,25.860780345761682,2.777955028059273,9.30928689793386,0.9497343496109356,0.9497426593095967,25.8608081678438,2.777968450008077,9.309251934725395,0.9497336418994488,0.9497418230410537,362636735.30610025,362610348.2540101,2.871229006710054e-05,2.4309174477821216e-05,6544.5186014616565,6547.178562574318,5.89105281878397,5.893775666695928,6.000515949751325,7.784041623084271,9342.680155302065,9344.6636428762,0.6488028477667201,0.39132355727661977,0.0015868065926961388,0.0009564636999609949,0.002597101513650023,0.0015654340986543899,6.065964905209389e-07,2.2053216726840836e-07,0.0011390283082772176,0.00015391599260800745,True,True,True,0.0002611729723867029,477.5400924682617,1031.3878440856934,721.5403022766113,1557.5624084472656,1917.3222885131836,4125.988037109375,0.005316050926245113,0.015405410020939394,0.34507688656253954,0.9673669501291288,0.993006947534363,0.006102067315076272,0.017691988189028066,0.34490568554983286,0.9673809649764785,0.9673810775585944,1.2996939249504416,2.777495524700456,0.4679373606157689,0.9497343496081767,0.9497426593089271,1.2996939248442794,2.7774955247346145,0.4679373605717918,0.949734349612593,0.9497426593129104,0.7601903392499255,0.07188928096348007,10.574460184628972,0.9673669501291288,0.993006947534363,0.18707139471077278,0.017692049251789056,10.573755026815547,0.9673809649764785,0.9673810775585944,25.860777889931263,2.7779547642130997,9.309286898074003,0.9497343496081767,0.9497426593089271,25.86077788986856,2.777954764223372,9.309286898017007,0.949734349612593,0.9497426593129104
1,11,177,192,0.005310939179236401,0.015407161226999146,0.3447058871513356,0.9674006153265954,0.9930151045741056,180779376.35958856,436092330.0495584,0.41454381080044317,0.9551733392352237,0.9903713360555769,1.3010188589144727,2.7768208483877057,0.468528194633038,0.9496755938884509,0.9496875936106172,1.3010361995526987,2.776843452262904,0.4685306254814109,0.9496752302726575,0.9496872158702513,0.7603462694012109,0.0719071575076295,10.573999804129881,0.9674006153265954,0.9930151045741056,18775125749.849953,2030246673.2754781,9.24770669347252,0.9551733392352237,0.9903713360555769,25.8588080412115,2.7774831319292344,9.310158446668954,0.9496755938884509,0.9496875936106172,25.8589585541029,2.7775049566653194,9.310139480416714,0.9496752302726575,0.9496872158702513,436152355.7883449,436123772.1457824,2.3932273458069096e-05,2.4282098820549436e-05,6536.583338229196,6538.995147195288,5.859026339957091,5.861492853184315,5.968570573286974,7.759820985448037,9335.757004618674,9338.022314326336,0.5952522696148346,0.3712052752625371,0.0014575762010752898,0.0009084123907477644,0.002381352493090497,0.0014849381819098937,5.10699887752809e-07,1.9846645984111944e-07,0.0010438762086601063,0.00014600672633460323,True,True,True,0.00022099325724411756,535.0586700439453,1155.7580108642578,807.3513641357422,1742.8850631713867,2256.791305541992,4861.252380371094,0.005310938558289539,0.015407159425575613,0.3447058871522725,0.9674006153264196,0.993015104573585,0.006101549772803619,0.01769200408708013,0.34487612272593665,0.9673781819466098,0.9673782716769606,1.3010187353450062,2.77682058462021,0.4685281946377348,0.9496755938884539,0.9496875936106367,1.3010187353777334,2.776820584596027,0.46852819465360096,0.9496755938868623,0.9496875936100423,0.7603461804460188,0.07190714909518732,10.573999804101648,0.9674006153264196,0.993015104573585,0.18703943924682628,0.01769205275126229,10.57194673091179,0.9673781819466098,0.9673782716769606,25.858805585177844,2.777482868099735,9.310158446762845,0.9496755938884539,0.9496875936106367,25.858805585522834,2.777482868130576,9.310158446783676,0.9496755938868623,0.9496875936100423
1,12,193,208,0.00531439630020437,0.01540469489422357,0.34498549544120827,0.9673765939881542,0.9930085160763541,222437286.2264855,536468771.9912241,0.4146323100986095,0.9552322810028477,0.9903976278103486,1.299393615154008,2.777269804164504,0.4678672605756823,0.9497543562336341,0.94976061440501,1.299409781015926,2.777285872446375,0.46787037442110324,0.9497539264923373,0.9497600728937705,0.760124225163495,0.07188082265671482,10.57478472100496,0.9673765939881542,0.9930085160763541,23164826548.403145,2501098974.390232,9.261859200934152,0.9552322810028477,0.9903976278103486,25.864042717982347,2.7776157604333918,9.311598489038952,0.9497543562336341,0.94976061440501,25.864085715498703,2.777625648294995,9.311580821330258,0.9497539264923373,0.9497600728937705,536545165.8813781,536514179.0433984,2.1144487211912463e-05,2.4302999008796178e-05,6534.495799142201,6536.723518581341,5.807013613550604,5.809284085921783,5.918019233623142,7.7210712164752,9335.298262662396,9337.364057593188,0.5588591609778641,0.3579438189822439,0.0013686418910700568,0.0008761948203738877,0.0022355852203807362,0.0014318187934905869,4.499223128552896e-07,1.8450266857722099e-07,0.0009805915994143355,0.00014076980123344516,True,True,True,0.00018840694974642247,581.9709281921387,1257.296875,879.6818466186523,1900.651596069336,2584.417022705078,5590.697296142578,0.0053143956789555415,0.01540469309304406,0.3449854954497756,0.9673765939875518,0.99300851607605,0.006103962391240124,0.01769201377748135,0.34501230148313217,0.9673779522938059,0.9673780276913835,1.2993934917923304,2.777269540324342,0.46786726060466616,0.9497543562310526,0.9497606144013697,1.2993934917942538,2.7772695403418726,0.46786726060240547,0.9497543562308295,0.9497606144016545,0.7601241362724933,0.07188081425031735,10.57478472107232,0.9673765939875518,0.99300851607605,0.18711199719913515,0.017692054668172096,10.57604674576032,0.9673779522938059,0.9673780276913835,25.864040260630862,2.7776154965018107,9.31159848913739,0.9497543562310526,0.9497606144013697,25.864040260815734,2.7776154965474182,9.311598489051054,0.9497543562308295,0.9497606144016545
1,13,209,224,0.005311961242060935,0.015407874934363951,0.3447562538435296,0.9674016721188416,0.9930151789979516,249661158.74634445,591965899.0174557,0.42174922434000295,0.9541117249064183,0.9901991539465789,1.3003523068320608,2.7771419212374377,0.4682340131370205,0.9497191289169012,0.9497279858567085,1.3003767510694917,2.777166521716595,0.4682386673254708,0.9497185334360051,0.9497271774565109,0.760500697226609,0.07190892349495749,10.575887668238254,0.9674016721188416,0.9930151789979516,25473429271.873474,2771627456.6571937,9.19078399612785,0.9541117249064183,0.9901991539465789,25.866326006466224,2.777631199004633,9.312368760739528,0.9497191289169012,0.9497279858567085,25.866396300796243,2.777644033882162,9.312351037524484,0.9497185334360051,0.9497271774565109,592050231.8721254,592017951.6392506,1.841683130155549e-05,2.4238595869974233e-05,6515.2359410350555,6517.312534599556,5.75473581649007,5.75685049005129,5.866716357142608,7.682202787107033,9321.430756130385,9323.646535024314,0.5191996397047821,0.34376030778826056,0.0012751826098136834,0.0008439596211535624,0.002076918442803962,0.001375550693553673,3.882907306837294e-07,1.7016029467094516e-07,0.0009106570393310815,0.00013523174152868964,True,True,True,0.00018377650121692568,642.930778503418,1388.861328125,956.4995613098145,2066.588935852051,2684.0160064697266,5825.134735107422,0.005311960620323913,0.015407873132120704,0.3447562538174136,0.9674016721213413,0.993015178998559,0.006101279357644074,0.017692023293346255,0.34486046375140644,0.9673891491458672,0.967389210906756,1.3003521832850573,2.7771416573394307,0.46823401314386903,0.9497191289172504,0.9497279858591335,1.300352183255869,2.7771416573949415,0.46823401312399965,0.9497191289184376,0.9497279858584242,0.7605006082801562,0.07190891508458462,10.575887668248072,0.9674016721213413,0.993015178998559,0.18709388908678942,0.01769205679989776,10.575021954930113,0.9673891491458672,0.967389210906756,25.866323550143843,2.777630935174839,9.3123687609404,0.9497191289172504,0.9497279858591335,25.86632354919822,2.7776309351255817,9.3123687607651,0.9497191289184376,0.9497279858584242
1,14,225,240,0.005315076815096428,0.015403310396003487,0.3450606836096394,0.967379898609684,0.993012916855246,275246437.20013976,660140665.996984,0.41695119143197473,0.9547825611644617,0.9903213667393466,1.2999718432805187,2.777017886402545,0.46811792233882654,0.9497322503910312,0.9497417026618472,1.2999943493639228,2.777047271851348,0.46812107324959856,0.9497317377833082,0.9497407775968572,0.7607003816874562,0.07191234689133304,10.578160977515486,0.967379898609684,0.993012916855246,28438564597.658745,3084099726.034565,9.221026271489647,0.9547825611644617,0.9903213667393466,25.86581544006399,2.7775401708115623,9.31249013493343,0.9497322503910312,0.9497417026618472,25.86578715715725,2.7775467620613785,9.312457853260677,0.9497317377833082,0.9497407775968572,660234230.6035323,660200362.9096572,1.7165426478712774e-05,2.425041384412907e-05,6514.845348883222,6516.819625554513,5.753002259497689,5.755002522050099,5.865402780784072,7.681500234659824,9321.014582193378,9324.107096637159,0.5020336231027746,0.337400750287886,0.0012333430006265045,0.0008284513911129488,0.0020088150183404175,0.0013489669830919584,3.6320050283777773e-07,1.6394518353217696e-07,0.0008809255751065628,0.00013261983239038717,True,True,True,0.00016495630552526563,675.4158973693848,1459.4899597167969,1006.0909957885742,2173.585235595703,2955.663589477539,6407.476745605469,0.005315076193389974,0.01540330859462212,0.34506068360181197,0.9673798986104091,0.9930129168553462,0.006106392305876349,0.017692027123629283,0.34514938639906995,0.9673719479878017,0.9673720044156587,1.2999717198658332,2.7770176225897556,0.4681179223679258,0.9497322503874063,0.9497417026596171,1.2999717198049083,2.7770176225920404,0.46811792234560173,0.9497322503902113,0.9497417026606703,0.7607002927189777,0.07191233848078489,10.57816097751067,0.9673798986104091,0.9930129168553462,0.18715192878127387,0.017692057720764022,10.578301955324607,0.9673719479878017,0.9673720044156587,25.865812983308075,2.7775399070262012,9.312490134840779,0.9497322503874063,0.9497417026596171,25.86581298263787,2.7775399069317004,9.312490134916326,0.9497322503902113,0.9497417026606703
1,15,241,256,0.005309413764181173,0.015407248555312846,0.34460492703288936,0.9674235949437586,0.9930240719159864,299925396.87626016,708224399.4651692,0.4234892176868733,0.9536083956853851,0.9900724684741988,1.2983775691141632,2.777255106155672,0.4675038912472832,0.9498051576726496,0.9498126432529688,1.2983999898754526,2.777287047255415,0.467506587465838,0.9498047573446443,0.9498120957701774,0.7611050028380415,0.07194924656552396,10.57835959609258,0.9674235949437586,0.9930240719159864,30211477656.532173,3309550417.4984174,9.128574532902284,0.9536083956853851,0.9900724684741988,25.87061071294548,2.777669341284029,9.313783440107494,0.9498051576726496,0.9498126432529688,25.870775235597876,2.7776931394103497,9.313762873421554,0.9498047573446443,0.9498120957701774,708325199.2186489,708289913.279067,1.5862197567139635e-05,2.4229444534284994e-05,6510.74496309899,6512.629261502027,5.722456173263092,5.724367505999703,5.834972063581877,7.659489911187558,9318.28214440562,9321.60891766361,0.48317036762724774,0.33069856371474093,0.0011874954604901512,0.0008124685451177721,0.001931686966261834,0.0013224081758875376,3.362472831050736e-07,1.5746942867696677e-07,0.0008476225500505023,0.0001299962452534907,True,True,True,0.00016624960699118674,715.13623046875,1545.4210586547852,1068.5822067260742,2308.9978790283203,2887.5234985351562,6225.592681884766,0.005309413142674813,0.01540724675332643,0.34460492699829764,0.9674235949473213,0.993024071916905,0.006096398670241658,0.017692031497213427,0.3445844345914638,0.9674266542162764,0.9674267039964205,1.298377445743566,2.7772548422895773,0.4675038912429007,0.9498051576736007,0.949812643255237,1.298377445749182,2.777254842295482,0.4675038912439289,0.9498051576733514,0.9498126432544085,0.761104913845266,0.07194923815215785,10.5783595961876,0.9674235949473213,0.993024071916905,0.18715940411961146,0.017692058535062994,10.578723993518885,0.9674266542162764,0.9674267039964205,25.870608255913943,2.7776690774514785,9.313783440196671,0.9498051576736007,0.949812643255237,25.870608255598782,2.777669077425327,9.313783440170896,0.9498051576733514,0.9498126432544085
1,16,257,272,0.005312772627693252,0.015406427816742755,0.3448413020128948,0.9674137638890293,0.9930252405369248,333988556.5616666,789211074.203474,0.42319294226674503,0.9536422298721481,0.9900760259033686,1.2995349846773923,2.7770896238653253,0.4679485219020836,0.9497656720847214,0.949760277093881,1.2995504015248307,2.777092546788352,0.4679535808152065,0.949765013749309,0.9497598230799196,0.7617141000803523,0.07197918395907729,10.582422002914255,0.9674137638890293,0.9930252405369248,33654718695.309433,3686634528.0665956,9.128845953970703,0.9536422298721481,0.9900760259033686,25.86668296530579,2.776791406195777,9.315313677358043,0.9497656720847214,0.949760277093881,25.866756074368368,2.776805625639626,9.315292304051734,0.949765013749309,0.9497598230799196,789325659.2837058,789288773.2094865,1.5076850607960083e-05,2.4242250219685957e-05,6514.184437652985,6515.997285654691,5.69175077903353,5.693567687232864,5.804831897199989,7.633619681313423,9320.868208280654,9321.08687351779,0.4719077343093555,0.32658398787074194,0.0011591180121491259,0.0008019309378423368,0.0018883918674685242,0.0013064135683307084,3.207302135425243e-07,1.5361908533283957e-07,0.0008282578522747755,0.00012843390956687327,True,True,True,0.00015733738837298006,743.3845596313477,1606.651840209961,1124.4998397827148,2429.3079528808594,3146.5386352539062,6786.630340576172,0.005312772006257441,0.015406426014850299,0.34484130200842456,0.9674137638895213,0.993025240537118,0.006103402182241168,0.017692034142047515,0.3449802398773133,0.9673963082622912,0.9673963544705159,1.2995348612175726,2.777089359987745,0.4679485219097549,0.9497656720851778,0.9497602770972327,1.2995348612199924,2.7770893600904105,0.4679485218933268,0.9497656720859956,0.949760277094655,0.761714011003642,0.07197917554150204,10.582422002936806,0.9674137638895213,0.993025240537118,0.18719999199849416,0.01769205921646713,10.581017715804116,0.9673963082622912,0.9673963544705159,25.86668050961706,2.7767911425065566,9.315313677595391,0.9497656720851778,0.9497602770972327,25.866680508338064,2.776791142421537,9.315313677420004,0.9497656720859956,0.949760277094655
1,17,273,288,0.0053121561880136595,0.01540419461655094,0.34485127721679437,0.9673947028444004,0.9930169035335771,352197959.3971618,829136913.5859183,0.4247766003734505,0.9532617281474305,0.9900037119818198,1.2997450173144565,2.7772741295911265,0.46799305962130805,0.9497561902979699,0.9497587794877876,1.2997544314872225,2.7772792212162627,0.4679955913536187,0.9497557945109361,0.9497580734812496,0.7607164262381672,0.07192487535155134,10.57654146107268,0.9673947028444004,0.9930169035335771,35232874318.60925,3876681664.203789,9.088410493938646,0.9532617281474305,0.9900037119818198,25.87009240745898,2.7774172568842967,9.314442165049416,0.9497561902979699,0.9497587794877876,25.869916254149842,2.777405198409735,9.314419181242346,0.9497557945109361,0.9497580734812496,829256887.3629507,829218977.6993723,1.3993598353474683e-05,2.425060847599525e-05,6503.065198479306,6504.802928770728,5.664814772856372,5.6665532538484555,5.778077483110199,7.6143857176328735,9312.510952652383,9313.987090159093,0.45465015345379045,0.3204410397241404,0.001118854656644633,0.0007882398283038811,0.0018199492319953354,0.0012817984951580233,2.977959660724708e-07,1.4787720810814563e-07,0.0007981759251466336,0.00012600629739102003,True,True,True,0.0001599192910362035,788.0937652587891,1703.1890411376953,1178.5687408447266,2547.9589233398438,3196.798858642578,6906.5660400390625,0.005312155566035406,0.015404192815138702,0.3448512771675258,0.9673947028490729,0.9930169035344496,0.0061030397174175015,0.017692037576939098,0.344959685444744,0.9673852147102666,0.9673852556715269,1.299744893922138,2.7772738657499905,0.4679930596513743,0.9497561902942794,0.9497587794823202,1.299744893820393,2.777273865779932,0.46799305960969406,0.9497561902990386,0.9497587794875669,0.7607163372641056,0.07192486693912337,10.57654146107729,0.9673947028490729,0.9930169035344496,0.18712517430619477,0.017692059796587657,10.576788483514305,0.9673852147102666,0.9673852556715269,25.870089948646047,2.7774169929313217,9.31444216496365,0.9497561902942794,0.9497587794823202,25.870089949322555,2.7774169929882304,9.314442165016372,0.9497561902990386,0.9497587794875669
1,18,289,304,0.0053121703837569825,0.015411679474958745,0.3446847173527272,0.9673937957586651,0.9930091045711105,400453785.48472786,946273562.3828923,0.4231902923255205,0.9534739445725112,0.9900107660503895,1.3003628139734102,2.777431409858912,0.46818899266335656,0.9496910647587794,0.9496942492487127,1.300377689156989,2.7774437531282326,0.4681922676894445,0.9496906545155956,0.9496940753218684,0.7598698103542942,0.07188154561515403,10.571139001692513,0.9673937957586651,0.9930091045711105,40088538070.56358,4407382631.649168,9.095769852767045,0.9534739445725112,0.9900107660503895,25.849188105797936,2.7776072287709295,9.306279101684225,0.9496910647587794,0.9496942492487127,25.84939442972361,2.7776326194908716,9.306268312208148,0.9496906545155956,0.9496940753218684,946408552.5196724,946368767.524666,1.3179011813800001e-05,2.4254777599708177e-05,6502.075635917992,6503.734950913782,5.6599542109465935,5.661619291420806,5.773932356777071,7.611186957440524,9312.345630393569,9315.119601083019,0.4404496613689264,0.3155251571984731,0.0010839735849048516,0.0007762517218473549,0.0017621703472296814,0.0012625852931417467,2.7941690333159e-07,1.4335480000568025e-07,0.0007726505862283891,0.0001241668157783015,True,True,True,0.00013562467938754708,830.031867980957,1792.5677795410156,1242.5789184570312,2682.6235961914062,3585.599853515625,7726.802703857422,0.0053121697623917125,0.015411677672414373,0.3446847173491084,0.9673937957586899,0.99300910457119,0.006101738797156757,0.01769204038389317,0.3448860993281351,0.9673734323622585,0.967373469390887,1.300362690403942,2.777431146057747,0.46818899264151387,0.9496910647603739,0.9496942492498571,1.3003626904720111,2.7774311460625554,0.4681889926652113,0.9496910647582413,0.9496942492475365,0.7598697214808566,0.07188153720867697,10.571139001589565,0.9673937957586899,0.99300910457119,0.18701770256419636,0.01769206046301216,10.570713510457656,0.9673734323622585,0.967373469390887,25.84918565001735,2.7776069649282182,9.306279101545014,0.9496910647603739,0.9496942492498571,25.849185650178054,2.777606964922639,9.306279101621563,0.9496910647582413,0.9496942492475365
1,19,305,320,0.005309868323876533,0.015402692819943095,0.34473636434542293,0.9674043026128079,0.9930140203431945,445506866.06234753,1050076987.4700634,0.42426114597149805,0.9533005463406691,0.9899890159469433,1.3003524504813897,2.777907485168254,0.46810502416808497,0.9497155996966488,0.94971514784395,1.3003599790005291,2.7779207536219253,0.46810549843982624,0.9497153681708258,0.9497148322844431,0.7600749765573532,0.07186701633430277,10.576130961409659,0.9674043026128079,0.9930140203431945,44501805586.86648,4898421709.11413,9.084927396933846,0.9533005463406691,0.9899890159469433,25.859725040972144,2.777882523277339,9.309149981786451,0.9497155996966488,0.94971514784395,25.859712477367964,2.7778911494668237,9.309116551356365,0.9497153681708258,0.9497148322844431,1050227057.6509442,1050185551.5855018,1.243491261171489e-05,2.4208371542044915e-05,6498.093589804023,6499.682946203328,5.626213725752045,5.627802322297703,5.740200716972083,7.584369404870304,9309.98139639124,9310.58332269501,0.4268077746959676,0.3107386661476267,0.0010510333457474119,0.0007649526816473919,0.0017079786800761236,0.0012432030096275225,2.623249769434188e-07,1.3902513402344034e-07,0.0007488945192213549,0.0001222363043835443,True,True,True,0.00013266349560581148,871.250862121582,1882.1142959594727,1318.355354309082,2848.4024658203125,3801.5830993652344,8226.535675048828,0.005309867702434978,0.015402691018572858,0.3447363643166144,0.9674043026155019,0.993014020343693,0.006100159105490794,0.017692042722712454,0.34479676547805377,0.9674005321075937,0.9674005656870212,1.3003523269188488,2.7779072212902336,0.4681050241537167,0.9497155996975561,0.9497151478432719,1.3003523268996484,2.7779072212457003,0.46810502415430916,0.9497155996979016,0.949715147845975,0.7600748876560474,0.07186700792852471,10.57613096139997,0.9674043026155019,0.993014020343693,0.1871246920092147,0.017692060946607368,10.5767605353574,0.9674005321075937,0.9674005656870212,25.859722583371692,2.7778822593141066,9.30914998166869,0.9497155996975561,0.9497151478432719,25.85972258437997,2.777882259399813,9.309149981744438,0.9497155996979016,0.949715147845975
1,20,321,336,0.0053155773679112025,0.015407469784380784,0.3450000189713065,0.9673683346679693,0.9930066684035077,457937713.8021181,1073108722.2887123,0.42673934550213566,0.9529958259593566,0.9899480744411081,1.30130571959312,2.777085825825323,0.4685867852882741,0.9496796555486656,0.9497002919546856,1.301309513161105,2.7770824547502677,0.4685887201279109,0.9496793571992843,0.949700028019203,0.7600922814209741,0.07189297270981244,10.572553238116852,0.9673683346679693,0.9930066684035077,45557213005.52471,5018002655.458521,9.078754264103097,0.9529958259593566,0.9899480744411081,25.871039219965073,2.778225177779468,9.312074279250048,0.9496796555486656,0.9497002919546856,25.870978887580797,2.778223699348642,9.3120575184951,0.9496793571992843,0.949700028019203,1073265685.5774337,1073223303.9141623,1.2108301168496564e-05,2.420877899567131e-05,6495.528338093326,6497.080352849654,5.628171390796536,5.629718063730117,5.742787311480886,7.586652220239644,9307.647996674794,9309.135543974478,0.42368128565251095,0.30924631524807544,0.0010436555270384262,0.0007615676745886604,0.001694608125992178,0.0012364355790939736,2.585292003371752e-07,1.3767064331647217e-07,0.0007427608193004088,0.00012154443165279923,True,True,True,0.00013314574607647955,887.9319686889648,1917.9458084106445,1341.5058135986328,2898.001678466797,3667.9153747558594,7921.561584472656,0.005315576746717239,0.015407467982406753,0.3450000190029218,0.9673683346652463,0.993006668402772,0.006099068036978952,0.01769204358765733,0.3447350786109245,0.9673944446682923,0.96739447707281,1.3013055959418023,2.7770855620616577,0.46858678526841524,0.9496796555510412,0.9497002919545332,1.3013055960054962,2.7770855620317945,0.4685867852963897,0.9496796555479197,0.9497002919539341,0.7600921925143875,0.07189296430003556,10.572553238203472,0.9673683346652463,0.993006668402772,0.18705628646406067,0.017692061170633707,10.572893947176,0.9673944446682923,0.96739447707281,25.87103676159567,2.778224913768004,9.312074279295024,0.9496796555510412,0.9497002919545332,25.871036762553842,2.7782249138773825,9.312074279273297,0.9496796555479197,0.9497002919539341
1,21,337,352,0.005314932675424808,0.0154031985177127,0.34505383211889223,0.9673721825029854,0.9930088763643217,485459844.54960495,1130682418.1421356,0.4293511924836341,0.9524485748251463,0.9898101674471124,1.3009845980685357,2.7778793529323655,0.4683373295874781,0.9496999480283843,0.9496745727555219,1.3009914336030266,2.7778907874398175,0.4683378624838081,0.9496997644004622,0.9496743456855141,0.7602401205295106,0.0718872639501608,10.575449373849901,0.9673721825029854,0.9930088763643217,47641591952.5621,5276392926.356014,9.02919714613907,0.9524485748251463,0.9898101674471124,25.851436724986474,2.776478680341608,9.310871683626905,0.9496999480283843,0.9496745727555219,25.851455909010305,2.776487717473919,9.310848287321171,0.9496997644004622,0.9496743456855141,1130846918.551288,1130803482.0542169,1.1751562286557645e-05,2.4200677216867916e-05,6492.706434846031,6494.216521100796,5.587876193171629,5.589368278579959,5.702594153515339,7.553910330526948,9306.058031652312,9304.959260835827,0.41601196917801303,0.3067619171989498,0.001025239907242369,0.0007557877340421505,0.0016650936589403822,0.0012270410144007268,2.491966225077721e-07,1.3555401677123255e-07,0.0007299135951797995,0.00012066646233039135,True,True,True,0.00013289583148434758,918.3938255310059,1984.091293334961,1382.796859741211,2987.6188354492188,3683.9578247070312,7966.22021484375,0.005314932053876549,0.01540319671643059,0.34505383211831026,0.9673721825031076,0.9930088763643939,0.006102833834197682,0.0176920451347654,0.34494790103182754,0.9673858056345707,0.967385835534274,1.3009844743949852,2.7778790890839327,0.46833732955022667,0.9496999480316914,0.9496745727582461,1.300984474448132,2.7778790890356246,0.46833732957750335,0.9496999480290785,0.9496745727569295,0.7602400316320231,0.07188725554398799,10.575449373871706,0.9673721825031076,0.9930088763643939,0.18712218860032767,0.01769206135431018,10.576618792628171,0.9673858056345707,0.967385835534274,25.851434268909397,2.776478416593955,9.310871683498497,0.9496999480316914,0.9496745727582461,25.851434269289175,2.7764784166172687,9.310871683557098,0.9496999480290785,0.9496745727569295
1,22,353,368,0.00531799656561873,0.015403237222693423,0.3452518771692864,0.9673459539526412,0.9930031250976459,505025273.8998817,1182163969.1926985,0.42720408256459064,0.9526863538875868,0.9898568247316162,1.3001298500652938,2.7777388979238378,0.46805329724728567,0.9497403483345527,0.9497228650507037,1.300146514313859,2.7777593013457293,0.46805585843380404,0.9497399633488132,0.9497224049418447,0.7600531151170762,0.07188609551658474,10.573019853912157,0.9673459539526412,0.9930031250976459,49789662560.010994,5514297663.727634,9.029193851380423,0.9526863538875868,0.9898568247316162,25.85926686905396,2.7767729718093155,9.312704758936176,0.9497403483345527,0.9497228650507037,25.859361666165604,2.7767892265397007,9.31268438346337,0.9497399633488132,0.9497224049418447,1182339534.9996493,1182295326.3617163,1.120656093027405e-05,2.4178623789339326e-05,6487.989622230571,6489.463588755125,5.589900066311993,5.591367794235659,5.704964283948899,7.55751875148245,9302.901436712618,9302.980026564202,0.4060788428739559,0.3033868836275252,0.0010014505256820193,0.0007480136496432548,0.0016238018894773453,0.0012133755878695242,2.3743224720093938e-07,1.3257105451534423e-07,0.0007120441107294472,0.00011930437152417463,True,True,True,0.00011878302757395431,959.277458190918,2072.327735900879,1426.8801803588867,3082.484664916992,3928.160400390625,8476.066467285156,0.005317995943990131,0.015403235421115992,0.3452518771932678,0.9673459539507056,0.9930031250972978,0.006107954982049875,0.017692046927234438,0.34523732653272193,0.9673488722541123,0.9673488996725529,1.3001297265681242,2.7777386340847925,0.46805329724496925,0.9497403483340829,0.9497228650494568,1.3001297265408687,2.777738634103791,0.4680532972319558,0.9497403483360783,0.9497228650514383,0.7600530262355156,0.071886087109403,10.573019854019812,0.9673459539507056,0.9930031250972978,0.18706735518237383,0.017692061783956953,10.57351921255471,0.9673488722541123,0.9673488996725529,25.859264412083935,2.776772708019102,9.312704758803054,0.9497403483340829,0.9497228650494568,25.859264412561018,2.7767727080372944,9.312704758913853,0.9497403483360783,0.9497228650514383
1,23,369,384,0.00531579676237245,0.015407383588687124,0.3450161886198235,0.9673854970905984,0.9930176615850401,527588051.32799655,1224455090.5140257,0.43087578745457733,0.9522336023758241,0.9897484733455425,1.300424052955216,2.777118590911152,0.46826378146442654,0.9497220778279963,0.9497326283920547,1.30043069931799,2.7771187156304133,0.4682661536933212,0.9497216872306048,0.9497321159428955,0.7613204125115466,0.0719678891247771,10.57861251413916,0.9673854970905984,0.9930176615850401,51464339811.14332,5705277925.703651,9.020479016330487,0.9522336023758241,0.9897484733455425,25.870142228595675,2.7777014773174606,9.313507027248848,0.9497220778279963,0.9497326283920547,25.87001071779146,2.777694864251464,9.313481855309163,0.9497216872306048,0.9497321159428955,1224631847.3231096,1224586971.0808008,1.1044407264636814e-05,2.4188902898458764e-05,6488.531446937298,6489.98527896807,5.5882958854015,5.589745100917946,5.70378124302551,7.558078190195496,9302.932505637213,9304.465576011833,0.4028195956798865,0.3021090544058179,0.0009933763104780656,0.0007448124049071622,0.0016113778669300176,0.00120822781234169,2.3371189332616423e-07,1.314170405631551e-07,0.0007065189124647374,0.00011877376643433991,True,True,True,0.0001334919361397624,972.9598999023438,2102.6265029907227,1465.6398239135742,3166.0078125,3812.521499633789,8235.02001953125,0.005315796140437528,0.015407381786891081,0.34501618860125327,0.9673854970923484,0.9930176615854335,0.00610532101397751,0.017692047423833766,0.3450884381958389,0.9673745452413792,0.967374571970581,1.300423929234035,2.7771183271214337,0.468263781393126,0.9497220778356819,0.94973262840088,1.3004239293815063,2.7771183271107067,0.4682637814480371,0.949722077829661,0.9497326283936849,0.7613203234818432,0.07196788070877956,10.578612514137403,0.9673854970923484,0.9930176615854335,0.18713382115545646,0.01769206191848822,10.57727595673297,0.9673745452413792,0.967374571970581,25.87013977187542,2.777701213535447,9.313507027254385,0.9497220778356819,0.94973262840088,25.870139771106192,2.7777012134597627,9.313507027231221,0.949722077829661,0.9497326283936849
1,24,385,400,0.005316125479968668,0.01540517403788211,0.3450870121230727,0.9673838920069721,0.9930164885991272,568783702.9650221,1326535671.8602314,0.42877377143383083,0.9526194400077703,0.9898711897630389,1.3008642960260448,2.7775960231775336,0.468341790948373,0.9497198858983492,0.9497222283326314,1.300884714823031,2.777637460383396,0.4683421552946187,0.9497197592718306,0.9497217629297559,0.7612396078145205,0.07194902266618393,10.580263353213045,0.9673838920069721,0.9930164885991272,56155035947.80286,6205270067.460941,9.049571628198327,0.9526194400077703,0.9898711897630389,25.873547153847614,2.777725430984025,9.31465250857489,0.9497198858983492,0.9497222283326314,25.873713770145827,2.777748153113201,9.314636296723837,0.9497197592718306,0.9497217629297559,1326726390.9196103,1326680066.640077,1.1128003789378902e-05,2.42384248849703e-05,6497.817299798816,6499.248374873394,5.569267102413234,5.57067669063896,5.684568690917208,7.543510252983361,9309.588042183123,9310.50986792526,0.4042829624529875,0.30230678673405587,0.0009957080197404576,0.0007442553750435122,0.0016177146741862807,0.0012088832850891155,2.354402059046051e-07,1.315933592142581e-07,0.0007091735410370455,0.00011882969772219137,True,True,True,0.00011924743739655241,968.207878112793,2092.1237564086914,1491.6399154663086,3222.002426147461,4108.969665527344,8886.278839111328,0.005316124858047032,0.015405172235769246,0.3450870121207428,0.9673838920067399,0.9930164885991868,0.006103813231293164,0.017692047200168096,0.34500321880416246,0.9673881497029804,0.9673881769088608,1.300864172487168,2.777595759403243,0.4683417909475258,0.9497198858988156,0.9497222283316078,1.3008641724093877,2.777595759303813,0.4683417909362884,0.9497198858997489,0.9497222283345085,0.761239518765303,0.07194901425064108,10.580263353066304,0.9673838920067399,0.9930164885991868,0.18716565505200458,0.017692061959469305,10.57907526441982,0.9673881497029804,0.9673881769088608,25.87354469619374,2.777725167115128,9.314652508644444,0.9497198858988156,0.9497222283316078,25.87354469613945,2.7777251671243928,9.314652508593834,0.9497198858997489,0.9497222283345085
1,25,401,416,0.005313683428688231,0.015403413998336219,0.3449679031714776,0.9673921714853927,0.9930162893619572,598267633.2905179,1389161103.3833706,0.430668287381073,0.9523118594541327,0.9898187487367356,1.3009918368385498,2.7777108396662338,0.4683683478712548,0.9497080606676056,0.949707013528161,1.3010127564602307,2.777739807796429,0.46837099457933734,0.9497076216881308,0.9497060602773245,0.7608682123429773,0.07192048872431735,10.579297024238892,0.9673921714853927,0.9930162893619572,58761700091.732445,6506715945.418825,9.030930593044364,0.9523118594541327,0.9898187487367356,25.86825575703334,2.7776530055468083,9.312990393463823,0.9497080606676056,0.949707013528161,25.86818140782193,2.7776535709063173,9.312961730998525,0.9497076216881308,0.9497060602773245,1389364573.1581328,1389317067.9008965,1.0904237512530794e-05,2.423317164357286e-05,6499.3630204727015,6500.756755848815,5.547579803471625,5.548950616907545,5.664120908739894,7.528219011875064,9311.339881354601,9313.046604119656,0.39989153147639733,0.300770081315477,0.0009846147496567722,0.0007402979888182699,0.0016008247836309724,0.001203099304233788,2.3032295575002437e-07,1.3026210051800445e-07,0.0007017348192592783,0.00011827379471970542,True,True,True,0.0001192983181681484,984.7747268676758,2127.9101333618164,1536.2785339355469,3320.6366577148438,4171.5523681640625,9029.904174804688,0.005313682807481015,0.015403412196914986,0.34496790318610354,0.9673921714843673,0.9930162893617912,0.006100838543849914,0.017692047806839462,0.3448350699963306,0.9674053293927013,0.9674053555766929,1.3009917133317346,2.777710575739335,0.4683683479102042,0.9497080606634022,0.9497070135249713,1.3009917132040956,2.7777105757714686,0.4683683478588348,0.9497080606688617,0.949707013530096,0.7608681233740061,0.0719204803138053,10.57929702435477,0.9673921714843673,0.9930162893617912,0.18717303568703667,0.017692062019248944,10.579492400794923,0.9674053293927013,0.9674053555766929,25.86825329964643,2.777652741681398,9.312990393459906,0.9497080606634022,0.9497070135249713,25.86825329974441,2.7776527416950296,9.312990393449477,0.9497080606688617,0.949707013530096
1,26,417,432,0.005316493316316767,0.015409312253006955,0.3450182090559761,0.9673792670748322,0.993011663217023,577508685.6067357,1345235248.2594898,0.4292994004981179,0.9523156463655826,0.989778441365095,1.3005200743090646,2.7777245463387334,0.4681961989439362,0.9497293512812253,0.9497136642025031,1.3005468780588223,2.777755419568732,0.46820064462721567,0.9497287701557617,0.9497128967041932,0.7607666146353043,0.07192885448656416,10.5766541128138,0.9673792670748322,0.993011663217023,56499082599.26525,6275625429.612802,9.002940540820514,0.9523156463655826,0.989778441365095,25.862295466232805,2.776858021010613,9.313510186891172,0.9497293512812253,0.9497136642025031,25.86243376176468,2.776878602984915,9.313490958504525,0.9497287701557617,0.9497128967041932,1345426889.578756,1345379392.1957355,1.1064042410686731e-05,2.4255181415355764e-05,6503.934541841983,6505.329670071963,5.5465242434682,5.547888368344684,5.6623172738569245,7.527166215692954,9313.844515755558,9315.417203312949,0.40288125011649556,0.3017005051604317,0.0009914510576483323,0.0007420933756942312,0.0016123108066946857,0.0012067290292943889,2.338605742496905e-07,1.3111598986679916e-07,0.0007068963899760694,0.00011864380570154786,True,True,True,0.00012322723341640085,969.7711181640625,2095.2284622192383,1502.7088012695312,3247.539016723633,3930.4035034179688,8498.237365722656,0.005316492694584374,0.015409310450807318,0.3450182090598243,0.9673792670745636,0.9930116632170417,0.0061023627756784495,0.017692047160113224,0.3449212361041093,0.9673871258452379,0.9673871529118996,1.3005199507586385,2.7777242823334674,0.4681961989640375,0.94972935127897,0.9497136642048409,1.3005199507542056,2.777724282433975,0.46819619894550074,0.94972935128106,0.9497136642029681,0.7607665256701954,0.07192884607489368,10.57665411284467,0.9673792670745636,0.9930116632170417,0.18711530334022977,0.017692061843426633,10.576229327942984,0.9673871258452379,0.9673871529118996,25.862293010496824,2.77685775734138,9.313510186873204,0.94972935127897,0.9497136642048409,25.862293009445477,2.776857757222988,9.313510186891678,0.94972935128106,0.9497136642029681
1,27,433,448,0.005315509940530744,0.015407877779028056,0.34498650734144465,0.9673901752014402,0.9930165501644236,621958205.8908838,1437049999.2876964,0.4328020640890507,0.9517175516316548,0.9896422166748017,1.30166655391804,2.7775876144110656,0.4686320414033217,0.9496767878097646,0.9496688261492786,1.3016814366353577,2.7776081968391586,0.46863392688595723,0.9496764914682938,0.9496680658244696,0.7611581762142017,0.07194842187196045,10.57921989684166,0.9673901752014402,0.9930165501644236,60047423890.18619,6698758818.843163,8.963962655481309,0.9517175516316548,0.9896422166748017,25.862034487387252,2.7771482404035814,9.312442926571656,0.9496767878097646,0.9496688261492786,25.86193950138698,2.777143220920134,9.312425555358395,0.9496764914682938,0.9496680658244696,1437256220.448057,1437207602.1197724,1.0259785401180432e-05,2.4201091946451925e-05,6487.459858513468,6488.800094296897,5.540692458904646,5.542016583355183,5.655758410217033,7.519637932463784,9301.866713436259,9301.317683786787,0.3881186581159999,0.29669007384208784,0.0009574790396427433,0.0007316212009709721,0.0015525917294389776,0.0011863293954926352,2.1701566087127408e-07,1.2678214033843978e-07,0.0006804166259147782,0.00011663925856693554,True,True,True,0.00012601060734596103,1047.5588302612305,2263.7223510742188,1589.6841278076172,3435.8467559814453,4034.056930541992,8755.639526367188,0.005315509319158372,0.015407875976867012,0.3449865073640871,0.9673901751991529,0.993016550164058,0.00610160147325698,0.017692049837030994,0.344878153151355,0.9674008262987063,0.9674008496392988,1.3016664301146244,2.77758735051773,0.46863204135488284,0.9496767878151658,0.9496688261563149,1.3016664302195071,2.7775873505520328,0.4686320413868557,0.9496767878115956,0.949668826151369,0.7611580871965017,0.07194841345789289,10.579219896794,0.9673901751991529,0.993016550164058,0.18717056750695435,0.017692062504322082,10.579352602966981,0.9674008262987063,0.9674008496392988,25.862032031226672,2.7771479766421603,9.3124429266086,0.9496767878151658,0.9496688261563149,25.862032030769218,2.777147976600591,9.312442926583271,0.9496767878115956,0.949668826151369
1,28,449,464,0.005313993099339291,0.015404131067030834,0.3449719478635655,0.9673811290016909,0.993012896205079,656551393.6108408,1519777930.5560412,0.43200482150088093,0.9518307489276949,0.9896754353838323,1.3003634702220122,2.777080623093455,0.4682483682355275,0.94972896969497,0.9497379498894183,1.300364526151023,2.7770726028822144,0.4682501007720957,0.9497286351430597,0.9497379485449677,0.7605430311772599,0.0719132531681836,10.575839607736519,0.9673811290016909,0.993012896205079,63591194207.135254,7090523177.748759,8.96847702390918,0.9518307489276949,0.9896754353838323,25.871675893861806,2.7775767971241376,9.314477252491798,0.94972896969497,0.9497379498894183,25.87169621029923,2.7775871858037138,9.314449729077749,0.9497286351430597,0.9497379485449677,1520005205.0183625,1519955717.470233,9.652308092926774e-06,2.4175837097573094e-05,6482.170119309107,6483.474419835226,5.516136514717226,5.51741848447563,5.633031527592906,7.503802250798547,9298.394355638036,9299.193532343812,0.37666290611388226,0.29277923444302245,0.0009297673161552816,0.0007225322741121152,0.0015065287923664453,0.0011709628248982424,2.0434195966018415e-07,1.2342911772311543e-07,0.0006605639731905185,0.0001151067151274217,True,True,True,0.00012066671479260549,1106.6751327514648,2391.1636657714844,1667.1090545654297,3602.0467681884766,4138.927719116211,8966.853302001953,0.00531399247794557,0.015404129265769324,0.3449719478629794,0.9673811290015357,0.9930128962049879,0.006104553932971477,0.01769205168165744,0.34504499776588865,0.9673764919177068,0.9673765124692633,1.3003633468900375,2.777080359376812,0.46824836829058997,0.9497289696883677,0.9497379498814372,1.3003633467672162,2.7770803593113267,0.46824836825740485,0.9497289696925623,0.949737949886381,0.760542942232961,0.07191324475850724,10.575839607668236,0.9673811290015357,0.9930128962049879,0.18712143903131062,0.01769206282697713,10.576575544711776,0.9673764919177068,0.9673765124692633,25.871673435974486,2.7775765332841216,9.314477252363812,0.9497289696883677,0.9497379498814372,25.871673436075593,2.7775765332600706,9.314477252480867,0.9497289696925623,0.949737949886381
1,29,465,480,0.005317939402996488,0.01540612245380654,0.3451835086305271,0.9673547517494263,0.993003563639153,649756530.681764,1498358647.3048553,0.43364553062813194,0.9516458976371612,0.989654609738911,1.2999955326460106,2.7770730983462473,0.4681171458612885,0.9497317424717733,0.9497494361896812,1.3000051680412912,2.77707930051401,0.46811957001036053,0.9497313782778493,0.9497488300568829,0.7600925855277437,0.07188469474227717,10.573774963541918,0.9673547517494263,0.993003563639153,62806381807.13405,7003291860.388145,8.968122856963598,0.9516458976371612,0.989654609738911,25.87026759646149,2.778050933106414,9.312380593228857,0.9497317424717733,0.9497494361896812,25.87014729234885,2.778043755159871,9.312361349348176,0.9497313782778493,0.9497488300568829,1498577651.7992885,1498527924.7772012,9.582915359820423e-06,2.4161576220649295e-05,6479.5594961634615,6480.853516355774,5.537987027368027,5.539266133621023,5.65355979050614,7.518605966937656,9296.476958232937,9296.917114865097,0.37520072636181456,0.2920806296469426,0.0009265396284175036,0.0007210999225805092,0.001500877688227906,0.0011685183765590191,2.0276134432913676e-07,1.2282054584872334e-07,0.0006581770979669329,0.0001148698622584432,True,True,True,0.00012779490498360246,1117.829689025879,2414.880599975586,1677.434066772461,3623.6798400878906,3938.189987182617,8504.641418457031,0.005317938780450451,0.015406120651868863,0.3451835085950304,0.9673547517525425,0.9930035636398096,0.006107082668429924,0.017692051957404108,0.34518792297996365,0.9673565226164902,0.9673565427455222,1.2999954091339143,2.77707283452959,0.4681171458558887,0.9497317424718995,0.9497494361911097,1.2999954091435881,2.7770728345087883,0.4681171458628786,0.9497317424712848,0.9497494361897505,0.7600924966186281,0.07188468633435192,10.57377496346393,0.9673547517525425,0.9930035636398096,0.18708443228978733,0.017692062866906673,10.574483806505807,0.9673565226164902,0.9673565427455222,25.87026513927236,2.778050669268867,9.312380593144814,0.9497317424718995,0.9497494361911097,25.870265138765067,2.7780506692068845,9.31238059316998,0.9497317424712848,0.9497494361897505
1,30,481,488,0.0034115801464664735,0.007701896533589617,0.4429532559399939,0.926894757355774,0.9843450592936982,388227832.18629235,750806039.6224164,0.517081392128297,0.9020932004590384,0.9790764869567451,0.7610699480105716,1.3893387823136731,0.547792919696057,0.8996653264208917,0.8995775442665144,0.7610704255562385,1.3893386239436691,0.5477933258602736,0.8996651343147667,0.8995781030761963,0.21792354314655243,0.0359662182995137,6.059117512210034,0.926894757355774,0.9843450592936982,18554619933.26428,3513225349.084113,5.281363445160559,0.9020932004590384,0.9790764869567451,7.57868289967335,1.3881243213588927,5.459657166913019,0.8996653264208917,0.8995775442665144,7.5787298275565345,1.3881345453020646,5.459650761668327,0.8996651343147667,0.8995781030761963,750855963.7993267,750830817.7094027,4.772606932474782e-06,2.4172251869458705e-05,3239.6376693871753,3240.275618226767,2.882205062509876,2.8828373661028417,3.0114294671406325,3.98461797173083,4648.981525398856,4646.909334759592,0.37486750513818357,0.29192824456576777,0.0009258274134729306,0.0007207637970159025,0.0010600970561347128,0.0008258958528492258,2.0233200328359023e-07,1.2278301658376388e-07,0.0006075796366311455,0.0001500020094782224,True,True,True,0.00013264353037811816,1120.3908386230469,2421.4879150390625,1697.7447509765625,3669.7207946777344,3874.0267944335938,8359.102844238281,0.003411579747245276,0.007701895632709488,0.44295325591747853,0.9268947573597707,0.9843450592948174,0.003918684483843138,0.008846733733705347,0.44295268760189577,0.9269036639171943,0.9269037082003382,0.7610698756947303,1.3893386503181477,0.5477929196891278,0.8996653264211378,0.899577544265197,0.7610698756803159,1.3893386503296974,0.547792919674199,0.8996653264250537,0.8995775442704597,0.21792351766084045,0.03596621409320001,6.059117512233305,0.9268947573597707,0.9843450592948174,0.05360989439222504,0.00884673909322733,6.059848021658782,0.9269036639171943,0.9269037082003382,7.578682179457687,1.3881241894571321,5.459657166857354,0.8996653264211378,0.899577544265197,7.578682179711316,1.388124189487242,5.459657166921642,0.8996653264250537,0.8995775442704597
2,0,1,16,0.004596911079391249,0.015293706391111127,0.3005753452977903,0.9618737566036584,0.9870110468822474,238748245.16248837,541716564.169839,0.44072539212154493,0.930232989538948,0.9705333171414446,1.2014981671995821,2.77722320187371,0.4326257127583289,0.9346470694813386,0.9346599797926598,1.2015469393962173,2.777279388090097,0.432634521592913,0.9346453668042408,0.9346571898687239,0.3539092825817059,0.04489134474607877,7.883686367239415,0.9618737566036584,0.9870110468822474,8102311560.093727,1282599245.4182632,6.317103014863786,0.930232989538948,0.9705333171414446,18.388396014983286,2.777771943916196,6.619836468309457,0.9346470694813386,0.9346599797926598,18.388357295657563,2.7777819063201385,6.619798787593625,0.9346453668042408,0.9346571898687239,541825204.3545749,541796337.3543277,5.131243743465112e-05,2.431556822557468e-05,6533.0194900867145,6535.417355704257,5.168949944492356,5.171397367419379,5.283340536768432,6.71803067473464,9333.31692431148,9336.05681161401,0.8343624122599718,0.5341036328171702,0.002126256477570954,0.0013216163816841717,0.0034725428900871506,0.002159169354285557,1.0854999660918481e-06,4.196049409842704e-07,0.001583971094789553,0.0002517591391999474,True,True,True,0.00010237167589366436,394.6013927459717,617.3008499145508,716.591630935669,1129.314853668213,2993.322441101074,4827.197769165039,0.004596910541517291,0.015293704602919903,0.30057534527243585,0.9618737566063935,0.9870110468827408,0.005328757518208646,0.017691895466852174,0.3011976601485518,0.9606170958427513,0.9606173578739051,1.2014980529791925,2.7772229380228985,0.43262571273249584,0.93464706948576,0.9346599797979154,1.2014980530393768,2.7772229380699383,0.4326257127468388,0.9346470694829601,0.9346599797937238,0.3539092411850405,0.04489133949571753,7.883686367139973,0.9618737566063935,0.9870110468827408,0.13530726306140387,0.017692013179314608,7.647929135594602,0.9606170958427513,0.9606173578739051,18.388394268369986,2.777771680048747,6.619836468362039,0.93464706948576,0.9346599797979154,18.388394268111487,2.7777716800366172,6.619836468297886,0.9346470694829601,0.9346599797937238
2,1,17,32,0.0052382688911899785,0.015404887838209815,0.3400394047788609,0.9667426188456816,0.9923327499841431,64235810.51724991,167679912.02016813,0.3830859030360404,0.9592347371475692,0.9905271406537589,1.2886173125325249,2.777314343008369,0.4639796412590096,0.9482552167912066,0.9482572008834818,1.288762518013036,2.777467109674317,0.46400640120060865,0.9482517415060575,0.9482515271911971,0.6832004800099838,0.06682007570058486,10.224479287801882,0.9667426188456816,0.9923327499841431,6781037083.88106,721589484.0966924,9.3973612882812,0.9592347371475692,0.9905271406537589,24.904283002369517,2.777420839912822,8.966694079803625,0.9482552167912066,0.9482572008834818,24.904358487537927,2.7774556068715546,8.966609016512589,0.9482517415060575,0.9482515271911971,167706262.227288,167688728.9439793,0.00014559679493045307,2.42603800870711e-05,6522.994802683831,6528.098656360092,5.926627849529507,5.931943061642245,6.034629948682701,7.753843444163418,9327.541232939644,9332.163765004167,1.4442870308563214,0.7425746612574282,0.0035504568245691565,0.0018218160271748396,0.005788932927205506,0.0029731738413267157,3.016988068426496e-06,7.955978874228279e-07,0.002549658843662202,0.00029788773882896057,True,True,True,0.00024760712403804064,186.8326644897461,388.5191116333008,347.2886371612549,721.9274063110352,1879.3876190185547,3911.312225341797,0.005238268278297583,0.015404886036538347,0.3400394047624309,0.9667426188474205,0.9923327499846963,0.006014033831395197,0.01769155108976768,0.33993818862346975,0.9667394228398558,0.9667401684586688,1.2886171900025438,2.7773140791080464,0.46397964122818697,0.9482552167949676,0.9482572008891896,1.2886171900825454,2.7773140791931517,0.4639796412427746,0.9482552167929295,0.948257200885445,0.683200400122872,0.06682006788700127,10.224479287842465,0.9667426188474205,0.9923327499846963,0.1808197321721761,0.017691947698911914,10.220453691669958,0.9667394228398558,0.9667401684586688,24.90428063705813,2.777420576106887,8.966694079859696,0.9482552167949676,0.9482572008891896,24.904280636801936,2.7774205761003907,8.966694079788427,0.9482552167929295,0.948257200885445
2,2,33,48,0.005299095656592278,0.015403164156277138,0.3440264352719228,0.9672815909880683,0.9928997474759839,46716857.17481172,124015959.57580261,0.3767003644902401,0.961680047354162,0.9916709182003652,1.2973809266115417,2.776798822017237,0.4672217937880875,0.9494960273806639,0.9495092240813028,1.2975394965670728,2.776952424186572,0.4672530523986739,0.9494921867103735,0.9495032582742284,0.7463249565657641,0.07097874663448488,10.514766630200874,0.9672815909880683,0.9928997474759839,5608884424.314369,570565377.1441301,9.830397442601067,0.961680047354162,0.9916709182003652,25.695404814151587,2.7775245898851644,9.251188957147614,0.9494960273806639,0.9495092240813028,25.695509298669478,2.7775612794321933,9.251104373085989,0.9494921867103735,0.9495032582742284,124033759.39334992,124018478.46668787,0.00016047530170768714,2.430421591270715e-05,6536.187333971177,6542.0545116552,6.034147634862998,6.040238618674456,6.140640271336884,7.886310201678141,9336.05378198062,9341.384022350858,1.5276547176645774,0.7611978655099794,0.0037401794472772033,0.001862002679059093,0.006109142343330445,0.003044699442358099,3.362168177843248e-06,8.346015874840816e-07,0.002681575045335616,0.0003003210799486482,True,True,True,0.0003089099773205817,176.48992156982422,378.85804176330566,307.9086380004883,660.8881950378418,1590.126609802246,3410.9917755126953,0.005299095037698569,0.015403162355126015,0.34402643532060706,0.9672815909833476,0.9928997474749217,0.006087349545498826,0.017691497214596084,0.34408334533023904,0.967271911353854,0.9672727348997573,1.297380803400854,2.7767985583514623,0.46722179378078,0.9494960273814563,0.9495092240802147,1.2973808033340513,2.7767985582503627,0.4672217937737334,0.9494960273820311,0.9495092240827872,0.7463248692890883,0.07097873833429019,10.514766630171769,0.9672815909833476,0.9928997474749217,0.18600239057108608,0.01769194240181255,10.513395666042301,0.967271911353854,0.9672727348997573,25.695402373336503,2.777524326047036,9.251188957148079,0.9494960273814563,0.9495092240802147,25.695402373322633,2.777524326055817,9.25118895711384,0.9494960273820311,0.9495092240827872
2,3,49,64,0.005312211516206271,0.015409324101170923,0.34474007304464493,0.9673641317563556,0.9929921048284385,45385357.78375785,118799143.50463612,0.3820343854750661,0.9611960394890798,0.9916771460304347,1.2990204062006385,2.777467510725012,0.46769958647024845,0.949694142702612,0.9496872123717786,1.2991555382394622,2.777608867608511,0.46772443499506106,0.9496910569323327,0.949681518644047,0.7580323886355373,0.07176144316915727,10.563226645939809,0.9673641317563556,0.9929921048284385,5453100336.701976,553881792.248461,9.845242095006107,0.9611960394890798,0.9916771460304347,25.8188915271312,2.7770849286889967,9.297119890143135,0.949694142702612,0.9496872123717786,25.818655556180957,2.7770823486554335,9.297043556767933,0.9496910569323327,0.949681518644047,118815748.59880671,118800782.80054007,0.00013985151772846717,2.4333063265657984e-05,6555.895474100391,6561.734727108935,6.088609719739506,6.094660566621749,6.194549313906059,7.935183631614817,9350.393272652938,9354.36235039217,1.4382752643483527,0.7180351791162998,0.0035103402569530615,0.0017509080526597147,0.0057567147543822455,0.0028738572443725127,2.978830523178131e-06,7.425568523452144e-07,0.0025253067552568472,0.00028279282328142955,True,True,True,0.00035450985888019204,189.69958305358887,409.36628913879395,321.6387825012207,693.9606399536133,1456.3426666259766,3144.224868774414,0.005312210894843179,0.015409322298987994,0.34474007303955595,0.9673641317565961,0.9929921048286604,0.006097560315734623,0.017691574302340907,0.3446590004671211,0.9673725726684154,0.9673732845196947,1.2990202826642805,2.77746724698481,0.4676995864035781,0.9496941427099197,0.9496872123780842,1.2990202827335773,2.7774672469002804,0.46769958644276177,0.9496941427055587,0.949687212374736,0.758032299993399,0.07176143477811016,10.563226645861691,0.9673641317565961,0.9929921048286604,0.18688857354995936,0.017691960297977195,10.563474617978157,0.9673725726684154,0.9673732845196947,25.81888907500003,2.777084664929756,9.297119890168382,0.9496941427099197,0.9496872123780842,25.81888907465918,2.7770846649011713,9.29711989014134,0.9496941427055587,0.949687212374736
2,4,65,80,0.005315996266146081,0.015404187090165956,0.34510073365311283,0.9673602083059362,0.9930047980696125,47934400.95670052,125595550.23995024,0.38165684106739345,0.9612361915878189,0.9917008721589566,1.3005969590385045,2.7773736828239413,0.46828302834500135,0.9497051238620575,0.949699536774937,1.3007089112173595,2.777486901756988,0.468304246689536,0.9497025807492094,0.9496950967147497,0.7599489362920477,0.07187633221212097,10.573006619888329,0.9673602083059362,0.9930047980696125,5775835952.26006,586635359.7840025,9.845700324621937,0.9612361915878189,0.9917008721589566,25.856560271008856,2.7770651880758366,9.310750205660192,0.9497051238620575,0.949699536774937,25.856503566695757,2.7770736854236553,9.310701297704757,0.9497025807492094,0.9496950967147497,125612705.05284064,125597429.02395658,0.00012645633296761455,2.436868817312643e-05,6569.941194889006,6575.513051512142,6.117140977571193,6.122898515399432,6.222214708665842,7.957204412629995,9359.706301976568,9361.893460049092,1.3598527075308877,0.6833478520157514,0.003312677448772803,0.0016631404010958922,0.005440906308429958,0.002733925422277344,2.6642954056995054e-06,6.727955090324067e-07,0.002385344959926417,0.00026882630896945484,True,True,True,0.0003445131878834218,203.7776746749878,440.17148780822754,339.4850196838379,733.2192115783691,1452.2285232543945,3139.008041381836,0.005315995644140101,0.015404185288703893,0.34510073363233273,0.9673602083080878,0.9930047980701433,0.0061048005562613005,0.017691639133655828,0.34506698390924023,0.9673634887072882,0.9673641072044358,1.3005968354433388,2.7773734189902264,0.46828302832832563,0.9497051238639903,0.9496995367776793,1.3005968354605864,2.7773734189832084,0.46828302833571894,0.949705123862868,0.9496995367768762,0.7599488474307647,0.07187632380716838,10.573006619948659,0.9673602083080878,0.9930047980701433,0.18705786890840165,0.01769197441568441,10.573035236958619,0.9673634887072882,0.9673641072044358,25.856557815280727,2.777064924316104,9.310750205686427,0.9497051238639903,0.9496995367776793,25.85655781521085,2.777064924326722,9.310750205625665,0.949705123862868,0.9496995367768762
2,5,81,96,0.005317834940036146,0.015408651444261392,0.3451200748665552,0.9673696631355532,0.9930097533491252,57141399.42651667,148842631.7608317,0.38390479092263374,0.9608048146814032,0.9915992364582479,1.3001825202502537,2.7769045337693963,0.4682128983690245,0.9497317941042159,0.949744456978131,1.3002867348036249,2.7770067182927596,0.4682331973625946,0.9497292651338762,0.9497411369871985,0.760750686725858,0.07192728845843666,10.576662947129718,0.9673696631355532,0.9930097533491252,6801929270.181431,694450511.0968412,9.794692582828125,0.9608048146814032,0.9915992364582479,25.871425161687615,2.777604229561562,9.314294990748683,0.9497317941042159,0.949744456978131,25.871789707467652,2.7776626865033016,9.314230209873578,0.9497292651338762,0.9497411369871985,148863059.75152713,148846483.28648633,0.0001013997053023874,2.4366956495214254e-05,6576.654215896649,6581.662454300568,6.121161123315336,6.126334770910686,6.22657847310247,7.963489271902648,9364.399578699915,9369.199280493422,1.223787033182304,0.6248089529677914,0.002979913198341793,0.0015198501474935466,0.004900122205383544,0.0025013467055810946,2.1606871313592097e-06,5.627886792825516e-07,0.0021486087967720236,0.00024588422134020585,True,True,True,0.0003071223618462682,230.20819187164307,497.3534908294678,379.1767807006836,819.1858596801758,1608.518325805664,3471.789291381836,0.005317834318119487,0.015408649642424424,0.3451200748622362,0.9673696631359165,0.9930097533489924,0.006104038469587798,0.017691730024212985,0.3450221352707611,0.9673756658161221,0.9673761523881087,1.300182396883529,2.776904269988603,0.46821289841902447,0.949731794098672,0.9497444569713115,1.3001823967898387,2.77690426997943,0.468212898386832,0.9497317941024007,0.9497444569760233,0.7607505977422054,0.071927280045329,10.57666294711514,0.9673696631359165,0.9930097533489924,0.1871035735025592,0.017691993889478834,10.575606948057276,0.9673756658161221,0.9673761523881087,25.871422703388465,2.777603965643719,9.3142949907161,0.949731794098672,0.9497444569713115,25.871422703949804,2.7776039656889333,9.314294990766575,0.9497317941024007,0.9497444569760233
2,6,97,112,0.005317646712268152,0.015403702478171051,0.345218736846152,0.967365863788,0.9930120189212536,72597893.44447401,188001834.51547265,0.3861552395569798,0.9604056388834636,0.9915308934679623,1.3013219203073274,2.7771324804019932,0.4685847468533296,0.949695230383839,0.9497106702651961,1.3013989087072475,2.7772073713776835,0.4685998323782589,0.9496932913847215,0.9497074122185186,0.7609703936436593,0.0719358737777133,10.578454860993405,0.967365863788,0.9930120189212536,8572084099.998476,878937169.8440391,9.752783696153763,0.9604056388834636,0.9915308934679623,25.876700428693873,2.7779851184513866,9.31491686432038,0.949695230383839,0.9497106702651961,25.876554898343205,2.77798713804791,9.314857705398394,0.9496932913847215,0.9497074122185186,188027195.07901332,188008603.28161514,7.388790916926492e-05,2.4380495233344845e-05,6578.582072701977,6582.917078726336,6.092773794837236,6.097242912700672,6.198125490873544,7.93857569538328,9365.657320398399,9368.155451269315,1.0467408391152229,0.5501115987370814,0.002548874628502748,0.001338069224080563,0.004189571631639821,0.0022011800173254658,1.581627867247851e-06,4.363305334733321e-07,0.0018362609789595956,0.00021635769107556508,True,True,True,0.0002740808413363993,273.52337169647217,591.1565170288086,443.6169967651367,959.0009918212891,1783.5690460205078,3858.3008575439453,0.0053176460904462075,0.015403700676681314,0.3452187368517394,0.9673658637872631,0.9930120189213667,0.006106967029052847,0.01769182782529869,0.3451857597393131,0.967371833727436,0.9673721786861452,1.3013217967086386,2.777132216642843,0.46858474685146645,0.9496952303844083,0.9497106702652439,1.301321796671482,2.7771322165956773,0.4685847468460453,0.9496952303848234,0.9497106702663207,0.7609703046714897,0.07193586536747722,10.578454860925751,0.9673658637872631,0.9930120189213667,0.1871705429028952,0.017692014872727698,10.579379694701661,0.967371833727436,0.9673721786861452,25.87669797096671,2.7779848545824617,9.314916864388753,0.9496952303844083,0.9497106702652439,25.87669797078196,2.7779848545718417,9.314916864357858,0.9496952303848234,0.9497106702663207
2,7,113,128,0.005320939288523764,0.015406638942379005,0.3453666505994029,0.9673621813005175,0.993015265685901,86808041.63032623,220769273.45357135,0.3932070811864238,0.9591688983984586,0.9912405673610192,1.3004681138309464,2.7777036039257386,0.4681810226235046,0.9497521671896738,0.9497460075062817,1.3005366275278845,2.777760340733783,0.4681961249343527,0.9497503420283557,0.9497429961937544,0.7617955170869193,0.07199115470358727,10.581793280348085,0.9673621813005175,0.993015265685901,9910235652.023548,1029090924.7667986,9.630087501033302,0.9591688983984586,0.9912405673610192,25.87790639705897,2.7773631379466504,9.317437119940651,0.9497521671896738,0.9497460075062817,25.877719104421843,2.7773543283080553,9.317399238787932,0.9497503420283557,0.9497429961937544,220799804.14648408,220779180.88854527,5.603987465858472e-05,2.4362181648029946e-05,6573.299500379344,6577.053595562779,6.050276586102852,6.054141254156905,6.1569588554429835,7.904971411747782,9362.759699124268,9362.889517605774,0.9058555940194757,0.4922002734159658,0.002206683737198368,0.0011979089597746967,0.003622594185144725,0.00196830948228537,1.1833248809924677e-06,3.491657456419585e-07,0.0015882848598346548,0.00019346410199139286,True,True,True,0.0002644041960593313,321.2469177246094,694.3668441772461,506.5887393951416,1094.666877746582,1709.5987243652344,3691.6980895996094,0.005320938666435564,0.015406637140573875,0.34536665061207295,0.9673621812992821,0.9930152656857122,0.006107531709917143,0.017691893525924453,0.3452163953489544,0.9673754682844058,0.9673757182778836,1.3004679903594696,2.777703340059301,0.46818102264718664,0.9497521671870406,0.9497460075034316,1.300467990292804,2.7777033400623132,0.4681810226226787,0.9497521671898944,0.9497460075072656,0.7617954280023522,0.0719911462850067,10.581793280335754,0.9673621812992821,0.9930152656857122,0.1872081586941656,0.017692029095437642,10.581497333307132,0.9673754682844058,0.9673757182778836,25.877903938642774,2.7773628741005933,9.317437119923676,0.9497521671870406,0.9497460075034316,25.87790393929045,2.777362874157751,9.317437119965122,0.9497521671898944,0.9497460075072656
2,8,129,144,0.005318272075861813,0.015409185484420466,0.34513648247267054,0.9673825975321139,0.9930190082821969,110557853.73256642,277414933.2138181,0.39852884793102955,0.9582474207533184,0.9910464149516437,1.299821736088922,2.777080134536982,0.4680533773310214,0.9497637674274079,0.949784983114765,1.2998688063203159,2.777114165312541,0.46806459113431026,0.9497623126409845,0.9497828133869239,0.7618218572440086,0.07199659088061755,10.581360143944,0.9673825975321139,0.9930190082821969,12347886699.625753,1293648177.8714144,9.54501147285897,0.9582474207533184,0.9910464149516437,25.88511996440483,2.7782534421958185,9.317047743472346,0.9497637674274079,0.949784983114765,25.884938882295803,2.778247898916268,9.317001154718028,0.9497623126409845,0.9497828133869239,277452933.8778278,277429715.41057366,4.261704009215713e-05,2.4364955606870353e-05,6570.833326998792,6574.0863925558215,6.006862589556081,6.01021859229878,6.114463840298636,7.874916028543697,9360.682745910028,9364.120464697906,0.7900020543566558,0.44576679511759004,0.0019254228481429968,0.001085385266075901,0.0031634144841199527,0.0017838785157902493,9.004326031950629e-07,2.8629944192864325e-07,0.0013873190254908795,0.00017531202549997597,True,True,True,0.00027549953665584326,378.1128959655762,817.2238159179688,588.2480659484863,1270.5977935791016,1776.9334259033203,3837.211212158203,0.005318271453816296,0.01540918368215892,0.3451364824714176,0.9673825975321315,0.9930190082822524,0.0061005364058746335,0.017691941350664483,0.3448200672248728,0.967410334082903,0.967410514539815,1.2998216124993716,2.7770798707948634,0.46805337727911045,0.949763767433262,0.9497849831207605,1.2998216126183724,2.777079870758197,0.4680533773281413,0.9497637674278067,0.949784983114597,0.7618217681444622,0.0719965824604153,10.581360143911304,0.9673825975321315,0.9930190082822524,0.18719339442556493,0.017692039315792142,10.580656705780305,0.967410334082903,0.967410514539815,25.88511750628844,2.778253178350232,9.31704774352473,0.949763767433262,0.9497849831207605,25.885117505481105,2.778253178274241,9.317047743488981,0.9497637674278067,0.949784983114597
2,9,145,160,0.005317090510026597,0.015402641878660209,0.34520639718263074,0.9673630962095299,0.9930109763920164,140858470.11470327,348215418.3594388,0.4045153163473789,0.9571435320624246,0.9908159757396179,1.3014577591432395,2.7777133217704715,0.4685356652693412,0.9497012445857772,0.9496939861627741,1.3014838192504459,2.777744776574819,0.46853974138519644,0.9497005843133688,0.9496931820182702,0.7607772999869208,0.0719262903245411,10.57717972877777,0.9673630962095299,0.9930109763920164,15337336457.432446,1624917627.5226555,9.438839358777653,0.9571435320624246,0.9908159757396179,25.870818613343896,2.7773125383107415,9.315054844018178,0.9497012445857772,0.9496939861627741,25.870923096807935,2.7773360509314613,9.315013603820596,0.9497005843133688,0.9496931820182702,348263882.5278516,348238144.33908117,3.1919130391062656e-05,2.43338417931227e-05,6556.128347910134,6558.961183307268,5.945307651702035,5.948212783667431,6.053639213258833,7.827427816169585,9350.368988866285,9353.294042819478,0.685392032723716,0.40539415967553655,0.0016736549929415982,0.000989164008794835,0.0027453407105532757,0.0016226992098240208,6.771530648310692e-07,2.3677272293375157e-07,0.0012032250585986887,0.00015951519771835348,True,True,True,0.0002576136321295053,446.452356338501,964.9275970458984,685.6658172607422,1482.649024963379,1980.4561920166016,4284.92301940918,0.0053170898877191045,0.015402640077636217,0.3452063971448132,0.9673630962130243,0.9930109763925518,0.006105057423415784,0.017691976858178235,0.3450749157290289,0.9673828034399358,0.9673829324739815,1.3014576354324057,2.7777130578664795,0.4685356652468762,0.9497012445872857,0.9496939861647617,1.3014576355057332,2.777713057860556,0.4685356652742739,0.9497012445846397,0.949693986162187,0.760777211004501,0.07192628191204035,10.57717972875153,0.9673630962130243,0.9930109763925518,0.18717370648191542,0.017692046848141352,10.579539387867891,0.9673828034399358,0.9673829324739815,25.870816155200203,2.7773122744712753,9.315054843850897,0.9497012445872857,0.9496939861647617,25.87081615533373,2.7773122744693093,9.31505484390557,0.9497012445846397,0.949693986162187
2,10,161,176,0.005312921472865027,0.015405733468411847,0.3448665059510943,0.9673952397113664,0.9930165860104847,168980901.6647463,415987457.84688085,0.40621633772176324,0.9569380212396768,0.9907841591058678,1.299929388954539,2.7776343723850268,0.46799874089920246,0.9497421058599418,0.9497285748146703,1.2999579265365786,2.777672381804031,0.4680026107658843,0.9497415375153618,0.9497273969385226,0.7607914239141008,0.07192760554684063,10.577182684312477,0.9673952397113664,0.9930165860104847,18335917862.07357,1943744828.078444,9.433294739721662,0.9569380212396768,0.9907841591058678,25.85821635575766,2.7768867449544987,9.31194489755158,0.9497421058599418,0.9497285748146703,25.858178160118044,2.7768910836941836,9.311916593328577,0.9497415375153618,0.9497273969385226,416044934.70888084,416016850.90994513,2.6858327764177344e-05,2.4334520276170224e-05,6558.464069423735,6561.0431913989305,5.914764974451863,5.917403355786286,6.0245341008998885,7.804582506495833,9352.64520116382,9355.170594694888,0.6302683334300005,0.38446904473878735,0.0015383017147085124,0.0009377374563518864,0.0025234292391946305,0.0015384803314241217,5.724782903077132e-07,2.129624935244111e-07,0.001106614832692975,0.0001512735473104365,True,True,True,0.00021887551702093333,493.8444709777832,1067.1238288879395,750.3060722351074,1621.8449478149414,2224.0020294189453,4811.255859375,0.005312920851748054,0.01540573166648988,0.34486650597092844,0.9673952397093547,0.9930165860101671,0.006101357395399583,0.0176919932977079,0.3448654593482154,0.9673976822570428,0.9673977874664828,1.2999292655374377,2.77763410863135,0.46799874090614624,0.9497421058589051,0.9497285748119325,1.2999292654528316,2.7776341085161187,0.46799874089510163,0.9497421058605597,0.9497285748166269,0.7607913349377701,0.07192759713504068,10.577182684268182,0.9673952397093547,0.9930165860101671,0.18714550091123366,0.017692050390909927,10.577943018260221,0.9673976822570428,0.9673977874664828,25.85821389933443,2.7768864811778635,9.311944897497657,0.9497421058589051,0.9497285748119325,25.85821390006612,2.776886481230548,9.311944897584478,0.9497421058605597,0.9497285748166269
2,11,177,192,0.005318149752861588,0.015408251930975697,0.3451494547652315,0.9673633367088459,0.9930082463400568,205424754.2046925,504537001.8999213,0.40715498255059607,0.9565513756253119,0.9907121550852053,1.3006940449556355,2.7778732649680475,0.46823376046660525,0.949709105146008,0.9496950541593742,1.3007151058024788,2.777895213633636,0.46823764244910937,0.9497085255881135,0.9496942543300093,0.7606317401212308,0.07192386268663446,10.57551293421534,0.9673633367088459,0.9930082463400568,22117590903.942444,2360228759.1777077,9.370952208737641,0.9565513756253119,0.9907121550852053,25.85618617056946,2.777097359945899,9.31050763415553,0.949709105146008,0.9496950541593742,25.85619373053855,2.7771071513745027,9.310477529734952,0.9497085255881135,0.9496942543300093,504609491.1348336,504578726.81711084,2.25473297523233e-05,2.4306576960952953e-05,6549.36911416001,6551.687526373218,5.846081975972107,5.848445370676511,5.956326059483719,7.753262226311754,9345.858998261405,9349.437735648891,0.5757870623723107,0.36427344611483364,0.0014068679221242225,0.0008896467072400354,0.0023072951590014244,0.0014582083907952392,4.77467098124286e-07,1.9111868414546832e-07,0.0010115376852785944,0.0001433861819754221,True,True,True,0.0001999855594476685,556.9238395690918,1203.176902770996,840.3754997253418,1815.851936340332,2351.3933715820312,5093.874694824219,0.005318149130905806,0.015408250129065743,0.34514945476344394,0.9673633367088378,0.9930082463400046,0.006104315138397848,0.01769200895257426,0.34503233379325443,0.9673730388994362,0.9673731214681376,1.3006939213989495,2.777873001071852,0.4682337604696371,0.9497091051459149,0.9496950541591921,1.300693921406442,2.7778730010743486,0.46823376047191345,0.9497091051457301,0.949695054159583,0.7606316511599387,0.07192385427501743,10.575512934157953,0.9673633367088378,0.9930082463400046,0.18709467203356783,0.01769205372566539,10.575068046631271,0.9673730388994362,0.9673731214681376,25.856183714322047,2.777097096118505,9.31050763419858,0.9497091051459149,0.9496950541591921,25.856183714671904,2.7770970961527817,9.310507634209642,0.9497091051457301,0.949695054159583
2,12,193,208,0.005316600129210146,0.01540832436391769,0.3450472617035665,0.967370714016924,0.9930092317906879,226889976.08858404,552869205.4537687,0.4103863515103243,0.9560008568154847,0.9905786379500737,1.2999979912330613,2.7772748796896223,0.4680840203251124,0.9497396641361596,0.9497477556356899,1.3000324397177554,2.777315321853023,0.46808960779087,0.9497389836685647,0.9497460466525128,0.7605172950990009,0.0719180792635289,10.574772058528465,0.967370714016924,0.9930092317906879,24082502602.72715,2581980312.8423357,9.327144162542538,0.9560008568154847,0.9905786379500737,25.869451358402213,2.7777220700324374,9.313189263064075,0.9497396641361596,0.9497477556356899,25.869257105575763,2.7777056619602303,9.31317434379271,0.9497389836685647,0.9497460466525128,552948013.245791,552915385.6832579,1.9685496751952505e-05,2.429344385745935e-05,6539.999889626675,6542.136832205958,5.816242159956923,5.818417588053471,5.925780461809414,7.727305514173015,9338.4293369632,9340.375705497434,0.5384897042100135,0.35033722750849805,0.001317662605099186,0.0008568649003651273,0.002153309624459301,0.0014016396345514239,4.177268864203132e-07,1.7673887361481865e-07,0.0009442769555965845,0.00013778895150781749,True,True,True,0.00022757440456189215,613.4930686950684,1325.288475036621,905.9121170043945,1956.9523468017578,2268.18896484375,4911.4747314453125,0.0053165995072668015,0.015408322561755089,0.34504726169629285,0.9673707140174003,0.9930092317910085,0.006101799905471641,0.01769201902704227,0.3448899696606155,0.9673842178907088,0.9673842858705033,1.2999978676175012,2.777274615858894,0.4680840202816842,0.9497396641401267,0.9497477556398574,1.2999978677441784,2.7772746158923427,0.46808402032165874,0.9497396641364376,0.9497477556357692,0.7605172061675056,0.07191807085421624,10.574772058459907,0.9673707140174003,0.9930092317910085,0.18708159757732692,0.017692055901899928,10.574327744309041,0.9673842178907088,0.9673842858705033,25.869448900646283,2.7777218061703395,9.313189262935094,0.9497396641401267,0.9497477556398574,25.869448901062594,2.777721806181704,9.313189263046866,0.9497396641364376,0.9497477556357692
2,13,209,224,0.005317934178507788,0.015410773336916178,0.34507899520972063,0.9673751532772575,0.9930121686823165,261663139.4437829,630840466.0564289,0.41478496311360125,0.9553427457494168,0.9904387957112609,1.3006458601785857,2.7770933789325185,0.46834790289930345,0.9497039914667412,0.9497093191170091,1.3006636696876095,2.777111573954266,0.46835124734856226,0.949703497075507,0.9497090729841297,0.7610278406478065,0.07194995058388004,10.577183646020602,0.9673751532772575,0.9930121686823165,27367173793.364216,2946449237.3014097,9.288187777648336,0.9553427457494168,0.9904387957112609,25.86256215549636,2.7773875762276123,9.311830432619777,0.9497039914667412,0.9497093191170091,25.862789709109112,2.7774194807933292,9.311805396324859,0.949703497075507,0.9497090729841297,630929459.1994408,630895151.5841552,1.770376327102442e-05,2.426271566946525e-05,6529.883704180385,6531.900360629453,5.777774810377533,5.7798183642752585,5.888778163355562,7.696852122370197,9331.17269698511,9331.865242767544,0.5100295487703792,0.3402823291138202,0.0012498704771234388,0.0008335626442139286,0.0020402445455105457,0.0013604230860063218,3.7471538023255494e-07,1.6675103653727957e-07,0.0008944781268117905,0.00013375385663153255,True,True,True,0.00018567033112049103,659.1009712219238,1424.236961364746,968.4634170532227,2093.3609924316406,2599.343765258789,5650.695373535156,0.005317933556980518,0.015410771534870702,0.3450789952305354,0.9673751532751541,0.9930121686818321,0.006105607481536923,0.01769202532207583,0.3451050612005649,0.9673702319099482,0.9673702907079512,1.3006457364823965,2.777093115141522,0.4683479028452076,0.9497039914734933,0.9497093191234834,1.3006457366434605,2.777093115094756,0.46834790291109185,0.9497039914656348,0.9497093191167468,0.7610277516508195,0.07194994217012553,10.577183645976678,0.9673751532751541,0.9930121686818321,0.1871180471419258,0.01769205720270794,10.576387188782407,0.9673702319099482,0.9673702907079512,25.86255969920144,2.777387312393375,9.311830432794315,0.9497039914734933,0.9497093191234834,25.8625596989397,2.777387312408516,9.311830432649312,0.9497039914656348,0.9497093191167468
2,14,225,240,0.005317031357764192,0.015406761293422656,0.3451102575357029,0.9673731451113214,0.9930116749058845,298054435.189875,715684006.5572355,0.41646094150357216,0.9550661288778685,0.9903884566883271,1.2996916563678935,2.777566096271895,0.46792465465083466,0.9497392191284151,0.9497270017216266,1.2997108585216688,2.7775935273651355,0.4679269467316886,0.9497388200179444,0.9497259272841228,0.760844878587777,0.07193056394132115,10.577490803609605,0.9673731451113214,0.9930116749058845,31010049637.699574,3345815741.7610846,9.268307650850282,0.9550661288778685,0.9903884566883271,25.852678393502515,2.776891088692435,9.309936028379083,0.9497392191284151,0.9497270017216266,25.852507829770484,2.7768812163849668,9.309907704091898,0.9497388200179444,0.9497259272841228,715786156.8949378,715749937.1017438,1.635783890309893e-05,2.427229810564313e-05,6523.296551821625,6525.203603744428,5.7440840778236755,5.7460121996175575,5.856226747971678,7.6713159514794365,9327.310540166118,9327.180662741595,0.49101156400474333,0.33341935053740857,0.0012047708313557594,0.0008176359649312118,0.001965281559841278,0.0013340338683396314,3.473998023475057e-07,1.6014260842029776e-07,0.0008619288350647235,0.00013118540509703382,True,True,True,0.0001690249628154561,700.2681655883789,1513.0375595092773,1040.5519180297852,2248.2879180908203,2861.9782104492188,6187.889434814453,0.005317030736005457,0.015406759491821695,0.34511025753519897,0.9673731451114378,0.9930116749056896,0.0061050434593469,0.0176920298513933,0.3450730928348569,0.967375885252851,0.9673759376109674,1.2996915328355327,2.7775658323986105,0.46792465462939675,0.9497392191311739,0.949727001726127,1.2996915328771104,2.7775658323750902,0.4679246546483282,0.9497392191286925,0.9497270017230486,0.7608447895954973,0.07193055552780561,10.577490803631896,0.9673731451114378,0.9930116749056896,0.18713314689464491,0.01769205824520114,10.577240041893011,0.967375885252851,0.9673759376109674,25.852675938586042,2.776890824979445,9.309936028463563,0.9497392191311739,0.949727001726127,25.852675937830004,2.7768908249229813,9.309936028380605,0.9497392191286925,0.9497270017230486
2,15,241,256,0.005312626498809818,0.015404478334334414,0.34487545657217883,0.9674015628988778,0.9930188458263057,339094370.08253354,809479903.0940043,0.41890400093497415,0.9545640975024792,0.9902768293696287,1.3011090136090133,2.777595577261981,0.46842997024483435,0.9497005185969678,0.9496970055819819,1.3011257092504807,2.7776094902991586,0.46843363467567384,0.9497000124237132,0.9496966239546346,0.760995440958514,0.07193107408365254,10.579508934810443,0.9674015628988778,0.9930188458263057,34874876002.21031,3782660137.1981783,9.219669422387543,0.9545640975024792,0.9902768293696287,25.865438601861175,2.777401598056557,9.312819082397054,0.9497005185969678,0.9496970055819819,25.865574272332736,2.777422388664839,9.312798218194972,0.9497000124237132,0.9496966239546346,809596007.7372756,809558246.194125,1.5019074141253041e-05,2.4243245206889696e-05,6515.347760342382,6517.155382257744,5.717716750518411,5.7195439919465505,5.83022137249478,7.652743253100525,9321.87727809853,9322.269228364523,0.4702845851673343,0.3260622052187051,0.0011549950809982105,0.0008005191612272961,0.0018810577978335791,0.0013042287849479078,3.185069646645545e-07,1.53099118392687e-07,0.0008245414927484633,0.00012822205199969662,True,True,True,0.00015052765957079828,744.472240447998,1608.6645278930664,1116.8549194335938,2412.4675903320312,3266.696990966797,7072.69580078125,0.005312625877873547,0.015404476532942137,0.3448754565929334,0.9674015628969275,0.9930188458258518,0.006104914801200657,0.017692034238369386,0.3450657351747996,0.9673812851285905,0.9673813310851184,1.301108890001434,2.777595313388933,0.4684299702442817,0.9497005185977341,0.9496970055827588,1.3011088900199599,2.777595313429784,0.468429970244062,0.9497005185973818,0.9496970055820136,0.7609953519643774,0.07193106567169265,10.579508934814173,0.9674015628969275,0.9930188458258518,0.1871601449198136,0.017692059164722683,10.57876548892647,0.9673812851285905,0.9673813310851184,25.865436144999826,2.77740133420252,9.312819082527954,0.9497005185977341,0.9496970055827588,25.865436144984958,2.77740133422168,9.312819082458356,0.9497005185973818,0.9496970055820136
2,16,257,272,0.005315834839049323,0.01540567915838159,0.34505683160078005,0.9673737735326168,0.993009707823135,362833050.5818945,866589087.6138433,0.41869099873038657,0.9544522683678616,0.9902388751392946,1.3015712132473019,2.7774668280906254,0.46861809476301447,0.9496618780248517,0.949661166308586,1.3015835066147239,2.7774803276924898,0.4686202431885701,0.949661575597332,0.9496608332732066,0.7604596066302638,0.07190388676008491,10.576057024116366,0.9673737735326168,0.993009707823135,37171233414.1453,4043710920.7434964,9.192356759100578,0.9544522683678616,0.9902388751392946,25.85620519589639,2.7774275588391566,9.309407589626984,0.9496618780248517,0.949661166308586,25.856278346418225,2.7774393697110815,9.309394339401145,0.949661575597332,0.9496608332732066,866714342.7220064,866675144.196908,1.4066320782152554e-05,2.421992212475743e-05,6507.751434153306,6509.4797766389775,5.69648700790773,5.698224598459318,5.810130292412965,7.636146606639483,9317.289150483753,9316.753779012786,0.4539238029895989,0.320023297098645,0.0011161850856522943,0.0007866310071819164,0.0018154438428092878,0.0012801009159353794,2.96781855233912e-07,1.4748392704580934e-07,0.0007956403603375336,0.00012587260072127537,True,True,True,0.00015619660553056747,789.9419937133789,1706.6800537109375,1172.9314804077148,2533.946014404297,3167.053421020508,6844.2530517578125,0.005315834217430803,0.015405677356837547,0.3450568316018549,0.9673737735326087,0.9930097078229552,0.006105710004581761,0.017692037663879237,0.34511061532767473,0.9673675193710898,0.9673675604114462,1.3015710896197432,2.777466564318143,0.46861809475617355,0.9496618780262512,0.9496611663097752,1.3015710896115562,2.777466564270832,0.46861809476120825,0.9496618780251966,0.9496611663084359,0.7604595176847269,0.07190387834979385,10.576057024146698,0.9673737735326087,0.9930097078229552,0.18710553306971925,0.017692059914361943,10.575678240713618,0.9673675193710898,0.9673675604114462,25.85620274059886,2.7774272950587897,9.30940758974991,0.9496618780262512,0.9496611663097752,25.856202739748365,2.7774272949957814,9.309407589654885,0.9496618780251966,0.9496611663084359
2,17,273,288,0.005314880387458072,0.01540863310225855,0.3449287391156736,0.9674076031799614,0.9930253831350687,403457967.76419705,960111628.2681714,0.42021985348927166,0.9543936573380694,0.9902672970197277,1.3010016544589615,2.7779490238483655,0.4683317236169618,0.9497430666960078,0.9497411240208097,1.3010106267241706,2.7779518492641224,0.46833447709642895,0.9497426397749446,0.9497406871832836,0.7620318779346268,0.07200456946220267,10.583104428318816,0.9674076031799614,0.9930253831350687,41453845718.08957,4498974231.645309,9.214066047879891,0.9543936573380694,0.9902672970197277,25.886007776967404,2.7778416467420275,9.318748535334125,0.9497430666960078,0.9497411240208097,25.885961303701954,2.777843924875363,9.318724162972336,0.9497426397749446,0.9497406871832836,960250887.4000119,960209790.8571115,1.3083611498660583e-05,2.4221724743256345e-05,6506.475759097323,6508.123554914071,5.664123163650441,5.6657813800177745,5.77786551281801,7.616260292096412,9316.057559529756,9318.134994527949,0.4396263329546009,0.3150541998237993,0.0010811052199142777,0.0007745550992814189,0.001757987166168106,0.0012606617536945522,2.782642704432964e-07,1.42910167246115e-07,0.0007706288837175972,0.00012389005131030473,True,True,True,0.00014466633729171008,835.5354957580566,1805.9346160888672,1228.3035278320312,2655.1273498535156,3321.957321166992,7201.6180419921875,0.005314879766314813,0.015408631299891005,0.3449287391510502,0.9674076031768305,0.9930253831347834,0.006101390147286711,0.017692040787319036,0.3448663848695143,0.9674098131222889,0.9674098497840977,1.3010015308230094,2.777948759935722,0.4683317236035386,0.9497430666968385,0.9497411240220052,1.3010015308981706,2.7779487599762582,0.468331723623761,0.9497430666954442,0.9497411240202966,0.7620317888457581,0.07200456104370696,10.583104428387568,0.9674076031768305,0.9930253831347834,0.18721577246089363,0.017692060689719343,10.581908786333894,0.9674098131222889,0.9674098497840977,25.88600531760075,2.77784138285975,9.318748535221063,0.9497430666968385,0.9497411240220052,25.886005318216228,2.77784138288292,9.318748535364902,0.9497430666954442,0.9497411240202966
2,18,289,304,0.005319653376843263,0.015403789418203275,0.34534705924743525,0.9673538935435544,0.9930114420293209,413193887.3209753,981124577.5266011,0.4211431420489234,0.9541252592413104,0.9901926791618122,1.3015766792603194,2.7772044756615606,0.4686643315848285,0.9496898923728138,0.9496825532061616,1.3015838467290846,2.777205085124521,0.4686668095563874,0.9496895119464204,0.9496825248065245,0.7611947127235945,0.07195672573500446,10.578506803197962,0.9673538935435544,0.9930114420293209,42131168556.460014,4589310005.109222,9.180283857389433,0.9541252592413104,0.9901926791618122,25.86730373250385,2.776799400130652,9.31551041507959,0.9496898923728138,0.9496825532061616,25.867431577684876,2.776819439374712,9.31548922875221,0.9496895119464204,0.9496825248065245,981267359.2426506,981225274.9702022,1.2868298883745362e-05,2.4236938770627603e-05,6507.605761612196,6509.209999624252,5.651926815136682,5.65352736137354,5.765897936280378,7.605672080380436,9315.823734031545,9318.098462123122,0.43426431779593866,0.3131279912764135,0.001067747062588608,0.0007696926124491298,0.001739399196905586,0.001253291873988677,2.715981017888236e-07,1.4122084614590245e-07,0.0007623127691123518,0.00012320989108422897,True,True,True,0.000166059733601287,853.36376953125,1844.304702758789,1250.2171478271484,2702.2593536376953,3117.432418823242,6749.017578125,0.005319652754896181,0.015403787616955825,0.34534705925447434,0.9673538935432336,0.9930114420293712,0.006107134022538042,0.017692041801610974,0.3451910237959051,0.9673694173713013,0.9673694524901754,1.3015765554992496,2.777204211815464,0.4686643315467271,0.9496898923764944,0.9496825532109373,1.30157655561211,2.777204211825811,0.46866433158561915,0.9496898923724453,0.9496825532059939,0.761194623734015,0.07195671732194396,10.57850680330967,0.9673538935432336,0.9930114420293712,0.18716002300296244,0.017692060842805023,10.578757594487719,0.9673694173713013,0.9673694524901754,25.867301275353434,2.7767991363834446,9.315510415003763,0.9496898923764944,0.9496825532109373,25.867301275055112,2.776799136344471,9.315510415027077,0.9496898923724453,0.9496825532059939
2,19,305,320,0.005315700553326323,0.015406435533353652,0.34503117491507185,0.9673957204050572,0.9930220572599938,435097192.63757473,1031736020.8567654,0.42171367853985076,0.9538744323106404,0.9901080494153355,1.3005686052922707,2.7775026905593188,0.46825106946354356,0.9497409360780178,0.9497425198212873,1.300585004575241,2.7775260523037444,0.46825303528530565,0.9497406211145185,0.9497414743528865,0.761786209974201,0.07198622149921471,10.582389158771324,0.9673957204050572,0.9930220572599938,43984974339.85425,4810922705.311241,9.142731453842524,0.9538744323106404,0.9901080494153355,25.878110097591943,2.7775902168574316,9.31674872000034,0.9497409360780178,0.9497425198212873,25.877898084539968,2.7775732063291656,9.316729447696588,0.9497406211145185,0.9497414743528865,1031885332.4905994,1031842284.9285372,1.2407383335529994e-05,2.423220757918898e-05,6509.199022263022,6510.76829007581,5.6427132553316675,5.644283914766183,5.7571721755176375,7.599748136645958,9317.38544684595,9320.284814222452,0.42768420646834154,0.3107116216986063,0.0010513697905770159,0.0007635834565889561,0.0017101498681835166,0.0012422509763662026,2.634284306014458e-07,1.3901670531343408e-07,0.0007497816448389961,0.00012209977173194682,True,True,True,0.00016107836563605815,870.984790802002,1882.3347396850586,1294.6936492919922,2796.7749786376953,3213.3465423583984,6943.260559082031,0.005315699931473385,0.015406433731587085,0.34503117490291446,0.9673957204061456,0.9930220572603664,0.006104922323424605,0.017692042784814073,0.3450659936604241,0.9673868580801903,0.9673868916487629,1.3005684817959342,2.777502426619361,0.4682510694973261,0.9497409360738825,0.9497425198191431,1.300568481742533,2.7775024266828408,0.4682510694673978,0.949740936077534,0.9497425198211193,0.7617861208979402,0.07198621308194264,10.582389158751708,0.9673957204061456,0.9930220572603664,0.1871922865393792,0.01769206099517953,10.580581119994022,0.9673868580801903,0.9673868916487629,25.8781076392151,2.777589953019183,9.316748719905949,0.9497409360738825,0.9497425198191431,25.87810763917011,2.777589952990088,9.316748719987345,0.949740936077534,0.9497425198211193
2,20,321,336,0.005308299493953513,0.015407339650855481,0.34453056882268274,0.9674361509446455,0.9930278925883781,463314979.47882694,1094210627.920985,0.4234239438517716,0.9536709284646264,0.9900871509606959,1.2999771884872309,2.7774427647093973,0.4680482366747338,0.9497417246703406,0.9497334704730596,1.3000032467623754,2.777477032783846,0.46805184396408533,0.9497412500939653,0.9497321939426496,0.7613622654615223,0.07196135301913296,10.580154951493096,0.9674361509446455,0.9930278925883781,46738831353.30722,5113944765.497638,9.139486931622944,0.9536709284646264,0.9900871509606959,25.86168571256754,2.7769866846749807,9.312859098420343,0.9497417246703406,0.9497334704730596,25.861547354567396,2.776976647860427,9.31284293459684,0.9497412500939653,0.9497321939426496,1094368877.710723,1094324688.894361,1.2041185267263235e-05,2.4223259970312938e-05,6503.860757896589,6505.3842703378805,5.621365306327037,5.622887435993719,5.735225103477075,7.5838772544380335,9313.586948063168,9316.560785876456,0.41997718840467124,0.3079865559026131,0.0010332217193375036,0.0007575013518597425,0.001680135915272165,0.0012314269705408847,2.540001610176101e-07,1.3661414907334103e-07,0.0007367874189413819,0.00012107414545998313,True,True,True,0.00014440945233218372,906.3406677246094,1958.4864883422852,1341.588768005371,2897.780044555664,3405.9705352783203,7366.756042480469,0.00530829887334727,0.015407337849111719,0.3445305688323898,0.9674361509437064,0.9930278925881513,0.006098835148653033,0.017692044584993034,0.3447218957285617,0.967411204220766,0.9674112351171309,1.2999770651599887,2.77744250095194,0.46804823671936857,0.9497417246658584,0.9497334704658563,1.2999770651065754,2.777442500917728,0.4680482367059028,0.9497417246670312,0.9497334704691898,0.761362176424026,0.07196134460366158,10.58015495148608,0.9674361509437064,0.9930278925881513,0.18714532970407222,0.017692061358254216,10.577926783910893,0.967411204220766,0.9674112351171309,25.86168325539516,2.7769864208105552,9.312859098477901,0.9497417246658584,0.9497334704658563,25.86168325604756,2.776986420895694,9.312859098427312,0.9497417246670312,0.9497334704691898
2,21,337,352,0.0053110079385802365,0.015405092734951255,0.3447566353515393,0.9674089525272753,0.9930209639560398,508771185.9063904,1201309320.8386302,0.4235138919518404,0.9534191729316064,0.9900215734135419,1.2992815278226342,2.7773502231341567,0.46781335569427535,0.9497680312397857,0.9497559113002961,1.2992947175921221,2.7773694457209426,0.46781486690361945,0.9497677187469145,0.9497553185445894,0.760994484786546,0.07193946348522187,10.578261887411392,0.9674089525272753,0.9930209639560398,50987115202.79677,5607896319.603645,9.092021730958185,0.9534191729316064,0.9900215734135419,25.85939085467564,2.7766802673738478,9.313060332701955,0.9497680312397857,0.9497559113002961,25.859348292319744,2.776684001171175,9.31303248097823,0.9497677187469145,0.9497553185445894,1201481686.2570326,1201436091.9405427,1.1083404904203772e-05,2.4208549803006463e-05,6489.978856402785,6491.427625952684,5.600891789361575,5.602327487285884,5.716176557869414,7.564733984981166,9303.793423417052,9303.373554087128,0.40377880397691585,0.302153729494951,0.0009954932402090001,0.0007447520002760335,0.0016152147560356519,0.0012086197998743937,2.3479269579999828e-07,1.3150204606073183e-07,0.0007085107457874947,0.0001188367924688808,True,True,True,0.00013124651741236448,971.0992736816406,2098.500602722168,1430.488914489746,3090.8451080322266,3663.274871826172,7942.526458740234,0.005311007317549546,0.015405090933583094,0.34475663535172985,0.9674089525272946,0.9930209639558517,0.006098864079486712,0.017692047267713777,0.3447234787020116,0.9674119409771911,0.9674119680099752,1.2992814043261864,2.7773499593156217,0.4678133556659701,0.9497680312422335,0.9497559113014409,1.2992814043994259,2.777349959306617,0.46781335569385707,0.949768031239598,0.9497559112994964,0.7609943957808767,0.07193945507112294,10.578261887423523,0.9674089525272946,0.9930209639558517,0.18715042630845533,0.01769206194381622,10.578214506753334,0.9674119409771911,0.9674119680099752,25.859388397334893,2.776680003546904,9.313060332592292,0.9497680312422335,0.9497559113014409,25.859388397791857,2.776680003576134,9.313060332658825,0.949768031239598,0.9497559112994964
2,22,353,368,0.00531541689477273,0.015407625238818416,0.3449861229348255,0.9673778427989346,0.9930131681024592,556812067.6210417,1307035417.224997,0.42601146096195674,0.9531238800503549,0.9899596841043101,1.2986181918268473,2.7775091897088333,0.4675477570473787,0.9497869522681333,0.949791223645598,1.2986346811529272,2.777534366126271,0.46754945572971873,0.9497866670509845,0.9497908144439438,0.7607764109286268,0.07193961154450458,10.57520877017777,0.9673778427989346,0.9930131681024592,55457624382.12458,6102273039.295027,9.088027367017224,0.9531238800503549,0.9899596841043101,25.864366473710966,2.7777454788802194,9.311280198406644,0.9497869522681333,0.949791223645598,25.864484093315177,2.777763796784162,9.311261138639177,0.9497866670509845,0.9497908144439438,1307224100.0027876,1307177289.5093033,1.1060476223099777e-05,2.4235632736235857e-05,6501.242630641343,6502.683061652134,5.592454579848154,5.593884589578569,5.707681843318948,7.560159193777655,9312.139404520112,9313.496215029858,0.40343202670010914,0.3021358885747947,0.0009930389634591429,0.0007434368894159682,0.0016130329654411718,0.0012083292842798386,2.3443426730768753e-07,1.314418709340216e-07,0.00070773349338061,0.00011879643149441917,True,True,True,0.00013115147885400802,970.38916015625,2096.865135192871,1471.9887771606445,3180.5453033447266,3810.6664276123047,8274.637145996094,0.0053154162732218235,0.015407623436711789,0.3449861229446175,0.9673778427981455,0.9930131681022685,0.006104703567810975,0.017692047191589955,0.3450535430808081,0.9673724447979477,0.9673724719334418,1.2986180683566215,2.777508925895109,0.46754775700247847,0.9497869522729986,0.9497912236487285,1.2986180684401885,2.777508925872693,0.46754775703633894,0.9497869522693067,0.949791223646192,0.7607763219475261,0.0719396031300803,10.575208770222151,0.9673778427981455,0.9930131681022685,0.18710285239377458,0.01769206190562042,10.575525531839547,0.9673724447979477,0.9673724719334418,25.864364016187245,2.777745214948092,9.31128019841466,0.9497869522729986,0.9497912236487285,25.864364016544993,2.7777452149895807,9.311280198404377,0.9497869522693067,0.949791223646192
2,23,369,384,0.005310143005336246,0.015413081851257057,0.3445218196192971,0.9674338065295826,0.993023552172556,589852196.9962008,1390445121.969603,0.42421825045540756,0.9536111177199812,0.9900939512207338,1.300181888996447,2.777032003297166,0.46819117945084643,0.9497479392749189,0.9497458113151083,1.300202745421996,2.7770589400741095,0.4681941483702533,0.9497475044903813,0.9497452278759955,0.7611528297319342,0.0719485643637808,10.579124635252647,0.9674338065295826,0.993023552172556,59544648945.27764,6511293909.119274,9.144825863548176,0.9536111177199812,0.9900939512207338,25.872109828475423,2.776914412850472,9.316855322853824,0.9497479392749189,0.9497458113151083,25.872224476786457,2.7769331352586484,9.31683379347075,0.9497475044903813,0.9497452278759955,1390649340.0836544,1390601265.6942167,1.0620791098404961e-05,2.4200631742132828e-05,6494.060474188099,6495.454082029973,5.580503645375191,5.5818945566066605,5.694467021000068,7.551053625682882,9305.863112294817,9306.609798077327,0.39580893633862263,0.2993126359698267,0.0009752610215282576,0.0007372969635579501,0.001583298239907391,0.0011972071729412842,2.2565492125227034e-07,1.2903094922027847e-07,0.0006942680729074724,0.00011768535702394907,True,True,True,0.0001237894903169945,1013.4400863647461,2190.107162475586,1510.0807495117188,3266.2095336914062,4009.4694061279297,8719.930786132812,0.0053101423849636524,0.015413080049043897,0.34452181965362927,0.9674338065261352,0.9930235521717242,0.006095503065628676,0.01769204883301343,0.3445334750746586,0.967439192130147,0.9674392169443174,1.3001817653559775,2.7770317395179838,0.4681911793999349,0.9497479392799356,0.9497458113195217,1.3001817655049344,2.777031739511739,0.46819117945462657,0.9497479392742026,0.9497458113136028,0.7611527407173404,0.07194855595005337,10.579124635187009,0.9674338065261352,0.9930235521717242,0.1872038229303238,0.01769206231590532,10.581232396068712,0.967439192130147,0.9674392169443174,25.87210737044583,2.776914149049107,9.31685532277084,0.9497479392799356,0.9497458113195217,25.872107370362677,2.7769141490326046,9.316855322796263,0.9497479392742026,0.9497458113136028
2,24,385,400,0.0053190520287759125,0.015408244831900241,0.3452081717811031,0.9673523532946211,0.9930019117684983,609823922.2472229,1438371110.367616,0.4239684166705527,0.9535638613305892,0.9900514640762611,1.2991404929392667,2.7775706301386838,0.46772545721885056,0.9497508233045366,0.9497534284177295,1.2991594473180785,2.7775935850791047,0.46772841581180385,0.9497504373195713,0.9497527369545867,0.7600721586836133,0.07188290815731983,10.573753596893328,0.9673523532946211,0.9930019117684983,61297855978.192474,6713791943.971035,9.130139344463565,0.9535638613305892,0.9900514640762611,25.855306183669402,2.777714637693122,9.308121803736508,0.9497508233045366,0.9497534284177295,25.855327605483794,2.7777207054649686,9.308109182688982,0.9497504373195713,0.9497527369545867,1438579946.1660154,1438530804.6907048,1.0545037492724433e-05,2.4225380911957473e-05,6502.915476098325,6504.293333691157,5.578788349804016,5.580147236216003,5.693578196447454,7.547875313333875,9312.66502298479,9313.037002403882,0.39393397020294263,0.2987523864299176,0.0009692795945791428,0.0007349109653874444,0.001574650805021442,0.0011947006093862057,2.2346093837754027e-07,1.2851000924403828e-07,0.0006907534075041942,0.00011747732990797832,True,True,True,0.00013202869740780443,1012.9060401916504,2187.9745025634766,1529.544189453125,3304.9656829833984,3857.1499633789062,8346.42349243164,0.0053190514067638145,0.015408243029948403,0.3452081717834656,0.967352353294324,0.993001911768505,0.006108923620386739,0.017692048811976436,0.3452920396789416,0.9673472452210361,0.9673472700414361,1.2991403695631172,2.777570366292609,0.4677254572301469,0.9497508233033415,0.9497534284152795,1.2991403694864363,2.777570366274253,0.46772545720563075,0.9497508233058766,0.9497534284187711,0.7600720698012081,0.07188289975153557,10.573753596869489,0.967352353294324,0.993001911768505,0.18708768388244765,0.017692062260277044,10.574667957307877,0.9673472452210361,0.9673472700414361,25.855303726994467,2.7777143737640033,9.30812180373991,0.9497508233033415,0.9497534284152795,25.855303727265003,2.7777143737985233,9.308121803721628,0.9497508233058766,0.9497534284187711
2,25,401,416,0.005316272650583407,0.015409163594610021,0.3450072171628438,0.9673769223426399,0.9930094060254584,633950536.1764473,1481417938.5492418,0.4279349666828508,0.9528935907202961,0.9898960276702731,1.3000584333735208,2.7769351761797827,0.4681630469898132,0.9497060929244123,0.9497187086154588,1.3000691330341685,2.7769507487207505,0.468164274657398,0.9497059149745217,0.9497185666751329,0.7604894047550553,0.07191010412171638,10.575556996383106,0.9673769223426399,0.9930094060254584,62742703116.0108,6906618253.722154,9.084431889977001,0.9528935907202961,0.9898960276702731,25.85570890435044,2.7776319155688123,9.308544000890638,0.9497060929244123,0.9497187086154588,25.855848711281823,2.777649478791905,9.308535475299575,0.9497059149745217,0.9497185666751329,1481634422.5644138,1481584785.3815138,1.0115698977934501e-05,2.4206328816944733e-05,6493.6005513724185,6494.956932286351,5.570455197798391,5.5718015983481335,5.685826260516495,7.544812468161283,9306.169720106873,9308.985347041913,0.3858481650524411,0.29580473118687917,0.0009507487726755538,0.000728706101302487,0.0015441633283218307,0.0011830344179126879,2.1443178546804953e-07,1.2598962054022346e-07,0.0006771424103864622,0.00011632899739827476,True,True,True,0.00012286305718589574,1053.569236755371,2275.8477478027344,1574.5504531860352,3402.525588989258,4068.699935913086,8792.597839355469,0.005316272028362241,0.015409161792297508,0.34500721713621413,0.9673769223453209,0.993009406025932,0.006103572966841457,0.017692050136403282,0.34498958118385076,0.9673764292756005,0.9673764521751046,1.3000583098854266,2.776934912415874,0.46816304698852435,0.9497060929245049,0.9497187086166995,1.3000583098417602,2.7769349123973615,0.4681630469759207,0.9497060929258068,0.9497187086167468,0.7604893157982399,0.07191009570980815,10.575556996435942,0.9673769223453209,0.993009406025932,0.18709102393160779,0.017692062555015008,10.574856569144043,0.9673764292756005,0.9673764521751046,25.85570644904329,2.77763165180215,9.308544000882153,0.9497060929245049,0.9497187086166995,25.855706448199133,2.7776316517143393,9.308544000872516,0.9497060929258068,0.9497187086167468
2,26,417,432,0.005318110853474448,0.015407344362762533,0.34516726103218687,0.96736819884073,0.9930115578354743,646525557.3502438,1521837518.4905033,0.4248321844447143,0.9533913654661013,0.9900300599477169,1.3005645702958266,2.7775236011021405,0.46824609151106894,0.9497133640426049,0.9497077677785413,1.3005642332661376,2.777512743131114,0.4682478006563528,0.9497130398560517,0.949707935514715,0.7609866016306077,0.07194298611930913,10.577634355746637,0.96736819884073,0.9930115578354743,64847486941.72857,7114462910.2415085,9.114881581345857,0.9533913654661013,0.9900300599477169,25.86014803576168,2.777214532388583,9.311541378663422,0.9497133640426049,0.9497077677785413,25.860227584148422,2.777230842333187,9.311515337494566,0.9497130398560517,0.949707935514715,1522060296.594438,1522009673.1075017,1.0186742681566466e-05,2.4216287783929147e-05,6497.151517353555,6498.482260178416,5.567325821139748,5.568644632489607,5.682435795547235,7.540783499410557,9309.015531490579,9310.115799947365,0.3871980395642887,0.2960312543618616,0.0009536034102578496,0.0007288762043151372,0.001548098534692095,0.0011833448729108808,2.1591412950132116e-07,1.2620457544201208e-07,0.0006787388382314307,0.00011634967285177795,True,True,True,0.00011753928265534341,1049.8807258605957,2268.5658416748047,1583.443229675293,3421.342803955078,4134.451309204102,8930.339080810547,0.005318110231597082,0.015407342560921616,0.3451672610360245,0.9673681988402871,0.9930115578354658,0.0061049130124300995,0.017692050022520233,0.34506532621483366,0.9673756496369635,0.9673756727152487,1.300564446748453,2.777523337220835,0.46824609151611524,0.9497133640426297,0.9497077677804282,1.300564446711932,2.7775233372355386,0.4682460915004877,0.9497133640439711,0.9497077677810325,0.7609865126431288,0.07194297770668988,10.577634355720665,0.9673681988402871,0.9930115578354658,0.1871276289973819,0.01769206253778753,10.576925590089115,0.9673756496369635,0.9673756727152487,25.860145580142373,2.777214268639467,9.311541378768384,0.9497133640426297,0.9497077677804282,25.860145579726904,2.7772142686134567,9.311541378705993,0.9497133640439711,0.9497077677810325
2,27,433,448,0.005319877428868121,0.015406456070735944,0.3453018270030999,0.967347815656274,0.9930047834703478,691488993.553162,1615723188.6301095,0.4279749145269375,0.9528465222349318,0.9898995247807919,1.3001946703769252,2.7770421518250434,0.46819407099112653,0.9497013213737562,0.949699294193028,1.3002045646080647,2.7770470867678725,0.4681968018487351,0.9497009224184605,0.9496991684042468,0.7605021812144828,0.07191406321345072,10.575152442119824,0.967347815656274,0.9930047834703478,68461035599.40977,7542909199.429545,9.076211020091204,0.9528465222349318,0.9898995247807919,25.84843789998492,2.7769302335876924,9.30827774761546,0.9497013213737562,0.949699294193028,25.848569961174157,2.776950249799025,9.30825820989947,0.9497009224184605,0.9496991684042468,1615957226.5614226,1615905592.88372,9.922279071179322e-06,2.4211176423705183e-05,6493.383168224612,6494.680227287379,5.556841145814137,5.558124725338326,5.673242170412686,7.535485321720818,9306.239366808615,9309.107842811434,0.38079694063848085,0.2938994717748221,0.000938350868389398,0.0007240451933427677,0.0015235240994999552,0.0011760049148069457,2.0885514760457737e-07,1.2440403345381738e-07,0.0006680569547549049,0.0001156540592802341,True,True,True,0.0001112806421588175,1081.5642929077148,2336.419952392578,1641.8158569335938,3546.144546508789,4429.390075683594,9573.520080566406,0.005319876806778642,0.015406454268845507,0.3453018270100178,0.9673478156555639,0.9930047834703324,0.006109433555729331,0.017692051003871688,0.34532081975076584,0.9673433557893112,0.9673433773755161,1.3001945468833636,2.7770418880828265,0.4681940709871585,0.949701321373831,0.9496992941904998,1.3001945468997025,2.7770418880341525,0.46819407100124827,0.949701321372635,0.9496992941913834,0.7605020922821082,0.0719140548040144,10.575152442101697,0.9673478156555639,0.9930047834703324,0.1870809981173274,0.017692062698413547,10.57428979912574,0.9673433557893112,0.9673433773755161,25.848435443579785,2.7769299697124,9.308277747550417,0.949701321373831,0.9496992941904998,25.848435444358696,2.7769299697785423,9.308277747609202,0.949701321372635,0.9496992941913834
2,28,449,464,0.005321599360091546,0.015403626897546858,0.34547703573234756,0.9673282898134893,0.9930018569761284,735359314.911749,1726784128.5043743,0.4258548030254763,0.9532960269924654,0.9900193443878375,1.3010237171844872,2.77760663380928,0.4683973970065841,0.9496779667663766,0.94967489906634,1.3010411167268936,2.7776202694342698,0.46840136178581476,0.9496774127070879,0.949673979396773,0.7604302086909195,0.07191376799546673,10.574195037852212,0.9673282898134893,0.9930018569761284,73678457957.7751,8080398969.906281,9.118170802230777,0.9532960269924654,0.9900193443878375,25.852381675290275,2.7774373174281055,9.307998244665864,0.9496779667663766,0.94967489906634,25.85225497927546,2.7774307763607546,9.307974549468147,0.9496774127070879,0.949673979396773,1727034176.4525335,1726981608.5172007,9.872903061600945e-06,2.422315810690634e-05,6500.627249378924,6501.92055577,5.534133112631439,5.535401586668362,5.651468213300818,7.520633546972018,9312.668835764463,9316.236369764927,0.380638402567556,0.29381987494139145,0.000937070073572344,0.0007230686996129381,0.0015211666476155608,0.0011746190662862024,2.0870680919495756e-07,1.243239691884834e-07,0.0006668087470346665,0.00011550953484831216,True,True,True,0.00010551426385063678,1083.0938148498535,2339.8218994140625,1666.5442962646484,3599.1670837402344,4741.661041259766,10242.923095703125,0.005321598737538847,0.015403625095686829,0.3454770357290083,0.9673282898138056,0.9930018569762118,0.006112084141398698,0.01769205104207179,0.34547063689021296,0.9673248352339388,0.9673248567816377,1.3010235937179222,2.7776063699360685,0.46839739705373284,0.9496779667607845,0.9496748990604014,1.3010235935878915,2.7776063699257136,0.46839739700866506,0.9496779667661455,0.9496748990660707,0.7604301197402814,0.07191375958341734,10.574195037852391,0.9673282898138056,0.9930018569762118,0.18705607808824884,0.017692062709135835,10.572881249830566,0.9673248352339388,0.9673248567816377,25.852379218860186,2.7774370535518713,9.30799824456845,0.9496779667607845,0.9496748990604014,25.852379219188784,2.7774370535585207,9.307998244664475,0.9496779667661455,0.9496748990660707
2,29,465,480,0.005313212920591076,0.015407959560678862,0.34483559615190085,0.967407606772921,0.9930231463363219,756501876.0103705,1789548833.7665007,0.42273329553021766,0.9536680325909009,0.9900599884901821,1.2999238465409495,2.7775320469423743,0.4680139867231995,0.949760801417769,0.949747363668432,1.2999243743134328,2.777520706373364,0.46801608763189273,0.9497604632057003,0.9497472812142498,0.761548568554903,0.0719783302096426,10.580247782031513,0.967407606772921,0.9930231463363219,76106740446.24147,8341370446.217828,9.124009170549432,0.9536680325909009,0.9900599884901821,25.867774139530212,2.7767893241292727,9.315713624634327,0.949760801417769,0.949747363668432,25.86774219829955,2.7767921238192304,9.315692729177282,0.9497604632057003,0.9497472812142498,1789812373.2185857,1789758365.1803298,9.693278044110238e-06,2.422201941953972e-05,6498.902425581079,6500.160314858872,5.536060000072065,5.5373011333643305,5.651624317179938,7.519918253762673,9309.855824439946,9311.553104445557,0.377347305337683,0.29250617071234036,0.0009291425121416245,0.0007200133230225083,0.0015094934820710846,0.0011698672989339557,2.0508989890549455e-07,1.2323727254470197e-07,0.000661975936814457,0.00011500781267279735,True,True,True,0.00010726406617322937,1110.4653701782227,2399.7301635742188,1691.8920364379883,3653.1996307373047,4650.965484619141,9991.8603515625,0.005313212299231914,0.015407957758661618,0.34483559615453124,0.9674076067723549,0.9930231463360796,0.006101294479333165,0.017692051710439614,0.3448607645507249,0.9673995692208435,0.9673995898293916,1.2999237231528928,2.7775317830788047,0.4680139867605652,0.9497608014132802,0.9497473636637676,1.2999237230846663,2.777531783110186,0.4680139867307138,0.949760801416673,0.9497473636670045,0.7615484794683711,0.07197832179026402,10.580247781928422,0.9674076067723549,0.9930231463360796,0.1871539176164696,0.017692062894577996,10.578411275817123,0.9673995692208435,0.9673995898293916,25.867771681774247,2.7767890603266143,9.315713624545756,0.9497608014132802,0.9497473636637676,25.8677716820828,2.7767890603493286,9.31571362458067,0.949760801416673,0.9497473636670045
2,30,481,488,0.0034071879974200427,0.0077015950127948245,0.44240030691819143,0.926976715296445,0.9843646154737531,464446437.2518438,909619780.46532,0.5105940385490014,0.90472440118494,0.9795752790315992,0.7601023206075983,1.3886986190385635,0.5473486544789965,0.8997500799995841,0.8997419290992882,0.7601059508179488,1.3887051463903388,0.5473486958651318,0.8997498456861704,0.8997421032057242,0.21791520328140634,0.03596942335167462,6.05834575524995,0.926976715296445,0.9843646154737531,22739426304.544945,4243121333.796236,5.359127047210888,0.90472440118494,0.9795752790315992,7.581457669979982,1.3885857189609623,5.4598413093668885,0.8997500799995841,0.8997419290992882,7.581507044553794,1.3885979027438502,5.459828960977718,0.8997498456861704,0.8997421032057242,909680852.3334165,909653686.7929561,4.831007069636525e-06,2.4242619474534877e-05,3251.9797541388457,3252.607527962247,2.8905627021346927,2.8911875720578077,3.018942059612016,3.993033429101126,4656.643141033644,4657.52023921818,0.37620445547707865,0.2921283372234353,0.0009255064391834784,0.0007185114765713989,0.0010639973800414034,0.0008257451161264954,2.038281944304306e-07,1.2290629050105093e-07,0.0006102018171249697,0.00014994716069528474,True,True,True,0.00011278401507297531,1107.8957214355469,2394.4952697753906,1705.5488891601562,3685.7249450683594,4494.082580566406,9672.320556640625,0.0034071875987879744,0.007701594112067952,0.4424003068986859,0.9269767152997168,0.9843646154747983,0.003916097368665877,0.008846733551471492,0.4426602593919544,0.9269382271793049,0.9269382731275143,0.7601022483568298,1.388698487039362,0.5473486544781445,0.8997500799984337,0.8997419291018145,0.7601022483856573,1.3886984871131638,0.5473486544698145,0.8997500800006334,0.8997419290988589,0.21791517780046546,0.03596941914572503,6.058345755254285,0.9269767152997168,0.9843646154747983,0.05359984681857606,0.008846739115144615,6.0587122691138475,0.9269382271793049,0.9269382731275143,7.581456949523114,1.3885855870234156,5.459841309295736,0.8997500799984337,0.8997419291018145,7.581456949587147,1.3885855870258075,5.459841309332445,0.8997500800006334,0.8997419290988589
