method,step,negative_fraction,first_state_mse,second_state_mse,denominator_min,denominator_p001,absolute_direction_p99,absolute_direction_max
iid_ime,1,0.5000492455738064,7.376601247555656e-07,2.945032001083709e-10,3.5885776014765725e-05,0.004627143498510122,0.5854941010475159,271.84814453125
iid_ime,2,0.5000802217486924,1.3349493012290372e-06,5.883690228332203e-10,1.7696191207505763e-05,0.003903754986822605,0.49256014823913574,180.27447509765625
iid_ime,3,0.500043755664877,1.8188292115332174e-06,8.815375764140183e-10,1.743039865687024e-05,0.0035293670371174812,0.4464559853076935,198.83822631835938
iid_ime,4,0.5001338119855255,2.2112998983032685e-06,1.1745177553545133e-09,9.99999993922529e-09,0.0032795481383800507,0.41706904768943787,705809.0625
iid_ime,5,0.5002223594901438,2.528478629934083e-06,1.4668078848411913e-09,9.99999993922529e-09,0.003104650415480137,0.3963443636894226,119079.421875
iid_ime,6,0.5002438283061886,2.7859014865990403e-06,1.7585836247218742e-09,9.99999993922529e-09,0.0029661906883120537,0.3801591098308563,239315.34375
iid_ime,7,0.5001565896540303,2.9951708302120585e-06,2.049375076727634e-09,9.99999993922529e-09,0.0028560555074363947,0.3675777018070221,624486.9375
iid_ime,8,0.500097473151255,3.163471344182055e-06,2.3400187938140816e-09,9.99999993922529e-09,0.002765087177976966,0.3577291965484619,131598.453125
iid_ime,9,0.5000797127505134,3.3002536800187322e-06,2.629681021841187e-09,9.99999993922529e-09,0.0026647786144167185,0.3500365912914276,239397.0625
iid_ime,10,0.5000249045537523,3.4113716573724388e-06,2.9193824209195535e-09,6.768723778804997e-06,0.0026114676147699356,0.3432798683643341,193.55984497070312
iid_ime,11,0.5000875295082605,3.500862145737127e-06,3.2079700269527853e-09,1.824147329898551e-05,0.0025532301515340805,0.3386537432670593,210.67832946777344
iid_ime,12,0.5000967096539867,3.5734700138292733e-06,3.4959319083813262e-09,7.570263278466882e-06,0.0024874096270650625,0.3344161808490753,403.8054504394531
iid_ime,13,0.5000603708197161,3.6325232698081283e-06,3.7834611451727225e-09,1.1874471056216862e-05,0.0024420754052698612,0.3309875726699829,293.9986877441406
iid_ime,14,0.5000434284517621,3.67995842886137e-06,4.070336067095526e-09,1.458777751395246e-05,0.002402740763500333,0.32793286442756653,238.88441467285156
iid_ime,15,0.5000279948998383,3.7185541449039476e-06,4.356601386106563e-09,1.1060731594625395e-05,0.002356337383389473,0.32576891779899597,265.2374572753906
iid_ime,16,0.5000314488160521,3.7488847119264363e-06,4.642581560065412e-09,9.99999993922529e-09,0.002308898838236928,0.3244929611682892,197225.015625
iid_ime,17,0.5000256135155013,3.7747749139353834e-06,4.927864287116715e-09,6.369811671902426e-06,0.002276834798976779,0.3229677677154541,387.3197937011719
iid_ime,18,0.5000565351548681,3.7952100546999867e-06,5.211901651312824e-09,8.752906069275923e-06,0.0022505628876388073,0.3220159411430359,161.6466064453125
iid_ime,19,0.500044264663056,3.8113146743303343e-06,5.496131263969473e-09,9.99999993922529e-09,0.0022220653481781483,0.32102131843566895,248440.421875
iid_ime,20,0.4999979458287781,3.823990431154074e-06,5.779330418610861e-09,1.3561221749114338e-05,0.0021886059548705816,0.32084688544273376,222.7704315185547
iid_ime,21,0.5000317214936478,3.834288168826686e-06,6.06224287347887e-09,1.3237928214948624e-05,0.0021623317152261734,0.32067757844924927,142.48826599121094
iid_ime,22,0.5000352481238872,3.843411236551963e-06,6.344403568307057e-09,9.15078453544993e-06,0.002146324375644326,0.3208451271057129,294.38922119140625
iid_ime,23,0.5000089438251432,3.850110694744076e-06,6.62632083899214e-09,4.481044470594497e-06,0.002119435928761959,0.321500688791275,459.80230712890625
iid_ime,24,0.5000274131876338,3.85636712687629e-06,6.907641745901861e-09,1.2392852113407571e-05,0.0020995151717215776,0.3219502866268158,227.7029266357422
iid_ime,25,0.499994946375224,3.861237423721621e-06,7.1877289861102115e-09,8.591227924625855e-06,0.002073348965495825,0.3227892816066742,194.09304809570312
iid_ime,26,0.49994768225861397,3.865219846316298e-06,7.46821252484257e-09,1.191297997138463e-05,0.0020610226783901453,0.3235383927822113,124.9993667602539
iid_ime,27,0.49995718961745517,3.86813897274413e-06,7.74807585811804e-09,8.2714013842633e-06,0.0020306191872805357,0.32452014088630676,195.8359375
iid_ime,28,0.49992674061925446,3.871131509644111e-06,8.026509605749733e-09,1.8154696590499952e-05,0.0020176968537271023,0.32513466477394104,261.37542724609375
iid_ime,29,0.4999485366484142,3.873605900059722e-06,8.304538839251422e-09,9.99999993922529e-09,0.0020000687800347805,0.3265804946422577,55148.06640625
iid_ime,30,0.49994031996352667,3.8752985941548585e-06,8.582765528957588e-09,5.556054929911625e-06,0.001987371128052473,0.327867716550827,439.11376953125
iid_ime,31,0.49999003817849913,3.8770880663267305e-06,8.860266362862117e-09,1.8109574739355594e-05,0.001967757474631071,0.32913994789123535,133.99655151367188
iid_ime,32,0.49993773861561946,3.878017881550974e-06,9.137254414879192e-09,3.8090165617177263e-06,0.001946797943674028,0.33099445700645447,1001.6840209960938
iid_ime,33,0.49993773861561946,3.8790658263749935e-06,9.413978184596743e-09,9.99999993922529e-09,0.0019338662968948483,0.3322443962097168,334890.40625
iid_ime,34,0.49993810218574725,3.8793933570329115e-06,9.689938414660773e-09,7.3848395913955756e-06,0.0019253308419138193,0.3338271379470825,146.2472686767578
iid_ime,35,0.4998875114024681,3.87968702304683e-06,9.96467050730612e-09,1.2602924471138977e-05,0.0019068438559770584,0.3347052335739136,219.6234588623047
iid_ime,36,0.4999434830236382,3.880433969416955e-06,1.0240026862933727e-08,1.4351248864841182e-05,0.001894165063276887,0.336411714553833,182.57388305664062
iid_ime,37,0.49994960918029113,3.880533481781961e-06,1.051326566469058e-08,4.342422471381724e-06,0.0018779714591801167,0.33787575364112854,389.0693664550781
iid_ime,38,0.4999730776320387,3.881279120677924e-06,1.0786657327767066e-08,8.56220049172407e-06,0.0018684460083022714,0.339791864156723,137.53097534179688
iid_ime,39,0.4999435375591574,3.88212846156841e-06,1.1059619423210543e-08,4.885113412456121e-06,0.0018485208274796605,0.34125006198883057,439.28875732421875
iid_ime,40,0.4999811488888751,3.881938625963469e-06,1.1331474355725303e-08,4.8249848987325095e-06,0.00184433173853904,0.342711865901947,1024.9168701171875
iid_ime,41,0.4999788765755766,3.882152856539426e-06,1.160309484039803e-08,4.76708419228089e-06,0.0018258136697113514,0.3447171747684479,285.9925842285156
iid_ime,42,0.4999379749362025,3.88229534374559e-06,1.1874338104236915e-08,9.412555300514214e-06,0.001825293991714716,0.34610703587532043,253.33302307128906
iid_ime,43,0.49998740229507277,3.882238414494169e-06,1.2145019407689946e-08,1.5247661394823808e-05,0.0018119531450793147,0.34750497341156006,229.72088623046875
iid_ime,44,0.4999162516210683,3.882597523087637e-06,1.241567701263944e-08,7.276076757989358e-06,0.0018016219837591052,0.3491334915161133,324.4748840332031
iid_ime,45,0.4999560989070718,3.882112131465339e-06,1.2686180337319203e-08,8.282479029730894e-06,0.0017971491906791925,0.350961297750473,285.6288146972656
iid_ime,46,0.49995460826954796,3.881552930211024e-06,1.2955199524118977e-08,4.5066904021950904e-06,0.0017842334927991033,0.3523745536804199,440.0394592285156
iid_ime,47,0.4999629885609931,3.881557686523289e-06,1.3224131619285285e-08,8.90940282260999e-06,0.00177756417542696,0.35413652658462524,255.210205078125
iid_ime,48,0.49996002546445173,3.881488558948323e-06,1.3492126016000361e-08,9.99999993922529e-09,0.0017634116811677814,0.355928510427475,5416.81103515625
iid_ime,49,0.4999902017850566,3.881601498487867e-06,1.3759610369859312e-08,4.370107490103692e-06,0.0017504343995824456,0.35744255781173706,455.2176818847656
iid_ime,50,0.499974404663005,3.881699950337399e-06,1.4026222438959147e-08,9.99999993922529e-09,0.001741613494232297,0.3591771423816681,289516.9375
iid_ime,51,0.4999856208014467,3.881979681884659e-06,1.4292917828060128e-08,8.561760296288412e-06,0.0017325656954199076,0.36075592041015625,177.15382385253906
iid_ime,52,0.5000484275410189,3.882492237286622e-06,1.4559106420841116e-08,9.99999993922529e-09,0.001725212438032031,0.3617142140865326,42258.453125
iid_ime,53,0.5000535902368333,3.88248912821776e-06,1.482381376132422e-08,4.2065075831487775e-06,0.0017212537350133061,0.3635834753513336,373.86370849609375
iid_ime,54,0.5000700417851148,3.882218262499269e-06,1.5088306097337993e-08,7.789843948557973e-06,0.001713857869617641,0.36476007103919983,317.62188720703125
iid_ime,55,0.5000464279053162,3.882708327781311e-06,1.535242419359611e-08,2.9243717563076643e-06,0.001697193132713437,0.36699220538139343,306.88031005859375
iid_ime,56,0.5000498636430236,3.882955268151537e-06,1.5615993391599746e-08,5.787897862319369e-06,0.0016988697461783886,0.3681802749633789,263.7735595703125
iid_ime,57,0.5000519541712583,3.882610849375988e-06,1.587926677779091e-08,7.025839749985607e-06,0.0016898863250389695,0.37003985047340393,179.29261779785156
iid_ime,58,0.5000354299089511,3.8830162871451605e-06,1.6140978791132467e-08,9.99999993922529e-09,0.0016795212868601084,0.37133750319480896,10415.734375
iid_ime,59,0.5000186329690481,3.883370395904476e-06,1.6403242499626224e-08,6.615595793846296e-06,0.0016715432284399867,0.37342092394828796,339.209228515625
iid_ime,60,0.500014415555566,3.883829951672776e-06,1.6664335582621667e-08,6.853279501228826e-06,0.001668021664954722,0.3745207190513611,385.66217041015625
iid_ime,61,0.5000941464845859,3.884198662399965e-06,1.6926366437277596e-08,5.552896709559718e-06,0.001663105795159936,0.3756599426269531,473.56060791015625
iid_ime,62,0.5000318123861798,3.883883488293872e-06,1.718676591344549e-08,7.787293725414202e-06,0.0016495229210704565,0.37733733654022217,211.82003784179688
iid_ime,63,0.5000453008379201,3.883675694439557e-06,1.7447936089819752e-08,2.9039620130788535e-06,0.0016458347672596574,0.3791280686855316,994.003173828125
iid_ime,64,0.49999840029143783,3.883523015832234e-06,1.7707338705663303e-08,1.5505658666370437e-05,0.0016413016710430384,0.3804702162742615,162.15769958496094
iid_ime,65,0.500054281020076,3.882608530229557e-06,1.7965481296200378e-08,9.319698619947303e-06,0.0016356825362890959,0.38177263736724854,189.2788848876953
iid_ime,66,0.5000220687067556,3.882690957986733e-06,1.8222626187449603e-08,1.0680802915885579e-05,0.0016305447788909078,0.3832062780857086,146.91671752929688
iid_ime,67,0.5000306671402773,3.883492918802312e-06,1.8479641982677083e-08,9.18423211260233e-06,0.0016199323581531644,0.38478368520736694,155.4094696044922
iid_ime,68,0.5000275767941913,3.883086443339379e-06,1.87370213451133e-08,1.1165929208800662e-05,0.001616640598513186,0.38578471541404724,226.91363525390625
iid_ime,69,0.5000608616393886,3.8832518489619545e-06,1.899434002045054e-08,5.848373803019058e-06,0.0016183499246835709,0.38736361265182495,695.089111328125
iid_ime,70,0.5000644246266407,3.88326393641058e-06,1.9252173323381716e-08,8.992151379061397e-06,0.001607188256457448,0.3884848654270172,352.9734191894531
iid_ime,71,0.5000468278324567,3.8830313685382846e-06,1.950905093022293e-08,4.470439307624474e-06,0.0015941709280014038,0.3902651369571686,391.0404357910156
iid_ime,72,0.5000557171220806,3.8830581831017386e-06,1.97654881931215e-08,3.627447085818858e-06,0.001590761705301702,0.39192527532577515,339.37591552734375
iid_ime,73,0.5000629703461297,3.882357153948328e-06,2.0020967859663877e-08,9.99999993922529e-09,0.0015853875083848834,0.39315325021743774,99407.8359375
iid_ime,74,0.5000260497996547,3.882431722622357e-06,2.027590780232125e-08,1.336768673354527e-05,0.0015818036627024412,0.3938160538673401,199.896728515625
iid_ime,75,0.5000277767577616,3.882586772774627e-06,2.0529762413882793e-08,9.723826224217191e-06,0.0015798099339008331,0.3957640528678894,201.0150604248047
iid_ime,76,0.5000465369763545,3.882461506683312e-06,2.078397452217081e-08,9.99999993922529e-09,0.0015734214102849364,0.39645451307296753,123715.734375
iid_ime,77,0.5000419378142382,3.881645924590132e-06,2.10363920196708e-08,9.276344826503191e-06,0.0015710118459537625,0.3977745771408081,365.7287902832031
iid_ime,78,0.500018905646644,3.881796723402838e-06,2.1288762293432237e-08,9.854864401859231e-06,0.0015596876619383693,0.39942118525505066,169.6013946533203
iid_ime,79,0.5000311761384563,3.882480249014248e-06,2.1540518307161496e-08,6.928876700840192e-06,0.0015600600745528936,0.40054449439048767,298.55865478515625
iid_ime,80,0.5000401199635993,3.883005108434079e-06,2.1790914774910853e-08,9.99999993922529e-09,0.0015479333233088255,0.4016622304916382,421693.40625
iid_ime,81,0.5000632612022319,3.882902343653451e-06,2.204281099646431e-08,4.8439937927469146e-06,0.0015479661524295807,0.4030192792415619,305.3063659667969
iid_ime,82,0.5000976731148252,3.883086706178458e-06,2.229404457043813e-08,3.408081738598412e-06,0.001539528602734208,0.40473198890686035,635.5523071289062
iid_ime,83,0.5000794037159049,3.88283954913741e-06,2.2543672639939312e-08,6.766764272470027e-06,0.001537927659228444,0.4051857590675354,359.5069885253906
iid_ime,84,0.5000484820765381,3.883547752841118e-06,2.279255857803786e-08,4.760401225212263e-06,0.0015289678703993559,0.4068284034729004,914.8402099609375
iid_ime,85,0.5000903471767507,3.8834491929101256e-06,2.3040596239515633e-08,3.350047791172983e-06,0.00153018266428262,0.40761393308639526,787.6275024414062
iid_ime,86,0.5000783311840279,3.883117746246212e-06,2.3289078374017356e-08,1.0269639005855424e-06,0.001524756196886301,0.4086720049381256,2215.89453125
iid_ime,87,0.5000572441166173,3.882502991662845e-06,2.3537980139731815e-08,3.63302956429834e-06,0.0015198414912447333,0.4105651080608368,481.82379150390625
iid_ime,88,0.5000508634608749,3.882601789901269e-06,2.3784509356336136e-08,6.5800991251308005e-06,0.0015199979534372687,0.4112360179424286,288.81158447265625
iid_ime,89,0.5000169241894477,3.881835275640015e-06,2.4030209178752104e-08,6.544694315380184e-06,0.0015112211694940925,0.41233912110328674,132.29397583007812
iid_ime,90,0.49997882204005745,3.881202384770832e-06,2.427587218412169e-08,4.606115908245556e-06,0.0015035585965961218,0.41324707865715027,383.3918151855469
iid_ime,91,0.5000070896174915,3.881428418489029e-06,2.4522190886754938e-08,9.99999993922529e-09,0.0015104870544746518,0.4143732488155365,14912.818359375
iid_ime,92,0.5000277949362679,3.8815375841503754e-06,2.47670124159623e-08,6.442019184760284e-06,0.0014989052433520555,0.4156338572502136,634.7172241210938
iid_ime,93,0.5000152699453663,3.881844227575036e-06,2.5010237663343595e-08,6.4089199440786615e-06,0.0014938635285943747,0.4172162115573883,602.4082641601562
iid_ime,94,0.5000261952277057,3.881993054019595e-06,2.5253495744579416e-08,3.1931801913742675e-06,0.001491547911427915,0.4184208810329437,355.5113830566406
iid_ime,95,0.5000464642623289,3.8827650312704705e-06,2.5495124547447417e-08,1.2678648090513889e-05,0.0014874977059662342,0.41880980134010315,430.73822021484375
iid_ime,96,0.499972859489962,3.8820463382813145e-06,2.573840173424847e-08,5.4683828238921706e-06,0.0014798928750678897,0.4209902286529541,1050.5777587890625
iid_ime,97,0.4999976549726759,3.882452545639922e-06,2.598080241382928e-08,4.444808837433811e-06,0.001484234002418816,0.4211224317550659,337.6575012207031
iid_ime,98,0.5000027085974519,3.882479620469087e-06,2.6224078394099498e-08,8.836421329760924e-06,0.0014748091343790293,0.42247939109802246,168.989990234375
iid_ime,99,0.49995769861563405,3.883290465160873e-06,2.6466034471300174e-08,1.318583690590458e-05,0.0014736511511728168,0.42356106638908386,181.4499053955078
iid_ime,100,0.49995229959923665,3.883011988198288e-06,2.6707754836526123e-08,6.1915352489450015e-06,0.0014658813597634435,0.42479050159454346,259.4340515136719
iid_ime,101,0.499995600801454,3.882971374981064e-06,2.694814276594599e-08,9.737751497596037e-06,0.0014609104255214334,0.42554178833961487,125.89849090576172
iid_ime,102,0.49999345573770015,3.8838805614939645e-06,2.7188655296458433e-08,5.313229394232621e-06,0.001458935090340674,0.42689135670661926,543.7010498046875
iid_ime,103,0.4999829485610076,3.883683614911076e-06,2.7429642101518067e-08,7.475238362530945e-06,0.0014577449765056372,0.4276738464832306,287.0168151855469
iid_ime,104,0.4999853663023573,3.883950682185862e-06,2.7669705568449046e-08,1.0519145689613651e-05,0.0014503293205052614,0.4292699098587036,215.9449920654297
iid_ime,105,0.4999865479052725,3.8825968747681735e-06,2.79084184985693e-08,9.99999993922529e-09,0.0014552129432559013,0.42957058548927307,69878.6796875
iid_ime,106,0.49994011999995636,3.8824168728831535e-06,2.814711123774918e-08,6.022900379321072e-06,0.0014465874992311,0.43084532022476196,528.4531860351562
iid_ime,107,0.5000077985792406,3.882396312620017e-06,2.8383861678275377e-08,3.0031035294086905e-06,0.0014464876148849726,0.4318697154521942,354.3338928222656
iid_ime,108,0.49996606072857275,3.882477004047849e-06,2.8622400997179336e-08,2.9899458695581416e-06,0.0014406883856281638,0.4321230351924896,614.4789428710938
iid_ime,109,0.49995468098357354,3.883414300290216e-06,2.8859193022281393e-08,6.303902409854345e-06,0.0014378667110577226,0.43361395597457886,314.443115234375
iid_ime,110,0.4999629158469675,3.883439165882855e-06,2.909498071786345e-08,7.5417160587676335e-06,0.0014268421800807118,0.4351131021976471,169.07077026367188
iid_ime,111,0.5000435557013068,3.883120599298807e-06,2.9331272603264747e-08,5.893133675272111e-06,0.0014277491718530655,0.4360024333000183,415.23907470703125
iid_ime,112,0.5000080348998237,3.8826125369806385e-06,2.956643537248421e-08,6.559721896337578e-06,0.0014260035241022706,0.4368843138217926,279.2618713378906
iid_ime,113,0.5000215597085768,3.882620528863124e-06,2.9801721634671347e-08,2.926850356743671e-06,0.0014281233306974173,0.43776047229766846,794.6605834960938
iid_ime,114,0.4999903653916141,3.8818659659667265e-06,3.0036649368192355e-08,9.99999993922529e-09,0.0014241694007068872,0.4386078119277954,37608.43359375
iid_ime,115,0.5000112161384417,3.88180786425832e-06,3.027181111552438e-08,5.020467597205425e-06,0.0014169983332976699,0.4393370747566223,523.7910766601562
iid_ime,116,0.5000041810564694,3.881315200467036e-06,3.050607537440619e-08,6.45212321614963e-06,0.001416070619598031,0.4404605031013489,299.50091552734375
iid_ime,117,0.5000158698360772,3.881604494938013e-06,3.073939105483056e-08,6.180815489642555e-06,0.0014102001441642642,0.44146430492401123,161.56642150878906
iid_ime,118,0.5000224686338961,3.88242178527358e-06,3.097181711795687e-08,7.836646545911208e-06,0.0014031322207301855,0.4430164098739624,453.3549499511719
iid_ime,119,0.5000304853552134,3.8829178090371155e-06,3.120447946576987e-08,2.856551645891159e-06,0.0014015663182362914,0.4437241554260254,759.268310546875
iid_ime,120,0.5000327394900056,3.883082597152925e-06,3.1435247275006544e-08,5.009711458114907e-06,0.0014009971637278795,0.4445863366127014,210.07339477539062
iid_ime,121,0.5000583893625198,3.882550314615751e-06,3.166652665940144e-08,9.99999993922529e-09,0.0013985330006107688,0.4450700879096985,153431.546875
iid_ime,122,0.5000007634972683,3.882152305618559e-06,3.189729900007271e-08,9.755914106790442e-06,0.0013995699118822813,0.4460085332393646,244.9023895263672
iid_ime,123,0.5000053444808782,3.881895699474542e-06,3.212858045787008e-08,4.441346845851513e-06,0.0013932076981291175,0.44735124707221985,251.5633544921875
iid_ime,124,0.5000334848087675,3.882504409927276e-06,3.2359548008140974e-08,3.958470642828615e-06,0.0013860694598406553,0.44792500138282776,619.1279296875
iid_ime,125,0.5000466096903801,3.882590310817181e-06,3.25891616720959e-08,1.9768037873291178e-06,0.001384870964102447,0.44889020919799805,508.9252014160156
iid_ime,126,0.5000705144262809,3.8819472097714095e-06,3.281822256584024e-08,1.1094398360000923e-05,0.0013820240274071693,0.4491371810436249,345.1121826171875
iid_ime,127,0.5000584620765454,3.882015329127838e-06,3.304694928069997e-08,4.691238700615941e-06,0.0013842317275702953,0.4503684639930725,688.8159790039062
iid_ime,128,0.5000571532240854,3.882189134697973e-06,3.327477768243072e-08,1.101284669857705e-05,0.0013820866588503122,0.4518018364906311,364.1790466308594
iid_ime,129,0.500055826193119,3.8823468920165675e-06,3.3503578942960776e-08,8.676855031808373e-06,0.0013723511947318912,0.4525201618671417,219.05653381347656
iid_ime,130,0.50002199599273,3.882582147060794e-06,3.373076407964222e-08,6.116269560152432e-06,0.001372714526951313,0.4530840814113617,421.2062072753906
iid_ime,131,0.4999867478688428,3.882071974733144e-06,3.3957068200947634e-08,4.915405497740721e-06,0.0013706258032470942,0.4540274739265442,826.0072631835938
iid_ime,132,0.5000308489253412,3.8828081652033415e-06,3.4182702893922514e-08,7.678901965846308e-06,0.0013689593179151416,0.45516446232795715,207.6083526611328
iid_ime,133,0.5000565715118809,3.88287833721023e-06,3.4409015412005344e-08,5.413629878603388e-06,0.0013689748011529446,0.45597586035728455,291.89068603515625
iid_ime,134,0.5000276131512041,3.8830224275400784e-06,3.4634797435859845e-08,5.3947455853631254e-06,0.0013593253679573536,0.45731332898139954,170.09873962402344
iid_ime,135,0.5000285402550299,3.883205024429819e-06,3.486016578602867e-08,7.1086528805608395e-06,0.0013594240881502628,0.4580436646938324,335.15899658203125
iid_ime,136,0.5000300672495666,3.882393019369104e-06,3.5085963928087574e-08,2.6838101803150494e-06,0.0013587410794571042,0.4588811695575714,635.1190795898438
iid_ime,137,0.5000650063388452,3.882652787386819e-06,3.5310303219615854e-08,2.6746847652248107e-06,0.0013611763715744019,0.4596894681453705,655.3120727539062
iid_ime,138,0.5000563897268171,3.882523775622777e-06,3.553550378501979e-08,1.3378308949540951e-06,0.001353433937765658,0.4605565071105957,1261.87890625
iid_ime,139,0.5000472459381037,3.882481427650704e-06,3.575818247824285e-08,5.3034759730508085e-06,0.0013494313461706042,0.4610467255115509,606.500244140625
iid_ime,140,0.5000370841530325,3.883060089696629e-06,3.598254500812111e-08,3.240769956391887e-06,0.0013519736239686608,0.4613063335418701,383.5359802246094
iid_ime,141,0.5000660606922157,3.882016913509952e-06,3.620335767853289e-08,3.2300795282935724e-06,0.0013436954468488693,0.46300971508026123,600.3180541992188
iid_ime,142,0.5000546991257229,3.882780328860376e-06,3.6425642136416856e-08,4.912600616080454e-06,0.0013467351673170924,0.46350887417793274,1116.7757568359375
iid_ime,143,0.5000468641894695,3.882983285493702e-06,3.6647918345396854e-08,1.0458036740601528e-05,0.0013382550096139312,0.4645632803440094,195.17445373535156
iid_ime,144,0.5000367387614111,3.882726684902743e-06,3.686731140940626e-08,5.217118541622767e-06,0.0013360665179789066,0.46531543135643005,456.2804870605469
iid_ime,145,0.5000506271402919,3.882566086027061e-06,3.708807743990179e-08,9.99999993922529e-09,0.0013360338052734733,0.4663218557834625,147239.53125
iid_ime,146,0.5000835484153614,3.882128943499309e-06,3.730941550938943e-08,3.6684682527265977e-06,0.0013348452048376203,0.4668925702571869,304.68115234375
iid_ime,147,0.5000830394171826,3.883016979347322e-06,3.752784124279103e-08,3.6568931136571337e-06,0.0013276900863274932,0.4675128161907196,423.53143310546875
iid_ime,148,0.5000914924226532,3.883080762544621e-06,3.774788873721995e-08,3.6454380278883036e-06,0.0013305083848536015,0.4686441421508789,359.633544921875
iid_ime,149,0.50007318666672,3.882144379136871e-06,3.7968046319056394e-08,9.99999993922529e-09,0.0013272891519591212,0.46918952465057373,203279.921875
iid_ime,150,0.5000492273953,3.882325758518753e-06,3.818693644355746e-08,3.1388483421324054e-06,0.0013236053055152297,0.4703298509120941,564.0966186523438
iid_ime,151,0.5000591165027753,3.882116173820322e-06,3.8404662730850285e-08,9.99999993922529e-09,0.0013277408434078097,0.4706202447414398,55029.95703125
iid_ime,152,0.5000698054645317,3.881733510121926e-06,3.862260121334784e-08,3.3688722851366038e-06,0.0013211925979703665,0.4712800681591034,502.6496276855469
iid_ime,153,0.5000992910018939,3.881167963602119e-06,3.883922716594637e-08,5.946600140305236e-06,0.0013206801377236843,0.47232651710510254,379.498779296875
iid_ime,154,0.5001190873953509,3.881183645301075e-06,3.9055609555390186e-08,4.381276085041463e-06,0.0013132859021425247,0.4734668433666229,436.64886474609375
iid_ime,155,0.5001021632059032,3.880136122086175e-06,3.927248580322043e-08,1.2681082353083184e-06,0.0013138704234734178,0.4734289348125458,308.1269836425781
iid_ime,156,0.50008189417128,3.88025405152193e-06,3.948935464626858e-08,5.61973502044566e-06,0.0013177964137867093,0.4743384122848511,322.7536926269531
iid_ime,157,0.5000881475774777,3.881052531535466e-06,3.9705444585970444e-08,5.012712790630758e-06,0.0013115224428474903,0.47547194361686707,337.23211669921875
iid_ime,158,0.5000809852459607,3.880987747348763e-06,3.992028720954526e-08,9.99999993922529e-09,0.0013086829567328095,0.47624263167381287,124587.8984375
iid_ime,159,0.500093401165824,3.880983525382843e-06,4.013559700921334e-08,1.7684232034298475e-06,0.0013059137854725122,0.476987361907959,2102.330810546875
iid_ime,160,0.5000886929326693,3.8814765400664125e-06,4.03500901655363e-08,1.7633461766308756e-06,0.0013069153064861894,0.4768291711807251,1850.9384765625
iid_ime,161,0.5000840028780211,3.880698725502435e-06,4.0562783865901596e-08,7.427485797961708e-06,0.0013047992251813412,0.4783155024051666,363.55596923828125
iid_ime,162,0.5000673331876629,3.882118747967218e-06,4.0775919074547507e-08,4.940904545946978e-06,0.0012955190613865852,0.4793514013290405,845.4229736328125
iid_ime,163,0.500073750200418,3.882963769002216e-06,4.099061385616672e-08,4.9269519877270795e-06,0.0012941760942339897,0.47978922724723816,500.228759765625
iid_ime,164,0.5000706416758256,3.883633216478534e-06,4.1203505604031835e-08,9.99999993922529e-09,0.001295262947678566,0.48050785064697266,82328.6171875
iid_ime,165,0.5001074531512623,3.883121454114132e-06,4.141575653747286e-08,1.7386782928952016e-06,0.001293911598622799,0.48141399025917053,556.4136352539062
iid_ime,166,0.5000743319126225,3.88352330008783e-06,4.162799015067569e-08,3.457765387793188e-06,0.0012933911057189107,0.4824119210243225,966.6910400390625
iid_ime,167,0.5000576804007706,3.884039845700212e-06,4.184047470218773e-08,1.7291316680712043e-06,0.0012904377654194832,0.482190877199173,370.20892333984375
iid_ime,168,0.5000584802550517,3.883995703345642e-06,4.20518955146385e-08,5.431485078588594e-06,0.001286235055886209,0.48315539956092834,652.22412109375
iid_ime,169,0.5000689147177187,3.883812456307992e-06,4.226202927401071e-08,4.845931925956393e-06,0.001296263188123703,0.48332443833351135,560.7225952148438
iid_ime,170,0.5000775495082532,3.883109820458656e-06,4.247281424629869e-08,4.521372375165811e-06,0.0012844965094700456,0.4844236671924591,293.70306396484375
iid_ime,171,0.5000867296539794,3.883786712384184e-06,4.268150166221721e-08,5.900907581235515e-06,0.0012805231381207705,0.485910028219223,345.92718505859375
iid_ime,172,0.5000630430601553,3.8835361978596005e-06,4.2889415486064613e-08,6.355925052048406e-06,0.0012824387522414327,0.48576581478118896,460.0685119628906
iid_ime,173,0.5000578258288217,3.8827385426782645e-06,4.309741450246966e-08,5.808245077787433e-06,0.0012809651670977473,0.4868610203266144,333.6457214355469
iid_ime,174,0.5000380657923774,3.882137251076499e-06,4.3306673290759435e-08,3.7823895127075957e-06,0.001279866904951632,0.4873272478580475,650.7724609375
iid_ime,175,0.5000366478688791,3.882483191931565e-06,4.351443132981088e-08,9.99999993922529e-09,0.0012754864292219281,0.4881913959980011,46791.5078125
iid_ime,176,0.5000282493989276,3.882770770964885e-06,4.372187739744618e-08,4.756852376885945e-06,0.0012751989997923374,0.48894816637039185,455.7758483886719
iid_ime,177,0.5000879657924138,3.883545660591262e-06,4.392874580954415e-08,3.3578489819774404e-06,0.0012727873399853706,0.4896487593650818,302.12542724609375
iid_ime,178,0.5000796582149943,3.8831092596337085e-06,4.4135324009577066e-08,6.029905307514127e-06,0.0012694272445514798,0.4900135397911072,281.33782958984375
iid_ime,179,0.5000530812386543,3.882860214671619e-06,4.4342646758439066e-08,4.72033525511506e-06,0.0012728349538519979,0.49167051911354065,470.564208984375
iid_ime,180,0.5000401199635993,3.882452882700355e-06,4.4549179959183714e-08,5.764306933997432e-06,0.0012687619309872389,0.4917292594909668,356.17669677734375
iid_ime,181,0.5000930557742026,3.88313389446972e-06,4.475534479106551e-08,9.160707122646272e-06,0.001260001678019762,0.49282005429267883,286.4330749511719
iid_ime,182,0.5000578985428473,3.883404130457945e-06,4.4959982619693236e-08,6.194116849655984e-06,0.0012645700480788946,0.4929780662059784,268.9561462402344
iid_ime,183,0.5000627158470402,3.882131991315238e-06,4.516408805845572e-08,2.3415468604071066e-06,0.0012651137076318264,0.4937038719654083,225.55894470214844
iid_ime,184,0.5000804580692754,3.882038835711233e-06,4.536805005363755e-08,9.877391676127445e-06,0.0012611162383109331,0.4940141439437866,266.04833984375
iid_ime,185,0.5000490637887425,3.882592736622948e-06,4.557142327976015e-08,4.028417606605217e-06,0.0012576371664181352,0.4943074584007263,336.2312927246094
iid_ime,186,0.5000517905647007,3.8817585698345585e-06,4.5774403254338487e-08,9.99999993922529e-09,0.0012576753506436944,0.49515122175216675,44987.484375
iid_ime,187,0.500044264663056,3.881439601364902e-06,4.597720635668126e-08,1.1320338671794161e-05,0.0012566597433760762,0.4960310161113739,461.8257751464844
iid_ime,188,0.5000423559198851,3.881498081950974e-06,4.617884309236e-08,5.651475930790184e-06,0.0012549797538667917,0.49685338139533997,286.00042724609375
iid_ime,189,0.500065606229556,3.881804628637309e-06,4.6380271747630586e-08,6.708535238431068e-06,0.0012518344447016716,0.4971032440662384,257.0965576171875
iid_ime,190,0.5000756589435889,3.881761479975293e-06,4.65814571534815e-08,4.5941583266539965e-06,0.0012503641191869974,0.4982839524745941,199.57827758789062
iid_ime,191,0.5000671877596118,3.881612019043123e-06,4.6783107028204325e-08,3.2437762911285972e-06,0.0012496209237724543,0.49867188930511475,399.2048034667969
iid_ime,192,0.5000320668852692,3.881318668893211e-06,4.6984390070466634e-08,5.597812560154125e-06,0.0012474157847464085,0.49924716353416443,370.2231140136719
iid_ime,193,0.5000455189799967,3.880815365850066e-06,4.7185080533349576e-08,3.228535206289962e-06,0.0012483557220548391,0.5002268552780151,1274.8328857421875
iid_ime,194,0.5000433920947492,3.880596099395874e-06,4.738533952720902e-08,1.016409441945143e-05,0.0012486068299040198,0.5003261566162109,178.7650146484375
iid_ime,195,0.5000568260109703,3.880108100799307e-06,4.758440011348483e-08,3.213537866031402e-06,0.0012442002771422267,0.501122236251831,793.3389892578125
iid_ime,196,0.5000328122040312,3.880416766874374e-06,4.7784959196243754e-08,3.2061282126960577e-06,0.0012407399481162429,0.5018089413642883,871.6646728515625
iid_ime,197,0.5000305944262518,3.880421097886767e-06,4.798414308092389e-08,7.1403233050659765e-06,0.0012404917506501079,0.5024753212928772,235.76351928710938
iid_ime,198,0.5000129249180422,3.880635084636096e-06,4.818240033722531e-08,8.72285363584524e-06,0.001238378114067018,0.503273606300354,218.20985412597656
iid_ime,199,0.5000362297632323,3.880479699945972e-06,4.838007958721987e-08,4.499064743868075e-06,0.0012361137196421623,0.5038154721260071,233.5701446533203
iid_ime,200,0.500032194134814,3.88200347274058e-06,4.857894751663067e-08,9.99999993922529e-09,0.0012321993708610535,0.5046080946922302,196225.21875
iid_ime,201,0.5000339392714273,3.882012415567233e-06,4.877344843374108e-08,5.483183485921472e-06,0.001233997056260705,0.5048037171363831,646.3492431640625
iid_ime,202,0.5000207598542956,3.881687022853385e-06,4.896892485100366e-08,5.4709385040041525e-06,0.001230748137459159,0.5056819319725037,379.8143005371094
iid_ime,203,0.5000203599271551,3.881740254530359e-06,4.916478501570179e-08,7.715750143688638e-06,0.0012290169252082705,0.5064600110054016,317.36529541015625
iid_ime,204,0.5000271223315316,3.881724165934499e-06,4.9361643303335896e-08,2.2295359940471826e-06,0.001229316694661975,0.5070878267288208,357.47149658203125
iid_ime,205,0.5000293946448302,3.881802552792675e-06,4.955770918696428e-08,5.434764716483187e-06,0.0012272343738004565,0.5079879760742188,839.7118530273438
iid_ime,206,0.5000037629508224,3.882269238889974e-06,4.975167999077257e-08,6.3571751525159925e-06,0.0012183192884549499,0.508973240852356,305.8582458496094
iid_ime,207,0.5000137065938169,3.882063627590419e-06,4.9947051841676745e-08,6.806239071011078e-06,0.0012224706588312984,0.5090556144714355,225.21780395507812
iid_ime,208,0.5000536629508587,3.882639005358361e-06,5.0140810856337046e-08,9.181229870591778e-06,0.0012221370125189424,0.5099738240242004,308.9136047363281
iid_ime,209,0.5000494818943895,3.88216047389527e-06,5.033698819209397e-08,9.828464499150869e-06,0.001220974954776466,0.5099653601646423,178.7060546875
iid_ime,210,0.5000852935519747,3.882616114588727e-06,5.052933711371923e-08,9.99999993922529e-09,0.0012191154528409243,0.5108630061149597,265785.5
iid_ime,211,0.5000632793807382,3.883130065365689e-06,5.072252977788535e-08,6.658765414613299e-06,0.0012162947095930576,0.5121411085128784,349.78265380859375
iid_ime,212,0.5000574259016812,3.883111303582122e-06,5.091403727797426e-08,6.908398518135073e-06,0.0012180960038676858,0.5123142600059509,369.5118103027344
iid_ime,213,0.5000693873588848,3.883310119496853e-06,5.110943689019799e-08,4.877614173892653e-06,0.0012159221805632114,0.5125201344490051,527.885986328125
iid_ime,214,0.5000972004736591,3.883806539169688e-06,5.129976048805556e-08,3.0820890515315114e-06,0.0012158708414062858,0.513009786605835,1000.824462890625
iid_ime,215,0.5000518632787263,3.8842681436776064e-06,5.1490531216294125e-08,3.075675977015635e-06,0.0012144272914156318,0.5139338374137878,683.5225219726562
iid_ime,216,0.5000470459745334,3.884220602597892e-06,5.168218148514234e-08,3.1634635888622142e-06,0.0012110222596675158,0.5146095752716064,281.53265380859375
iid_ime,217,0.5000727140255539,3.88350505748128e-06,5.18745955776854e-08,5.297929874359397e-06,0.0012088505318388343,0.5154449343681335,374.49090576171875
iid_ime,218,0.5000631521311936,3.883112275841227e-06,5.2066616029822034e-08,4.318701030570082e-06,0.0012051993981003761,0.5158628821372986,610.9141235351562
iid_ime,219,0.5000586620401156,3.8827017887513574e-06,5.2258001802298134e-08,3.409360260775429e-06,0.0012085464550182223,0.5160500407218933,616.3114013671875
iid_ime,220,0.5000264679053016,3.882850489270179e-06,5.244890026805392e-08,6.265356660151156e-06,0.0012037005508318543,0.5168551206588745,861.9562377929688
iid_ime,221,0.5000134157377147,3.883106533099403e-06,5.2637559562569895e-08,9.99999993922529e-09,0.0012048069620504975,0.5171114802360535,155904.046875
iid_ime,222,0.5000081803278749,3.882887906889039e-06,5.282524688684984e-08,6.420737008738797e-06,0.0012032606173306704,0.518195390701294,994.1253051757812
iid_ime,223,0.5000169241894477,3.8827237756085115e-06,5.3016128165691606e-08,8.30398130347021e-06,0.0011995909735560417,0.5189962983131409,378.260986328125
iid_ime,224,0.5000228140255175,3.8827875856230136e-06,5.320613059805591e-08,5.22343498232658e-06,0.0011962444987148046,0.5194370746612549,512.0807495117188
iid_ime,225,0.5000253590164119,3.883276629040894e-06,5.339398463283595e-08,4.258304670656798e-06,0.0011974103981629014,0.5193849205970764,277.5071716308594
iid_ime,226,0.5000264315482889,3.8832691054606155e-06,5.358130780462992e-08,5.202814918447984e-06,0.001199791906401515,0.5203670263290405,353.4220886230469
iid_ime,227,0.5000543537341016,3.882447578074452e-06,5.376616967124441e-08,3.00218243864947e-06,0.0011965361190959811,0.5203449726104736,1245.5257568359375
iid_ime,228,0.5000516269581433,3.8826048196358995e-06,5.395297343032358e-08,2.99633188660664e-06,0.0011977023677900434,0.5210360288619995,624.8264770507812
iid_ime,229,0.5000607525683503,3.88240091012838e-06,5.414107160652546e-08,2.1175467281864258e-06,0.0011918870732188225,0.5221579670906067,1505.32470703125
iid_ime,230,0.5000313942805329,3.88244549356163e-06,5.432872131249134e-08,5.959501777397236e-06,0.0011916530784219503,0.5228000283241272,211.56494140625
iid_ime,231,0.5000333757377292,3.882546954795869e-06,5.4515774021656585e-08,2.9790187454636907e-06,0.0011877514189109206,0.5234936475753784,327.081787109375
iid_ime,232,0.5000187602185929,3.882790085328464e-06,5.469996187850937e-08,2.5763151825231034e-06,0.001191769726574421,0.523530125617981,616.1558227539062
iid_ime,233,0.5000140338069319,3.883224057398981e-06,5.488597742694541e-08,6.15206499787746e-06,0.0011869771406054497,0.524681031703949,561.0169677734375
iid_ime,234,0.500034302841555,3.883811352908693e-06,5.506987365516383e-08,2.771393383227405e-06,0.0011940093245357275,0.52495938539505,1599.75439453125
iid_ime,235,0.5000324122768907,3.883926198010395e-06,5.525469908750987e-08,9.99999993922529e-09,0.0011930447071790695,0.5246230363845825,89001.6875
iid_ime,236,0.5000583893625198,3.883109046839867e-06,5.543948319624096e-08,9.99999993922529e-09,0.0011832299642264843,0.5259228944778442,369667.21875
iid_ime,237,0.5000367932969303,3.882862633536064e-06,5.5623088896278486e-08,1.1751702913898043e-05,0.0011883211554959416,0.5260611176490784,172.38949584960938
iid_ime,238,0.5000083257559259,3.8833195443898455e-06,5.580566070202898e-08,6.2683893702342175e-06,0.0011800189968198538,0.5273947715759277,610.063720703125
iid_ime,239,0.5000157062295196,3.882709864183655e-06,5.598987238396391e-08,9.99999993922529e-09,0.0011809569550678134,0.5278470516204834,58841.796875
iid_ime,240,0.5000349390892787,3.883395604923249e-06,5.617133259415383e-08,5.471181793836877e-06,0.0011789678828790784,0.5281326174736023,340.9985046386719
iid_ime,241,0.5000407198543102,3.883197846053329e-06,5.635362552383266e-08,9.99999993922529e-09,0.0011777820764109492,0.5295683145523071,150190.234375
iid_ime,242,0.5000529539891096,3.883797161139083e-06,5.653549433583461e-08,3.420440179979778e-06,0.0011740989284589887,0.5294281840324402,596.812744140625
iid_ime,243,0.5000477185792698,3.8830120171486795e-06,5.671824265167625e-08,9.6386229415657e-06,0.0011717908782884479,0.52996826171875,319.0562744140625
iid_ime,244,0.5000536629508587,3.883229653289522e-06,5.689871443165027e-08,4.59194916402339e-06,0.0011800946667790413,0.5299808382987976,499.04608154296875
iid_ime,245,0.5000364115482961,3.884432764778438e-06,5.7079807031126284e-08,8.191658707801253e-06,0.0011759725166484714,0.5315183997154236,629.2333374023438
iid_ime,246,0.5000358661931045,3.883572617079353e-06,5.726223079758024e-08,1.0012456186814234e-05,0.0011669842060655355,0.5322673320770264,282.8453674316406
iid_ime,247,0.5000422468488468,3.8836942513356175e-06,5.744222197460603e-08,6.455019956774777e-06,0.0011717122979462147,0.5318158268928528,300.07427978515625
iid_ime,248,0.5000297763934644,3.8828756171601355e-06,5.761952509880861e-08,4.8884853640629444e-06,0.0011686669895425439,0.5330301523208618,333.3370666503906
iid_ime,249,0.5000635702368404,3.882605837064387e-06,5.779845734067577e-08,5.383167263062205e-06,0.0011697759618982673,0.5332694053649902,361.3063049316406
iid_ime,250,0.5000671150455862,3.882323712047761e-06,5.797724799650657e-08,2.03728654923907e-06,0.0011677463771775365,0.5340360403060913,550.2696533203125
iid_ime,251,0.5000738592714563,3.8823045073739985e-06,5.815418739094545e-08,4.967103450326249e-06,0.0011670616222545505,0.5340560674667358,655.775146484375
iid_ime,252,0.5001006907468858,3.882741662683941e-06,5.833171513410208e-08,2.8669855964835733e-06,0.0011684122728183866,0.5338799357414246,370.1280822753906
iid_ime,253,0.5000824577049781,3.8828462556733125e-06,5.8509555024588704e-08,2.862017026927788e-06,0.0011625845218077302,0.5351302623748779,307.8340148925781
iid_ime,254,0.5000595164299159,3.882415296898345e-06,5.868437414305555e-08,9.013255294121336e-06,0.0011643399484455585,0.5353645086288452,297.0315856933594
iid_ime,255,0.5000440101639665,3.882754147057668e-06,5.886227904362446e-08,2.019719204326975e-06,0.0011590435169637203,0.5367233753204346,316.07476806640625
iid_ime,256,0.5000307580328093,3.8824117714856115e-06,5.9039074078143555e-08,8.98231337487232e-06,0.0011582939187064767,0.5374690294265747,273.3992614746094
iid_ime,257,0.5000277040437361,3.882283235269838e-06,5.921480229709324e-08,4.488492322707316e-06,0.0011562959989532828,0.5372054576873779,613.6505126953125
iid_ime,258,0.500048154863423,3.88243708103504e-06,5.9389488079221304e-08,6.790417501179036e-06,0.0011549402261152864,0.5378388166427612,348.2696533203125
iid_ime,259,0.5000035629872521,3.882450483457841e-06,5.956363579727092e-08,5.291052730171941e-06,0.0011605239706113935,0.5393686890602112,522.506103515625
iid_ime,260,0.5000502090346449,3.881993979754914e-06,5.973937058111334e-08,5.090369540994288e-06,0.001156823243945837,0.539517343044281,342.23590087890625
iid_ime,261,0.5000794946084368,3.882321586648861e-06,5.991545492109038e-08,8.332004654221237e-06,0.001153165241703391,0.5398773550987244,209.1238250732422
iid_ime,262,0.500077585865266,3.882035693933508e-06,6.008844299106185e-08,3.4498780223657377e-06,0.0011545059969648719,0.54080730676651,580.62646484375
iid_ime,263,0.5000529176320968,3.881336179342673e-06,6.026312203820306e-08,3.4441529805917526e-06,0.0011526176240295172,0.5406527519226074,746.9877319335938
iid_ime,264,0.5000297218579451,3.8818993387080255e-06,6.043691727756758e-08,7.416327207465656e-06,0.0011486582225188613,0.5417454838752747,218.66360473632812
iid_ime,265,0.5000245591621308,3.881707756209387e-06,6.061026213677444e-08,7.663627911824733e-06,0.001149818766862154,0.5415298342704773,361.413818359375
iid_ime,266,0.5000271405100379,3.8817933075952696e-06,6.078130414737185e-08,3.4271836284460733e-06,0.0011496577644720674,0.5424755811691284,1692.7420654296875
iid_ime,267,0.4999820032786754,3.88209300759872e-06,6.095457651605815e-08,2.795554564727354e-06,0.0011423449032008648,0.5435721278190613,187.8917999267578
iid_ime,268,0.5000121977777867,3.882231658776462e-06,6.112637309622451e-08,2.7910170956602087e-06,0.0011489903554320335,0.5431532859802246,516.7861938476562
iid_ime,269,0.5000197963934571,3.882467222794162e-06,6.129810033142131e-08,9.006908840092365e-06,0.001143607310950756,0.5445162653923035,328.9180908203125
iid_ime,270,0.5000025449908944,3.882034989118456e-06,6.147000658817686e-08,9.99999993922529e-09,0.0011472924379631877,0.543768048286438,66644.71875
iid_ime,271,0.49998523905281256,3.882067206231241e-06,6.164138897723278e-08,7.332286713790381e-06,0.0011435282649472356,0.5445538759231567,362.26690673828125
iid_ime,272,0.4999877476866942,3.882080516317532e-06,6.181140918477564e-08,3.917657977581257e-06,0.0011419245274737477,0.5447640419006348,464.42120361328125
iid_ime,273,0.49997327759560894,3.881967004965434e-06,6.198296946583832e-08,3.91142657463206e-06,0.0011428386205807328,0.5453791618347168,709.9934692382812
iid_ime,274,0.49999540083788374,3.882854731078121e-06,6.215432809620964e-08,2.7643436624202877e-06,0.0011402384843677282,0.5464890003204346,758.4506225585938
iid_ime,275,0.4999819123861435,3.882588254052717e-06,6.232427434851779e-08,6.746065992047079e-06,0.001142315100878477,0.5465155243873596,317.6537170410156
iid_ime,276,0.4999730776320387,3.882633134066642e-06,6.249395437785292e-08,3.892944278049981e-06,0.0011411235900595784,0.5470914840698242,412.6794738769531
iid_ime,277,0.49996916925316515,3.882974597972254e-06,6.266555734010921e-08,2.751349711616058e-06,0.0011367580154910684,0.5477650165557861,675.6280517578125
iid_ime,278,0.4999410289252758,3.882994360491276e-06,6.283526536593291e-08,2.747067810560111e-06,0.0011357086477801204,0.5482166409492493,919.0177612304688
iid_ime,279,0.4999703508560804,3.883325424163522e-06,6.300419012230828e-08,3.874776666634716e-06,0.0011390416184440255,0.5482912063598633,917.9199829101562
iid_ime,280,0.4999753135883245,3.882734351508112e-06,6.3172258358185e-08,4.324258043197915e-06,0.0011334053706377745,0.5491999983787537,353.6814880371094
iid_ime,281,0.49995399020033077,3.8827573355962e-06,6.33410245238726e-08,3.862835910695139e-06,0.0011328684631735086,0.5495091676712036,608.2574462890625
iid_ime,282,0.4999484639343887,3.8831512745239115e-06,6.350933115817963e-08,5.2776058510062285e-06,0.0011332842987030745,0.549261212348938,419.0868225097656
iid_ime,283,0.49998567533696586,3.882320108181161e-06,6.36788921184494e-08,3.851027940982021e-06,0.001128768315538764,0.5505643486976624,534.7986450195312
iid_ime,284,0.4999889474681158,3.881929025590474e-06,6.384519161451137e-08,4.297854502510745e-06,0.001133682206273079,0.551020622253418,434.0316162109375
iid_ime,285,0.49998400291437817,3.8816225207552304e-06,6.401111367989944e-08,9.99999993922529e-09,0.001130367862060666,0.5509671568870544,31990.673828125
iid_ime,286,0.49997944010927464,3.881597984113528e-06,6.417631094113316e-08,3.833562004729174e-06,0.0011272187111899257,0.5518807768821716,320.3931884765625
iid_ime,287,0.5000268860109486,3.881368762635582e-06,6.434264577603624e-08,1.6631577182124602e-06,0.0011289771646261215,0.5521294474601746,822.0682373046875
iid_ime,288,0.4999851481602806,3.881592831959686e-06,6.45076557903506e-08,3.822077815129887e-06,0.0011272578267380595,0.5533257722854614,516.9038696289062
iid_ime,289,0.49999360116575126,3.881223891593253e-06,6.46741045951986e-08,3.69551435142057e-06,0.0011292491108179092,0.5536226034164429,640.3706665039062
iid_ime,290,0.49996536994533,3.881763879285526e-06,6.484057534880267e-08,3.8107193631731207e-06,0.001125138602219522,0.5534574389457703,1234.1488037109375
iid_ime,291,0.49998138520945823,3.881540846571661e-06,6.500648664879305e-08,3.5599784951045876e-06,0.0011246902868151665,0.554223358631134,804.2916259765625
iid_ime,292,0.4999579349362171,3.88189537841301e-06,6.517108936358683e-08,4.139495104027446e-06,0.0011264658533036709,0.554430365562439,559.135986328125
iid_ime,293,0.4999903835701205,3.8824547590920305e-06,6.533209198030341e-08,7.577824817417422e-06,0.0011200644075870514,0.5552880764007568,256.2816467285156
iid_ime,294,0.5000021995992731,3.881981210634618e-06,6.54953752043009e-08,1.8991852357430616e-06,0.0011206043418496847,0.5553215742111206,966.7947387695312
iid_ime,295,0.49996806036427544,3.881855283983412e-06,6.565942917162349e-08,9.99999993922529e-09,0.0011203830363228917,0.5552838444709778,103168.5390625
iid_ime,296,0.49995100892528305,3.882166784369503e-06,6.582379324779184e-08,3.4058664368785685e-06,0.0011182704474776983,0.5563451051712036,479.0846862792969
iid_ime,297,0.4999601163569837,3.88166538793818e-06,6.598701839800282e-08,6.52584003546508e-06,0.001119333552196622,0.5573001503944397,378.3892517089844
iid_ime,298,0.49998053081965793,3.881431517332137e-06,6.614984321223578e-08,1.888249016701593e-06,0.001121395849622786,0.5569038391113281,1187.28955078125
iid_ime,299,0.4999525722768325,3.881903504703188e-06,6.631226038041113e-08,2.6624297788657714e-06,0.001117207109928131,0.5565887689590454,604.669921875
iid_ime,300,0.4999333939525926,3.881470735021993e-06,6.647405984024634e-08,3.7557354062300874e-06,0.0011152992956340313,0.5577542185783386,713.839111328125
iid_ime,301,0.49993781132964504,3.881261220532493e-06,6.663515814033394e-08,1.4319965657705325e-06,0.0011168491328135133,0.5582593083381653,539.99755859375
iid_ime,302,0.4999547355190927,3.882028070719866e-06,6.679829927568412e-08,1.8775432408801862e-06,0.001115659368224442,0.5583624839782715,1109.1671142578125
iid_ime,303,0.4999459371220007,3.8813576606345725e-06,6.696078817755375e-08,3.854593614960322e-06,0.0011093149660155177,0.559871256351471,485.3995666503906
iid_ime,304,0.4999380112932153,3.88253652190443e-06,6.712022017628892e-08,2.6436532607476693e-06,0.001110366778448224,0.5599209070205688,1210.1474609375
iid_ime,305,0.49992075989065266,3.883080431291196e-06,6.728123960560663e-08,9.99999993922529e-09,0.0011129759950563312,0.56027752161026,215185.953125
iid_ime,306,0.49992246867025314,3.88336218464236e-06,6.744271231329548e-08,2.9462694328685757e-06,0.0011135037057101727,0.5607567429542542,571.3922729492188
iid_ime,307,0.49993157610195377,3.882949173907944e-06,6.760174856092273e-08,4.0517297748010606e-06,0.0011065223952755332,0.5610858201980591,370.1131591796875
iid_ime,308,0.49992901293255304,3.882020092229054e-06,6.776163105515153e-08,3.713798832905013e-06,0.0011077866656705737,0.5619176626205444,369.0526123046875
iid_ime,309,0.49991145249538177,3.881053322930811e-06,6.792184682964945e-08,5.074623459222494e-06,0.0011106948368251324,0.5616235136985779,217.01962280273438
iid_ime,310,0.49990861664838515,3.8814072545679086e-06,6.808089862594352e-08,9.057396709977183e-06,0.0011072972556576133,0.5624880194664001,416.5853576660156
iid_ime,311,0.49988818400720453,3.882092139391724e-06,6.823826211022858e-08,4.335168341640383e-06,0.0011112334905192256,0.5631467700004578,321.99737548828125
iid_ime,312,0.49988022182140635,3.8826881501881714e-06,6.839456968189862e-08,3.6934734453097917e-06,0.0011032213224098086,0.5638097524642944,251.68385314941406
iid_ime,313,0.4998861843715018,3.882656500045943e-06,6.85499248724625e-08,6.381273578881519e-06,0.0011074946960434318,0.5639529228210449,635.0676879882812
iid_ime,314,0.4999080167576743,3.882842164678286e-06,6.870788442160167e-08,2.6075322239194065e-06,0.0011038719676434994,0.564292311668396,862.2056274414062
iid_ime,315,0.4999067987977463,3.882483316604479e-06,6.886503605854169e-08,4.311697011871729e-06,0.0011026733554899693,0.5644603967666626,331.2383117675781
iid_ime,316,0.4999135975591356,3.883544283585371e-06,6.902234208328375e-08,2.2534618437930476e-06,0.0011016958160325885,0.5653690099716187,308.5303649902344
iid_ime,317,0.4999004544990167,3.8833774591058135e-06,6.9178696950116e-08,1.8393209302303148e-06,0.0011013008188456297,0.5655521750450134,1375.914794921875
iid_ime,318,0.4998821851000963,3.883667904143217e-06,6.933539898726803e-08,9.99999993922529e-09,0.0010990184964612126,0.5664555430412292,298883.375
iid_ime,319,0.4998913652458225,3.883686389662173e-06,6.948977712381828e-08,4.750037987832911e-06,0.0010987422429025173,0.5672302842140198,444.1235656738281
iid_ime,320,0.49987471373397063,3.88336428449381e-06,6.964421883536427e-08,3.654040028777672e-06,0.001097045256756246,0.5676409602165222,438.62109375
iid_ime,321,0.49988965646622197,3.8826860376730415e-06,6.980087934679882e-08,6.313315680017695e-06,0.0010983677348122,0.5673309564590454,430.72174072265625
iid_ime,322,0.499900654462587,3.882251246577333e-06,6.995587876604675e-08,4.461244770936901e-06,0.0010905844392254949,0.5687024593353271,569.7192993164062
iid_ime,323,0.49990303584692386,3.882796852761768e-06,7.010998407743222e-08,7.868433385738172e-06,0.0010947063565254211,0.5680738091468811,362.1103210449219
iid_ime,324,0.4998980731146798,3.88198384095543e-06,7.026533738505674e-08,6.288522854447365e-06,0.0010956227779388428,0.5682977437973022,282.8888854980469
iid_ime,325,0.4998824941347049,3.882133248541002e-06,7.041878448453656e-08,9.99999993922529e-09,0.0010937907500192523,0.5687275528907776,168256.125
iid_ime,326,0.49987894932595917,3.8822460403150395e-06,7.057133736346328e-08,4.438041287357919e-06,0.0010949450079351664,0.5693625211715698,665.616943359375
iid_ime,327,0.49987676790519253,3.882627665151501e-06,7.072487720365922e-08,6.264093372010393e-06,0.001093209837563336,0.5693942308425903,394.32183837890625
iid_ime,328,0.4998821487430835,3.882899165272951e-06,7.08767842994557e-08,7.952992746140808e-06,0.0010925950482487679,0.5703226923942566,407.6419372558594
iid_ime,329,0.49992505001816034,3.8824008219566625e-06,7.103076087577348e-08,2.556654180807527e-06,0.0010887756943702698,0.5708310008049011,659.410888671875
iid_ime,330,0.49988036724945745,3.882416165884125e-06,7.118325858018531e-08,3.606902510000509e-06,0.0010878575267270207,0.5716363787651062,237.92762756347656
iid_ime,331,0.4998942556283383,3.882600401670752e-06,7.133582611895105e-08,4.026328952022595e-06,0.001088733202777803,0.5722766518592834,1275.6343994140625
iid_ime,332,0.4998787130053761,3.8827513043154764e-06,7.148767163220747e-08,7.1854951784189325e-06,0.001084682415239513,0.5720535516738892,239.96734619140625
iid_ime,333,0.4998982548997437,3.882548294691084e-06,7.164022588299756e-08,3.5932032460550545e-06,0.0010893872240558267,0.5722123384475708,524.2828979492188
iid_ime,334,0.4999137066301739,3.882625328973436e-06,7.179363451580894e-08,5.071018222224666e-06,0.0010879553155973554,0.5726625323295593,325.6125793457031
iid_ime,335,0.4999143610564039,3.883275158801199e-06,7.194598486473968e-08,2.0080267404409824e-06,0.0010892905993387103,0.5730352401733398,751.3311157226562
iid_ime,336,0.49992137795986985,3.883697027051728e-06,7.209886636869988e-08,2.5341582841065247e-06,0.001086222822777927,0.574257493019104,385.593017578125
iid_ime,337,0.49992405020030894,3.883197833186488e-06,7.224943059329638e-08,2.5310057480965042e-06,0.0010857415618374944,0.5741218328475952,417.4606628417969
iid_ime,338,0.4999225959197979,3.883841203589408e-06,7.240212469373424e-08,7.131606253096834e-06,0.0010809117229655385,0.5746256113052368,403.96514892578125
iid_ime,339,0.49991701511833664,3.88265913503945e-06,7.255004462281766e-08,5.907600552745862e-06,0.0010842459741979837,0.5749675035476685,207.53131103515625
iid_ime,340,0.49993099438974936,3.881838805522283e-06,7.269964593951826e-08,4.708841970568756e-06,0.0010854456340894103,0.5756170749664307,716.8796997070312
iid_ime,341,0.49993128524585156,3.881812553578363e-06,7.285031158095415e-08,7.639437171746977e-06,0.0010804367484524846,0.5760475397109985,618.9671020507812
iid_ime,342,0.4999253590527689,3.881756344277462e-06,7.299879797110617e-08,5.612388122244738e-06,0.001082345494069159,0.5760220885276794,227.388427734375
iid_ime,343,0.4999466642622562,3.882939792254308e-06,7.314759121530118e-08,5.014798716729274e-06,0.0010810609674081206,0.5770922303199768,727.9057006835938
iid_ime,344,0.4999428831329274,3.88270332190313e-06,7.32969363914046e-08,2.5093490876315627e-06,0.0010792487300932407,0.576982319355011,632.3823852539062
iid_ime,345,0.4999376477230875,3.882179703930253e-06,7.344257442229053e-08,4.4228991100681014e-06,0.001081565162166953,0.5774804353713989,215.47268676757812
iid_ime,346,0.4999454463023282,3.8826889591569116e-06,7.35940670656189e-08,4.3285053834551945e-06,0.0010781962191686034,0.5782115459442139,559.9343872070312
iid_ime,347,0.4999651154462405,3.883182134659059e-06,7.374092369106085e-08,4.3232944335613865e-06,0.001073447521775961,0.5779854655265808,282.1656188964844
iid_ime,348,0.49991528816022973,3.883558836219069e-06,7.38888429302446e-08,6.590743851120351e-06,0.0010753184324130416,0.5784646272659302,368.10211181640625
iid_ime,349,0.4999304853915705,3.8832551538776735e-06,7.403389355388246e-08,3.938033842132427e-06,0.00107654370367527,0.5789709091186523,668.8760375976562
iid_ime,350,0.4999293946811872,3.882863021048056e-06,7.418168056670406e-08,1.7299616956734098e-06,0.001074948813766241,0.5798627138137817,940.0545043945312
iid_ime,351,0.49994282859740824,3.883524450027845e-06,7.432733732381622e-08,3.928672413167078e-06,0.0010727901244536042,0.579929769039154,735.8711547851562
iid_ime,352,0.4999706235336762,3.883710178367978e-06,7.447227269347043e-08,6.073579697840614e-06,0.0010751918889582157,0.5803160071372986,224.97579956054688
iid_ime,353,0.49994075624768,3.882982505830884e-06,7.461758583874841e-08,3.8078530906204833e-06,0.0010713496012613177,0.5807158350944519,670.476318359375
iid_ime,354,0.49992846757736137,3.882378404991502e-06,7.476381226676147e-08,2.4796058823994827e-06,0.001071908394806087,0.5807569622993469,1621.89111328125
iid_ime,355,0.49992059628409513,3.88187062989169e-06,7.490802364278766e-08,4.943411568092415e-06,0.0010702498257160187,0.5816397070884705,428.12933349609375
iid_ime,356,0.49994141067390996,3.881566028536208e-06,7.505180533882083e-08,9.99999993922529e-09,0.0010704335290938616,0.5819432735443115,104104.1796875
iid_ime,357,0.4999516269945003,3.880948124861332e-06,7.519728295798013e-08,2.4709440822334727e-06,0.0010675324592739344,0.5826576352119446,2063.566162109375
iid_ime,358,0.49994375570123406,3.881575220336224e-06,7.534140002990558e-08,2.8923575428052573e-06,0.001066706725396216,0.5827707052230835,267.0395812988281
iid_ime,359,0.49992188695804873,3.882131646043729e-06,7.548557585387782e-08,9.99999993922529e-09,0.001066537806764245,0.58309406042099,249108.1875
iid_ime,360,0.4999202327139674,3.882728944929427e-06,7.562876019202405e-08,4.2576793930493295e-06,0.0010688789188861847,0.583614706993103,418.8100891113281
iid_ime,361,0.4999307762476727,3.883927096708418e-06,7.577309120162707e-08,6.938446404092247e-06,0.0010637362720444798,0.5837774872779846,314.9437255859375
iid_ime,362,0.49992901293255304,3.8837851984310905e-06,7.591588932769234e-08,2.4567650598328328e-06,0.0010665165027603507,0.584728479385376,672.4014892578125
iid_ime,363,0.4999278131511314,3.883622244601915e-06,7.605603296741052e-08,9.99999993922529e-09,0.0010630176402628422,0.5844202637672424,67399.1015625
iid_ime,364,0.4999553717668163,3.882924138693101e-06,7.620007092731282e-08,2.451180762363947e-06,0.0010584077099338174,0.5849659442901611,792.1096801757812
iid_ime,365,0.4999885111839625,3.882516527765348e-06,7.634222247718066e-08,3.4584288641781313e-06,0.0010597388027235866,0.5851101875305176,495.6174011230469
iid_ime,366,0.4999775495446102,3.882343743382171e-06,7.648495477232058e-08,3.454523721302394e-06,0.0010621752589941025,0.5857018232345581,470.7469482421875
iid_ime,367,0.49995100892528305,3.8825237019939745e-06,7.662477296562278e-08,9.741587746248115e-06,0.0010634699137881398,0.5862553715705872,298.5004577636719
iid_ime,368,0.49993433923492486,3.8823326327976245e-06,7.676724221270374e-08,2.440159732941538e-06,0.0010585421696305275,0.5868948698043823,1687.8887939453125
iid_ime,369,0.49995795311472346,3.882147578476776e-06,7.690686330156301e-08,2.4374344320676755e-06,0.0010621505789458752,0.5869776606559753,853.4554443359375
iid_ime,370,0.4999515724589811,3.882834238535198e-06,7.704775525016932e-08,1.724536673464172e-06,0.0010599239030852914,0.5875897407531738,426.95440673828125
iid_ime,371,0.4999649700181894,3.8822441810904385e-06,7.718990607998083e-08,9.99999993922529e-09,0.001061496208421886,0.5877618193626404,101614.578125
iid_ime,372,0.499949790965355,3.881617826271521e-06,7.733015077465853e-08,4.848659045819659e-06,0.001057715737260878,0.5881516933441162,326.9130554199219
iid_ime,373,0.49993499366115485,3.881362330248034e-06,7.747133727021715e-08,2.4266512355097802e-06,0.0010592369362711906,0.5881090760231018,588.97119140625
iid_ime,374,0.49992544994530086,3.881647359259784e-06,7.76111650924872e-08,3.4238892112625763e-06,0.0010579194640740752,0.589357852935791,331.1531066894531
iid_ime,375,0.4999626249908653,3.881638993781812e-06,7.775099666740941e-08,4.186544174444862e-06,0.0010566122364252806,0.5892989039421082,302.8034973144531
iid_ime,376,0.49996282495443556,3.881677442593293e-06,7.788979239870765e-08,3.416395202293643e-06,0.0010544722899794579,0.5897808074951172,922.7257080078125
iid_ime,377,0.49994933650269535,3.882229224759618e-06,7.802846906834743e-08,2.9568004720204044e-06,0.0010577267967164516,0.5901206135749817,750.5664672851562
iid_ime,378,0.49994081078319913,3.88266503204792e-06,7.816374079898399e-08,7.514710887335241e-06,0.0010582807008177042,0.5905733108520508,575.1527099609375
iid_ime,379,0.4999599163934134,3.882601846650808e-06,7.829883826011617e-08,4.811641701962799e-06,0.0010572029277682304,0.591016411781311,290.3807678222656
iid_ime,380,0.4999650063752022,3.882459315511154e-06,7.843958463618762e-08,9.99999993922529e-09,0.0010548977879807353,0.5915058851242065,140775.640625
iid_ime,381,0.4999361752640701,3.883037471720945e-06,7.857648048641957e-08,6.117691100371303e-06,0.001055520144291222,0.5916123390197754,470.7391357421875
iid_ime,382,0.4999485002914015,3.883433818897959e-06,7.871331298386273e-08,1.206528168040677e-06,0.001050200080499053,0.592049241065979,1248.029541015625
iid_ime,383,0.4999722414207448,3.884128409450491e-06,7.885119477268288e-08,7.938358976389281e-06,0.0010496857576072216,0.5930023193359375,321.4660949707031
iid_ime,384,0.49994253774130604,3.884746478769009e-06,7.898857746934931e-08,2.397934395048651e-06,0.0010527265258133411,0.592724084854126,1077.541015625
iid_ime,385,0.49994095621125023,3.883749820985242e-06,7.91253562821223e-08,3.7816321309946943e-06,0.0010505716782063246,0.5931313633918762,671.7598266601562
iid_ime,386,0.49994221052819104,3.883101532875859e-06,7.926312242545131e-08,4.137226824241225e-06,0.0010469252010807395,0.5929908156394958,466.323974609375
iid_ime,387,0.4999468278688137,3.8837077324323776e-06,7.939856413170747e-08,5.332584350981051e-06,0.0010477890027686954,0.5942385792732239,243.82241821289062
iid_ime,388,0.4999398836793733,3.884001933757654e-06,7.953511265078415e-08,9.99999993922529e-09,0.0010491510620340705,0.5942206382751465,66478.3671875
iid_ime,389,0.49995373570124135,3.883304706450889e-06,7.967086935232272e-08,1.8878525906984578e-06,0.0010458454489707947,0.5953018665313721,688.5928955078125
iid_ime,390,0.4999731503460642,3.8826972702386225e-06,7.980662657128604e-08,9.99999993922529e-09,0.0010435249423608184,0.5954752564430237,190181.046875
iid_ime,391,0.4999980185428037,3.882206645062786e-06,7.993784064217075e-08,6.714339633617783e-06,0.0010480316122993827,0.5956630110740662,396.14862060546875
iid_ime,392,0.4999783675773977,3.882069005862055e-06,8.007297039261816e-08,6.707348802592605e-06,0.0010457434691488743,0.5955105423927307,236.64764404296875
iid_ime,393,0.49996711508194325,3.8828679409384954e-06,8.02075016677951e-08,3.558113348844927e-06,0.0010451888665556908,0.5964370965957642,838.8685913085938
iid_ime,394,0.4999787129690191,3.882568329953265e-06,8.034186306470025e-08,4.430688477441436e-06,0.001045029261149466,0.5969161987304688,554.558837890625
iid_ime,395,0.49997564080143947,3.882156960130412e-06,8.047534116887268e-08,3.3482735943834996e-06,0.0010428078239783645,0.5968992710113525,531.3466186523438
iid_ime,396,0.49995413562838187,3.881883709847765e-06,8.060762617144603e-08,2.368084551562788e-06,0.0010394256096333265,0.5977208018302917,271.83514404296875
iid_ime,397,0.4999284312203486,3.882416993018812e-06,8.074113205571978e-08,6.46124908598722e-06,0.0010364910122007132,0.5978376269340515,298.1145324707031
iid_ime,398,0.49997405927138366,3.8823489787641555e-06,8.087538730753906e-08,6.666000444965903e-06,0.0010393537813797593,0.5978540182113647,220.11416625976562
iid_ime,399,0.49997284131145564,3.882232340956032e-06,8.100813102408881e-08,6.762302291463129e-06,0.0010421121260151267,0.5978671312332153,430.6217346191406
iid_ime,400,0.4999891110746733,3.881674603948174e-06,8.114141483314904e-08,6.223435320862336e-06,0.0010423987405374646,0.5983271598815918,397.8950500488281
iid_ime,401,0.4999735502732048,3.88195686261064e-06,8.126968626130042e-08,5.198288818064611e-06,0.0010394711280241609,0.5981985330581665,450.2160949707031
iid_ime,402,0.49998858389798806,3.882195558569705e-06,8.140094519894283e-08,1.6672478295731707e-06,0.0010397933656349778,0.5990976691246033,949.6127319335938
iid_ime,403,0.49998842029143054,3.882711387753018e-06,8.153609245189103e-08,3.7119821172382217e-06,0.001041376031935215,0.5989657044410706,247.76087951660156
iid_ime,404,0.4999616978870395,3.882923614233907e-06,8.166981712747703e-08,5.49540663996595e-06,0.0010396030265837908,0.5995602011680603,380.8101806640625
iid_ime,405,0.49994011999995636,3.882759617716604e-06,8.180300402362111e-08,7.0199230322032236e-06,0.0010370733216404915,0.6003420948982239,594.5025634765625
iid_ime,406,0.49992721326042056,3.882992242914061e-06,8.1935161464062e-08,4.678612185671227e-06,0.0010369729716330767,0.6008678078651428,518.3411865234375
iid_ime,407,0.49993413927135455,3.8816016156776965e-06,8.206622402525375e-08,3.307918404971133e-06,0.0010343940230086446,0.6009094715118408,498.9848327636719
iid_ime,408,0.49992548630231365,3.882295416815701e-06,8.219602615190789e-08,4.521375103649916e-06,0.0010386118665337563,0.6019152402877808,305.96099853515625
iid_ime,409,0.4999241774498537,3.883429686745972e-06,8.232764388658421e-08,6.489087354566436e-06,0.0010324441827833652,0.6024227738380432,439.91241455078125
iid_ime,410,0.49997104163932315,3.883540939612019e-06,8.24590759684115e-08,7.362481028394541e-06,0.0010351678356528282,0.6021834015846252,295.97406005859375
iid_ime,411,0.4999680058287563,3.8834550600201215e-06,8.258975339892944e-08,6.978309102123603e-06,0.0010333280079066753,0.6025727391242981,324.74505615234375
iid_ime,412,0.49995702601089764,3.883137800944095e-06,8.271936002949571e-08,4.650979462894611e-06,0.00103502138517797,0.6030946373939514,292.26580810546875
iid_ime,413,0.49992974007280855,3.883174225107424e-06,8.284716852544207e-08,4.927684585709358e-06,0.0010330738732591271,0.6034535765647888,439.396728515625
iid_ime,414,0.49994079260469276,3.883583361720796e-06,8.297581978251525e-08,3.2852572076080833e-06,0.0010339492000639439,0.6035712361335754,522.3828125
iid_ime,415,0.4999473368669926,3.883395704844423e-06,8.310285389887849e-08,3.282070792920422e-06,0.0010324984323233366,0.6034407019615173,552.5555419921875
iid_ime,416,0.49994933650269535,3.882706819279696e-06,8.323011202471386e-08,1.6444482753286138e-06,0.0010304527822881937,0.6045425534248352,498.12628173828125
iid_ime,417,0.49995288131144106,3.883116022258878e-06,8.335668879684781e-08,3.2757347980805207e-06,0.0010305001633241773,0.6054406762123108,362.5201721191406
iid_ime,418,0.4999586984334854,3.883016019514876e-06,8.348234308105922e-08,4.7659946176281665e-06,0.0010299659334123135,0.6053857207298279,351.52947998046875
iid_ime,419,0.49995982550088147,3.882877725256521e-06,8.361001994795687e-08,5.290909939503763e-06,0.0010298732668161392,0.6059736609458923,436.3438415527344
iid_ime,420,0.4999533175955944,3.883165417856638e-06,8.373714922815011e-08,4.615136731445091e-06,0.0010305540636181831,0.6056591868400574,303.5636901855469
iid_ime,421,0.4999011271037531,3.882826839712483e-06,8.386445594535492e-08,6.516420853586169e-06,0.0010275380918756127,0.6067280769348145,519.70703125
iid_ime,422,0.4999222687066829,3.883596266450818e-06,8.399196856004912e-08,4.309490577725228e-06,0.0010275293607264757,0.6073164343833923,685.0909423828125
iid_ime,423,0.49991614255003,3.883635306171952e-06,8.411860873840735e-08,5.634004082821775e-06,0.0010239304974675179,0.6071782112121582,436.6814880371094
iid_ime,424,0.4999127977048545,3.883401650543727e-06,8.424535346301952e-08,2.637894340296043e-06,0.0010267405305057764,0.6072607636451721,1691.1317138671875
iid_ime,425,0.49992339577407896,3.883118436619929e-06,8.436966446388995e-08,8.35172068036627e-06,0.001027612597681582,0.6070382595062256,329.0084228515625
iid_ime,426,0.4999091620035768,3.882774878839175e-06,8.449795848784288e-08,2.299487505297293e-06,0.0010287523036822677,0.6081740856170654,449.99456787109375
iid_ime,427,0.4998871114753276,3.882647729838115e-06,8.462330515510077e-08,2.8114036467741244e-06,0.0010230287443846464,0.6084268689155579,982.0291137695312
iid_ime,428,0.4998772769033714,3.882720487758286e-06,8.474850799309024e-08,3.241751983296126e-06,0.0010243760189041495,0.6089242100715637,332.41168212890625
iid_ime,429,0.49987422291429817,3.883060620453802e-06,8.487289727217869e-08,4.785360943060368e-06,0.0010245773009955883,0.6091440916061401,558.45361328125
iid_ime,430,0.4998807489980916,3.883256933598744e-06,8.499900436812667e-08,7.911381544545293e-06,0.0010200182441622019,0.6100814938545227,284.2239074707031
iid_ime,431,0.49987971282322746,3.883414533467841e-06,8.512579574244278e-08,5.041485565016046e-06,0.0010227966122329235,0.6095250844955444,263.78863525390625
iid_ime,432,0.49990356302360917,3.883027798057749e-06,8.524966581118347e-08,5.34934315510327e-06,0.001022222451865673,0.6096081733703613,417.3527526855469
iid_ime,433,0.49991543358828083,3.883164643611438e-06,8.537344251861578e-08,6.738360752933659e-06,0.0010224541183561087,0.6105178594589233,234.8272247314453
iid_ime,434,0.4999504817485978,3.882992775973721e-06,8.549845690183238e-08,7.196295882749837e-06,0.0010198225500062108,0.6109240651130676,322.8290710449219
iid_ime,435,0.4999130340254376,3.88301913870791e-06,8.562175571724125e-08,1.6154291415659827e-06,0.001023528748191893,0.6112348437309265,968.7224731445312
iid_ime,436,0.49992075989065266,3.882860497166489e-06,8.574444051823598e-08,3.596561555241351e-06,0.0010188459418714046,0.6116957664489746,575.6868896484375
iid_ime,437,0.4999169969398302,3.8831407532406624e-06,8.586837112302784e-08,3.593286692193942e-06,0.001018546405248344,0.6121228337287903,653.4776000976562
iid_ime,438,0.4999185057558605,3.8825911250850275e-06,8.599089095123374e-08,6.000526354910107e-06,0.0010203261626884341,0.6120953559875488,316.20538330078125
iid_ime,439,0.4998992365390887,3.882953546398968e-06,8.611404216197228e-08,3.928159003407927e-06,0.0010179979726672173,0.6123355627059937,343.4401550292969
iid_ime,440,0.4999028358833536,3.882762006716436e-06,8.623630786637362e-08,2.270101958856685e-06,0.0010184162529185414,0.6126384139060974,641.2742919921875
iid_ime,441,0.49990990732233875,3.882877887344852e-06,8.636035046928823e-08,4.766690835822374e-06,0.0010184856364503503,0.6131430268287659,685.1215209960938
iid_ime,442,0.49988087624763633,3.882438512200172e-06,8.648255077077713e-08,2.266028332087444e-06,0.0010149370646104217,0.6131027936935425,1848.1083984375
iid_ime,443,0.49992379570121953,3.882557266129526e-06,8.660413953704659e-08,2.0417307950992836e-06,0.0010167129803448915,0.6137781739234924,861.5265502929688
iid_ime,444,0.49991632433509386,3.883192963967698e-06,8.672496219141867e-08,3.194787723259651e-06,0.0010146010899916291,0.6143986582756042,893.4495849609375
iid_ime,445,0.49990370845166027,3.88308631363824e-06,8.684725919525618e-08,2.2599742806050926e-06,0.0010117635829374194,0.6144102811813354,335.89080810546875
iid_ime,446,0.49991614255003,3.883201823193747e-06,8.697034262440979e-08,2.2579711185244378e-06,0.0010128228459507227,0.6149213910102844,894.2801513671875
iid_ime,447,0.4999088166119554,3.8827770002764435e-06,8.70903199802633e-08,3.849156200885773e-06,0.0010113619500771165,0.6153073906898499,372.4386291503906
iid_ime,448,0.49993117617481325,3.8832356008172715e-06,8.720828598916632e-08,5.5066220738808624e-06,0.0010118380887433887,0.6147205829620361,323.833740234375
iid_ime,449,0.49995764408011484,3.883644611623418e-06,8.73271434256927e-08,3.6424635254661553e-06,0.0010109631111845374,0.6149937510490417,558.6057739257812
iid_ime,450,0.4999301399999491,3.8838130380415555e-06,8.744614846424408e-08,9.99999993922529e-09,0.0010097769554704428,0.6160020232200623,83029.4453125
iid_ime,451,0.49991052539155595,3.883465050207596e-06,8.756545346895205e-08,6.139191100373864e-06,0.001012958469800651,0.6163910627365112,559.4617309570312
iid_ime,452,0.4999181421857327,3.883147978073219e-06,8.768591812517711e-08,1.1280521903245244e-06,0.0010129580041393638,0.6167774796485901,391.5852966308594
iid_ime,453,0.4999588438615365,3.883538104505282e-06,8.780442674599415e-08,4.749351774080424e-06,0.0010050381533801556,0.6172467470169067,619.0048217773438
iid_ime,454,0.4999336484516821,3.883079399743044e-06,8.792329615682985e-08,3.450060376053443e-06,0.0010119928047060966,0.6173483729362488,881.3480224609375
iid_ime,455,0.4999146155554933,3.88290960732355e-06,8.804326074160341e-08,5.0743519750540145e-06,0.0010116810444742441,0.617765486240387,383.04315185546875
iid_ime,456,0.49993095803273657,3.88287090170009e-06,8.816175566230383e-08,2.2383353552868357e-06,0.00101096008438617,0.6176177859306335,425.19488525390625
iid_ime,457,0.4999470641893968,3.882819829773094e-06,8.828121703351383e-08,3.866256520268507e-06,0.0010092041920870543,0.6183377504348755,349.613037109375
iid_ime,458,0.4999679694717435,3.882959202323479e-06,8.839764110553303e-08,2.163855924663949e-06,0.0010098086204379797,0.6185132265090942,303.91455078125
iid_ime,459,0.4999587347904982,3.882714436246149e-06,8.851487202474521e-08,7.038421699689934e-06,0.0010064401431009173,0.6193138360977173,397.9224548339844
iid_ime,460,0.49995060899814253,3.882999079709794e-06,8.863326747027173e-08,7.702653419983108e-06,0.0010077770566567779,0.6195251941680908,351.572998046875
iid_ime,461,0.4999629522039803,3.882548098607205e-06,8.874966951523336e-08,3.853040198009694e-06,0.0010052084689959884,0.6193588376045227,559.8019409179688
iid_ime,462,0.49995137249541083,3.882362135007051e-06,8.886723380148118e-08,4.712733243650291e-06,0.0010064655216410756,0.6199601888656616,512.6215209960938
iid_ime,463,0.49993308491798405,3.883416038092474e-06,8.898516626507063e-08,4.003158210252877e-06,0.0010091366712003946,0.6199495792388916,804.3861694335938
iid_ime,464,0.4999531358105305,3.88364791154477e-06,8.910014138799512e-08,3.1398360533785308e-06,0.0010071779834106565,0.620567798614502,353.23541259765625
iid_ime,465,0.4999356662658912,3.8829038625501195e-06,8.921956863456628e-08,4.954522864863975e-06,0.0010062491055577993,0.6203129887580872,681.598388671875
iid_ime,466,0.49992523180322423,3.882577363982115e-06,8.933552739306264e-08,5.421887181000784e-06,0.001000514137558639,0.6219330430030823,310.027099609375
iid_ime,467,0.4999312307103324,3.882788298513701e-06,8.945237939440153e-08,4.946200988342753e-06,0.0010020954068750143,0.6222520470619202,518.6640625
iid_ime,468,0.49993223052818375,3.882338564377264e-06,8.956870390818374e-08,4.942062332702335e-06,0.0009998232126235962,0.6224369406700134,337.2977294921875
iid_ime,469,0.4999455735518729,3.88279427113179e-06,8.968592034690966e-08,7.80175378167769e-06,0.0009956267895177007,0.6226310133934021,417.7768249511719
iid_ime,470,0.49994533723128987,3.88259770498413e-06,8.980037286606882e-08,1.5670510720156017e-06,0.0009989723330363631,0.6235993504524231,2428.924560546875
iid_ime,471,0.4999633884881336,3.882791044128177e-06,8.991418304048578e-08,2.2101710328570334e-06,0.0009993648855015635,0.6234633922576904,587.1015014648438
iid_ime,472,0.4999160698360044,3.882300504025858e-06,9.002782171504927e-08,5.394826075644232e-06,0.0009996179724112153,0.6231762766838074,448.87017822265625
iid_ime,473,0.49995593530051435,3.881781026229812e-06,9.014153723036344e-08,1.5631793530701543e-06,0.000999900046736002,0.6233967542648315,1182.830810546875
iid_ime,474,0.4999456826229112,3.8819926268743485e-06,9.025661010212545e-08,3.4801485071511706e-06,0.0009962464682757854,0.6241673231124878,411.0516662597656
iid_ime,475,0.4999326668123371,3.8820565618665045e-06,9.03717715963681e-08,3.1112408578337636e-06,0.0009950384264811873,0.62409907579422,933.5272827148438
iid_ime,476,0.49995831668485124,3.881574826644763e-06,9.048489286522172e-08,9.99999993922529e-09,0.0009999239118769765,0.6242584586143494,166669.796875
iid_ime,477,0.49992141431688264,3.882170355374871e-06,9.06002664062666e-08,3.106158374066581e-06,0.0009961944306269288,0.6248427629470825,984.3045043945312
iid_ime,478,0.499944173806881,3.882409895567977e-06,9.07134046374465e-08,5.900097221456235e-06,0.0009959330782294273,0.6247818470001221,655.8926391601562
iid_ime,479,0.499941974207608,3.882126798630848e-06,9.08243573008454e-08,3.1011109058454167e-06,0.0009999857284128666,0.6253743767738342,400.9099426269531
iid_ime,480,0.4999560625500591,3.88189150187097e-06,9.093725341586108e-08,4.642900421458762e-06,0.000993710826151073,0.6257544755935669,413.721435546875
iid_ime,481,0.499942301420723,3.882099265098817e-06,9.104903886435287e-08,1.1011005653926986e-06,0.0009939303854480386,0.6260897517204285,1592.673095703125
iid_ime,482,0.4999552081602588,3.881935237684168e-06,9.116237406506433e-08,6.177209343150025e-06,0.0009929978987202048,0.6273238658905029,235.63906860351562
iid_ime,483,0.4999670423679177,3.882747016051467e-06,9.127372790988579e-08,4.3673612708516885e-06,0.0009944688063114882,0.626876711845398,224.82118225097656
iid_ime,484,0.4999703690345868,3.882453627402613e-06,9.138468798547368e-08,3.78055256078369e-06,0.0009936336427927017,0.6271350383758545,438.8784484863281
iid_ime,485,0.4999468460473201,3.882385522081199e-06,9.149881484764933e-08,6.444282007578295e-06,0.000994366710074246,0.62713623046875,305.3184509277344
iid_ime,486,0.4999340483788226,3.882420987580255e-06,9.161091124090823e-08,9.99999993922529e-09,0.00099041941575706,0.6284148693084717,132311.125
iid_ime,487,0.4999098346083132,3.882648402536856e-06,9.172174319620098e-08,2.882904482248705e-06,0.000992135494016111,0.6283621788024902,989.693115234375
iid_ime,488,0.4999074532239763,3.88230144985715e-06,9.18325904943546e-08,9.21646278584376e-06,0.0009905279148370028,0.6289118528366089,291.3966979980469
bandmf_ime_sep,1,0.5000492637523127,1.178868921377505e-06,1.8997345156177227e-09,4.559407534543425e-05,0.007374175824224949,0.464424729347229,246.11497497558594
bandmf_ime_sep,2,0.5000955462295779,1.2627162750236537e-06,1.2919412133181356e-09,1.5092832654772792e-05,0.004744659643620253,0.39396628737449646,782.7762451171875
bandmf_ime_sep,3,0.500081003424467,1.274469412082064e-06,8.503195479777477e-10,9.99999993922529e-09,0.003483045846223831,0.377261757850647,810295.0625
bandmf_ime_sep,4,0.5000990546813108,1.2564255265874769e-06,4.1974919121669033e-10,9.99999993922529e-09,0.0025387045461684465,0.4060076177120209,526808.0625
bandmf_ime_sep,5,0.5001687510748042,1.4768769809294672e-06,2.0569515049445557e-09,1.0344247129978612e-05,0.0033756480552256107,0.2780143618583679,168.30413818359375
bandmf_ime_sep,6,0.5001196145720361,1.556858855969077e-06,1.6154845784898664e-09,9.99999993922529e-09,0.0028977158945053816,0.2902526259422302,308193.65625
bandmf_ime_sep,7,0.5000288129326257,1.5988246735911613e-06,1.2334563282862695e-09,9.99999993922529e-09,0.002521219663321972,0.30491694808006287,202702.203125
bandmf_ime_sep,8,0.4999747682331328,1.6235238744323205e-06,8.263591904577623e-10,9.99999993922529e-09,0.0021229812409728765,0.33317145705223083,149285.203125
bandmf_ime_sep,9,0.5001005998543538,1.6773790808956719e-06,2.2184845745893944e-09,9.99999993922529e-09,0.002563062123954296,0.26026812195777893,125192.5625
bandmf_ime_sep,10,0.5000543173770887,1.7128561563918196e-06,1.8978578971226267e-09,1.3527447663364e-05,0.0023400515783578157,0.27123910188674927,162.23965454101562
bandmf_ime_sep,11,0.50000936193079,1.735713566159496e-06,1.5768860213897033e-09,9.99999993922529e-09,0.002132468856871128,0.2845500409603119,547500.5625
bandmf_ime_sep,12,0.5000806943898585,1.7526696286311062e-06,1.2186659552897431e-09,9.99999993922529e-09,0.001920148846693337,0.3044397234916687,387861.03125
bandmf_ime_sep,13,0.500035466265964,1.771218783357516e-06,2.4011753217850616e-09,9.99999993922529e-09,0.0021821700502187014,0.25854822993278503,243855.8125
bandmf_ime_sep,14,0.4999597709653623,1.78511730822399e-06,2.1686134061899843e-09,9.99999993922529e-09,0.002045387402176857,0.2673005759716034,341000.53125
bandmf_ime_sep,15,0.4999839665573654,1.7959584701865482e-06,1.903289565749288e-09,9.99999993922529e-09,0.001915584085509181,0.2788083255290985,55651.63671875
bandmf_ime_sep,16,0.5000402653916505,1.803449315360107e-06,1.5970528604162806e-09,1.5145616089284886e-05,0.0017754319123923779,0.29337868094444275,149.98703002929688
bandmf_ime_sep,17,0.5000291037887279,1.8116413652686595e-06,2.5997840437129045e-09,8.8147608039435e-06,0.0019528971752151847,0.26255208253860474,198.1923828125
bandmf_ime_sep,18,0.5000227958470111,1.817266748995539e-06,2.435778774399244e-09,9.99999993922529e-09,0.0018632691353559494,0.26907336711883545,297981.3125
bandmf_ime_sep,19,0.4999661152640919,1.8215972081657996e-06,2.2188998119242207e-09,9.99999993922529e-09,0.0017682363977655768,0.27879050374031067,1139.7642822265625
bandmf_ime_sep,20,0.499946373406154,1.8251187235675965e-06,1.9620711771471764e-09,1.6606791177764535e-05,0.0016754923854023218,0.2909063994884491,122.99417114257812
bandmf_ime_sep,21,0.5000303581056688,1.8280396903768804e-06,2.8118412892420534e-09,9.99999993922529e-09,0.001793309347704053,0.2682977616786957,183763.515625
bandmf_ime_sep,22,0.5000170696174988,1.8310088904341808e-06,2.7019088714154425e-09,7.926151738502085e-06,0.0017283441266044974,0.27453163266181946,118.45343780517578
bandmf_ime_sep,23,0.49998007635699826,1.832518075270535e-06,2.526147986704839e-09,9.99999993922529e-09,0.0016645848518237472,0.28232133388519287,204733.25
bandmf_ime_sep,24,0.4999620432786609,1.8345157588256976e-06,2.3145212599172755e-09,9.99999993922529e-09,0.0015929521759971976,0.2919410765171051,163622.484375
bandmf_ime_sep,25,0.5000034902732265,1.835946876637979e-06,3.0340817417343933e-09,9.99999993922529e-09,0.0016706848982721567,0.27609947323799133,20074.41796875
bandmf_ime_sep,26,0.4999389565755475,1.8370513780744796e-06,2.9673623181437393e-09,9.99999993922529e-09,0.0016340173315256834,0.28080040216445923,86510.0234375
bandmf_ime_sep,27,0.4999435557376638,1.8377995970513219e-06,2.8271007313068912e-09,9.99999993922529e-09,0.0015778513625264168,0.2872828543186188,251601.234375
bandmf_ime_sep,28,0.499965042732215,1.8388742855272667e-06,2.6552222421700615e-09,1.1485713002912235e-05,0.001529695000499487,0.2960224747657776,121.43895721435547
bandmf_ime_sep,29,0.4999576077231021,1.8393676249715853e-06,3.2650902452257315e-09,9.99999993922529e-09,0.0015785354189574718,0.2844026982784271,28408.720703125
bandmf_ime_sep,30,0.4999401381784628,1.839815434169419e-06,3.2318794172373567e-09,9.99999993922529e-09,0.0015529254451394081,0.2881782352924347,245287.953125
bandmf_ime_sep,31,0.4999314852094218,1.840542984547713e-06,3.1224066051413526e-09,9.059786862053443e-06,0.0015172760467976332,0.29459673166275024,171.799072265625
bandmf_ime_sep,32,0.49986129799625595,1.8406324358306452e-06,2.9862181104613477e-09,9.99999993922529e-09,0.0014744424261152744,0.3012915551662445,169781.921875
bandmf_ime_sep,33,0.4999107435336326,1.84101713562191e-06,3.5032017368367244e-09,9.99999993922529e-09,0.001509715337306261,0.2931241989135742,247037.921875
bandmf_ime_sep,34,0.499983530273212,1.8407165879476166e-06,3.495832353665925e-09,9.99999993922529e-09,0.0014954122016206384,0.2966197431087494,46047.21484375
bandmf_ime_sep,35,0.4998863116210465,1.840840202376784e-06,3.4121932627615748e-09,9.99999993922529e-09,0.001456658123061061,0.3013823926448822,147849.734375
bandmf_ime_sep,36,0.49993979278684136,1.8412142217507635e-06,3.3078652521361776e-09,6.219942861207528e-06,0.0014325205702334642,0.307357519865036,388.4233703613281
bandmf_ime_sep,37,0.4999365751912106,1.8412491800592804e-06,3.745287714203614e-09,9.99999993922529e-09,0.0014505934668704867,0.30136004090309143,92067.921875
bandmf_ime_sep,38,0.5000862024772942,1.8417645199217258e-06,3.759186648069624e-09,1.2104637789889239e-05,0.0014415908372029662,0.304392546415329,166.1917724609375
bandmf_ime_sep,39,0.4998711143897057,1.8418858854895785e-06,3.69853435283821e-09,6.904451765876729e-06,0.0014122540596872568,0.309182733297348,176.53146362304688
bandmf_ime_sep,40,0.4999162334425619,1.8413873836995255e-06,3.6201450237172706e-09,9.99999993922529e-09,0.0013836128637194633,0.3140478730201721,126655.8515625
bandmf_ime_sep,41,0.4999664242987005,1.841566405901612e-06,3.9920923087403865e-09,7.531611117883585e-06,0.0014043735573068261,0.30989643931388855,152.380615234375
bandmf_ime_sep,42,0.49999778222222063,1.8419638294744889e-06,4.021645341426463e-09,6.658610800513998e-06,0.001387197757139802,0.3125835061073303,172.34617614746094
bandmf_ime_sep,43,0.49993872025496444,1.8418146837460536e-06,3.98043938626909e-09,4.657443241740111e-06,0.001373107312247157,0.31598973274230957,259.29547119140625
bandmf_ime_sep,44,0.4999289947540466,1.8418331291915731e-06,3.925245790991068e-09,9.99999993922529e-09,0.001345565658994019,0.32122281193733215,24565.962890625
bandmf_ime_sep,45,0.5000157971220516,1.8414864641534738e-06,4.243033843559114e-09,9.99999993922529e-09,0.0013609157176688313,0.3180007040500641,141624.21875
bandmf_ime_sep,46,0.5000062352276913,1.8416917460873047e-06,4.283894571384869e-09,9.99999993922529e-09,0.0013494199374690652,0.31998488306999207,259420.21875
bandmf_ime_sep,47,0.49988716601084676,1.8414673638873498e-06,4.2591180373734336e-09,9.99999993922529e-09,0.001331564737483859,0.3237515985965729,272622.28125
bandmf_ime_sep,48,0.4999899109289544,1.8414602582677642e-06,4.2231704421519285e-09,9.99999993922529e-09,0.001314624329097569,0.32779204845428467,139456.15625
bandmf_ime_sep,49,0.5000371386885516,1.8416944501131042e-06,4.4948227652780164e-09,6.1761229517287575e-06,0.0013255689991638064,0.32580995559692383,198.84725952148438
bandmf_ime_sep,50,0.49994048357008414,1.8415800679044568e-06,4.544247186686087e-09,9.99999993922529e-09,0.0013139559887349606,0.32768046855926514,94097.125
bandmf_ime_sep,51,0.4999870569034514,1.8418374028280158e-06,4.53481846690664e-09,1.2104014786018524e-05,0.0013040415942668915,0.33108535408973694,190.6798858642578
bandmf_ime_sep,52,0.49998073078322824,1.841796745270982e-06,4.51478905475286e-09,9.481129382038489e-06,0.001286202110350132,0.3340921998023987,254.5467987060547
bandmf_ime_sep,53,0.5000051808743207,1.8416030443063004e-06,4.7479376324752545e-09,5.944758413534146e-06,0.001293174922466278,0.33266139030456543,217.82009887695312
bandmf_ime_sep,54,0.5000316124226095,1.8416124222099295e-06,4.804448075708712e-09,9.99999993922529e-09,0.0012820567935705185,0.33512476086616516,119783.7265625
bandmf_ime_sep,55,0.5000227231329856,1.842068675745924e-06,4.806592032659031e-09,9.99999993922529e-09,0.0012771302135661244,0.33755043148994446,184286.1875
bandmf_ime_sep,56,0.5000096164298795,1.842252479672285e-06,4.800060856232298e-09,9.99999993922529e-09,0.0012555833673104644,0.34079915285110474,149539.984375
bandmf_ime_sep,57,0.5000670241530543,1.8418175648432813e-06,5.002679892620951e-09,5.738409072364448e-06,0.0012641077628359199,0.34020790457725525,251.0400390625
bandmf_ime_sep,58,0.5000055444444484,1.841937689192736e-06,5.06346773212472e-09,9.99999993922529e-09,0.0012551943073049188,0.341928094625473,276634.75
bandmf_ime_sep,59,0.4999742592349539,1.8423691665775633e-06,5.0755539996149205e-09,9.99999993922529e-09,0.0012506534112617373,0.34464991092681885,274490.75
bandmf_ime_sep,60,0.49995435377045855,1.8425718941641965e-06,5.08024211382167e-09,3.960969024774386e-06,0.0012372125638648868,0.34731847047805786,299.0747375488281
bandmf_ime_sep,61,0.5000219778142236,1.84257226323936e-06,5.258177191946184e-09,9.99999993922529e-09,0.0012391544878482819,0.3470037579536438,89895.921875
bandmf_ime_sep,62,0.4999756771584522,1.8422237877606082e-06,5.32165915726848e-09,9.99999993922529e-09,0.0012328526936471462,0.34856003522872925,22877.015625
bandmf_ime_sep,63,0.5000147064116682,1.8421134638381244e-06,5.343017313286312e-09,9.99999993922529e-09,0.001225405023433268,0.35078164935112,119754.7265625
bandmf_ime_sep,64,0.5000188329326185,1.84206499014949e-06,5.356240938918349e-09,9.99999993922529e-09,0.0012172696879133582,0.35323432087898254,35102.7734375
bandmf_ime_sep,65,0.5000610252459461,1.84175937293155e-06,5.512037340891709e-09,9.99999993922529e-09,0.0012163668870925903,0.3535822927951813,7092.0263671875
bandmf_ime_sep,66,0.4999308671402046,1.841729151093275e-06,5.577757024577486e-09,4.630593139154371e-06,0.0012121446197852492,0.35468098521232605,353.7744140625
bandmf_ime_sep,67,0.500043846557409,1.8423903982019664e-06,5.605593295225729e-09,4.964651452610269e-06,0.0012030128855258226,0.3571304678916931,435.88446044921875
bandmf_ime_sep,68,0.4999657516939641,1.8419877341003686e-06,5.62802632945329e-09,9.99999993922529e-09,0.0011929008178412914,0.3588145077228546,135255.3125
bandmf_ime_sep,69,0.5001039083425165,1.8422313521761752e-06,5.766115875059663e-09,9.99999993922529e-09,0.0011954489164054394,0.35922446846961975,66865.046875
bandmf_ime_sep,70,0.5000159970856218,1.8420206553171435e-06,5.834359613018418e-09,3.6769479265785776e-06,0.0011913117486983538,0.3607938587665558,248.0228271484375
bandmf_ime_sep,71,0.5000639519854746,1.8422003243996395e-06,5.867857443173409e-09,9.99999993922529e-09,0.0011820853687822819,0.3632160425186157,107020.8984375
bandmf_ime_sep,72,0.499996818761382,1.8421539995580293e-06,5.896515727168067e-09,5.263867024041247e-06,0.0011758082546293736,0.3647579848766327,315.8982849121094
bandmf_ime_sep,73,0.5000438829144218,1.8416435698597082e-06,6.0203214990380355e-09,9.99999993922529e-09,0.0011754001025110483,0.3651810884475708,178882.28125
bandmf_ime_sep,74,0.4999976913296887,1.8421265161220271e-06,6.089039280376009e-09,9.99999993922529e-09,0.0011680580209940672,0.3667044937610626,141514.796875
bandmf_ime_sep,75,0.4999780948998019,1.8420139794838929e-06,6.126966284795927e-09,9.99999993922529e-09,0.0011683427728712559,0.36840489506721497,36429.1953125
bandmf_ime_sep,76,0.5000425740619618,1.8417868700470352e-06,6.1617421715909e-09,9.99999993922529e-09,0.0011625856859609485,0.3698497712612152,52653.76171875
bandmf_ime_sep,77,0.5000205780692317,1.8409557008431055e-06,6.2722752317513335e-09,4.963069386576535e-06,0.0011628535576164722,0.37066569924354553,277.9711608886719
bandmf_ime_sep,78,0.4999998363934425,1.8415108812859294e-06,6.341939548863067e-09,9.99999993922529e-09,0.001151670003309846,0.37231922149658203,14252.6904296875
bandmf_ime_sep,79,0.5000096709653987,1.8421561648272053e-06,6.382921544809404e-09,6.0019233387720305e-06,0.0011473342310637236,0.3739728033542633,233.79034423828125
bandmf_ime_sep,80,0.5000466096903801,1.8421544120672448e-06,6.42155703876418e-09,9.99999993922529e-09,0.0011448723962530494,0.37602853775024414,35215.9375
bandmf_ime_sep,81,0.5000373931876411,1.8417503397661327e-06,6.524357176320951e-09,9.99999993922529e-09,0.0011388234561309218,0.3767572045326233,264810.71875
bandmf_ime_sep,82,0.5000525177049563,1.8420235263240595e-06,6.5935136106794235e-09,9.99999993922529e-09,0.0011385045945644379,0.377871036529541,19419.9375
bandmf_ime_sep,83,0.49997409562839645,1.8418763511776516e-06,6.637305073359797e-09,2.398876858933363e-06,0.0011310173431411386,0.37898018956184387,961.744140625
bandmf_ime_sep,84,0.5000372841166028,1.8427825984385915e-06,6.679416965295481e-09,4.760401225212263e-06,0.001128487871028483,0.3806643784046173,461.9755859375
bandmf_ime_sep,85,0.5000273404736083,1.842077550556087e-06,6.773408090944845e-09,4.733541118184803e-06,0.0011210429947823286,0.38164329528808594,293.2586975097656
bandmf_ime_sep,86,0.5000607889253631,1.841715862127226e-06,6.842922760934031e-09,9.99999993922529e-09,0.001121361623518169,0.3827221095561981,96709.5546875
bandmf_ime_sep,87,0.5000054535519165,1.8414831981768777e-06,6.890474390154801e-09,9.99999993922529e-09,0.0011156232794746757,0.3840038478374481,65357.0625
bandmf_ime_sep,88,0.4999546264480544,1.841916568671808e-06,6.9339892301800686e-09,4.655761586036533e-06,0.0011124741286039352,0.38527047634124756,237.91796875
bandmf_ime_sep,89,0.5000297400364515,1.841487292405545e-06,7.0209476869179255e-09,2.3203633645607624e-06,0.0011104086879640818,0.3862869143486023,197.30958557128906
bandmf_ime_sep,90,0.5000098163934498,1.8411294792066457e-06,7.089436225578616e-09,6.5098897721327376e-06,0.0011058705858886242,0.38725584745407104,175.5794219970703
bandmf_ime_sep,91,0.49996491548267025,1.8415861017670137e-06,7.140321279438493e-09,1.2941341992700472e-05,0.001103842630982399,0.3894129991531372,223.37364196777344
bandmf_ime_sep,92,0.4999804217486196,1.8417311718051901e-06,7.186196212320198e-09,9.99999993922529e-09,0.0010993215255439281,0.39077138900756836,121244.40625
bandmf_ime_sep,93,0.5000005271766853,1.8419957818689594e-06,7.267221651025409e-09,7.16420981916599e-06,0.0010934205492958426,0.3914327025413513,320.1296691894531
bandmf_ime_sep,94,0.5000011634244088,1.8417238060722647e-06,7.333955525458212e-09,9.99999993922529e-09,0.0010949502466246486,0.3922770917415619,171861.5625
bandmf_ime_sep,95,0.5000367751184239,1.8420803317067446e-06,7.385621980310183e-09,6.539271907968214e-06,0.0010886298259720206,0.39400598406791687,252.46241760253906
bandmf_ime_sep,96,0.49996473369760636,1.8414607004384332e-06,7.435359970346064e-09,8.923501809476875e-06,0.0010881692869588733,0.39456427097320557,157.81629943847656
bandmf_ime_sep,97,0.4999560261930463,1.8419699837012602e-06,7.511951655041578e-09,9.99999993922529e-09,0.0010833386331796646,0.39624178409576416,182897.03125
bandmf_ime_sep,98,0.5000188874681376,1.841930024906784e-06,7.57884958357635e-09,9.99999993922529e-09,0.0010817789006978273,0.3964608907699585,24634.12109375
bandmf_ime_sep,99,0.5000148700182258,1.8425848103897253e-06,7.631359559688088e-09,9.99999993922529e-09,0.0010753287933766842,0.3982856273651123,84427.0703125
bandmf_ime_sep,100,0.4999714597449701,1.8419134960787467e-06,7.682764964822604e-09,6.1915352489450015e-06,0.0010758457938209176,0.399629682302475,308.34747314453125
bandmf_ime_sep,101,0.5000143791985533,1.8419917399287622e-06,7.755451611651285e-09,9.99999993922529e-09,0.0010736474068835378,0.40032893419265747,32348.53515625
bandmf_ime_sep,102,0.49997133249542536,1.8425234918949923e-06,7.821273863916094e-09,6.133641818450997e-06,0.0010699841659516096,0.4014263153076172,280.4354553222656
bandmf_ime_sep,103,0.5000491910382872,1.8423173337208538e-06,7.87586329625239e-09,1.7968554857361596e-06,0.001063608331605792,0.4025427997112274,1149.3428955078125
bandmf_ime_sep,104,0.499945718979924,1.842429956236684e-06,7.927855718913076e-09,8.590682227804791e-06,0.0010655358200892806,0.40391576290130615,194.1417236328125
bandmf_ime_sep,105,0.5000136702368041,1.8413988098179415e-06,7.997345779482494e-09,9.99999993922529e-09,0.001063870033249259,0.4049423336982727,52700.8984375
bandmf_ime_sep,106,0.4999418106010505,1.8416910012157464e-06,8.061770319938056e-09,4.261762569512939e-06,0.0010599192464724183,0.4062325358390808,287.586181640625
bandmf_ime_sep,107,0.5000575713297323,1.8417244546541443e-06,8.116296614417887e-09,5.996207164571388e-06,0.0010545090772211552,0.4067416191101074,194.4080352783203
bandmf_ime_sep,108,0.49997580440799694,1.8419931142681697e-06,8.17094035790247e-09,9.99999993922529e-09,0.001053394633345306,0.408235639333725,154660.109375
bandmf_ime_sep,109,0.49996477005461915,1.8425413279263108e-06,8.237195705930826e-09,9.99999993922529e-09,0.0010515251196920872,0.40875014662742615,60792.859375
bandmf_ime_sep,110,0.49998343938068013,1.8420374614763852e-06,8.300045151463992e-09,5.9183644225413445e-06,0.0010465579107403755,0.4099099636077881,498.81341552734375
bandmf_ime_sep,111,0.5000926922040748,1.8418666758722398e-06,8.356302209730992e-09,9.99999993922529e-09,0.0010443999199196696,0.4109114408493042,36492.1875
bandmf_ime_sep,112,0.49998343938068013,1.8416779176197102e-06,8.410088939430734e-09,5.868249445484253e-06,0.0010416588047519326,0.4120643734931946,199.41177368164062
bandmf_ime_sep,113,0.500000327213115,1.841830132495941e-06,8.475479392668272e-09,2.926850356743671e-06,0.0010385278146713972,0.4126727283000946,694.723388671875
bandmf_ime_sep,114,0.5000090528961815,1.8412908790262223e-06,8.5380010898934e-09,4.1179259824275505e-06,0.0010366817004978657,0.41367778182029724,447.8329772949219
bandmf_ime_sep,115,0.5000988183607278,1.8415140768758286e-06,8.594443917337408e-09,9.99999993922529e-09,0.001033738604746759,0.41552063822746277,295508.75
bandmf_ime_sep,116,0.5000233412022028,1.841328102728251e-06,8.648642140713924e-09,5.7720103541214485e-06,0.0010314141400158405,0.4162521958351135,224.14793395996094
bandmf_ime_sep,117,0.5000095437158539,1.8417490188833686e-06,8.712234926032281e-09,9.99999993922529e-09,0.0010299310088157654,0.41707396507263184,235742.625
bandmf_ime_sep,118,0.5000049809107504,1.8418293265661453e-06,8.773479447079402e-09,9.99999993922529e-09,0.001023333752527833,0.41784903407096863,214608.6875
bandmf_ime_sep,119,0.5000125613479144,1.8422522242147098e-06,8.830361646641315e-09,4.94037203679909e-06,0.0010220931144431233,0.4192693531513214,343.7220458984375
bandmf_ime_sep,120,0.50009649151191,1.8422414178886175e-06,8.88382266592206e-09,9.99999993922529e-09,0.0010202676057815552,0.4201706349849701,115090.453125
bandmf_ime_sep,121,0.5000161061566601,1.8417178674073979e-06,8.946670487823426e-09,9.99999993922529e-09,0.0010161349782720208,0.4207788109779358,332433.78125
bandmf_ime_sep,122,0.4999734048451537,1.8415809115374813e-06,9.007025776334408e-09,9.99999993922529e-09,0.0010180114768445492,0.42180824279785156,239152.15625
bandmf_ime_sep,123,0.5000533720947565,1.8417699949740111e-06,9.064480118915679e-09,5.615259851765586e-06,0.00101975176949054,0.42286986112594604,205.27598571777344
bandmf_ime_sep,124,0.5000367387614111,1.842051128862987e-06,9.119061246333333e-09,8.312945283250883e-06,0.0010147906141355634,0.42375096678733826,169.1069793701172
bandmf_ime_sep,125,0.500037338652122,1.8419884080857934e-06,9.179513946205039e-09,7.877215466578491e-06,0.0010128282010555267,0.42409753799438477,165.4838409423828
bandmf_ime_sep,126,0.5000503181056833,1.8415401221461218e-06,9.239225834755343e-09,2.781099510684726e-06,0.0010075783357024193,0.42564040422439575,374.57366943359375
bandmf_ime_sep,127,0.5000095255373476,1.841820647069543e-06,9.29605847204894e-09,9.99999993922529e-09,0.0010094677563756704,0.42579326033592224,125403.671875
bandmf_ime_sep,128,0.5000318851002054,1.8417192493230043e-06,9.350650796448376e-09,9.99999993922529e-09,0.0010043426882475615,0.42769142985343933,160786.6875
bandmf_ime_sep,129,0.5001010724955199,1.841869227874625e-06,9.41177617469181e-09,3.885935257130768e-06,0.000998949515633285,0.4279206693172455,531.6700439453125
bandmf_ime_sep,130,0.5000221414207812,1.8419344681738967e-06,9.46975451300624e-09,5.471613803820219e-06,0.000996840768493712,0.4296087920665741,210.13616943359375
bandmf_ime_sep,131,0.49991496094711474,1.8414847417490989e-06,9.525390376929285e-09,5.452058758237399e-06,0.0009952820837497711,0.4301169216632843,246.84642028808594
bandmf_ime_sep,132,0.5001200508561895,1.84203399592832e-06,9.580168024107838e-09,9.99999993922529e-09,0.000998753122985363,0.430488646030426,137806.53125
bandmf_ime_sep,133,0.5000525177049563,1.8420803744381994e-06,9.640308872462558e-09,2.7118148864246905e-06,0.0009903056779876351,0.4321150481700897,340.6752014160156
bandmf_ime_sep,134,0.49999774586520784,1.8420157755086048e-06,9.698200113985147e-09,9.99999993922529e-09,0.000991805107332766,0.4330081641674042,81070.8828125
bandmf_ime_sep,135,0.49996315216755055,1.8420042572737682e-06,9.754202604695007e-09,9.99999993922529e-09,0.000987324514426291,0.4336102604866028,66127.1328125
bandmf_ime_sep,136,0.500092983060177,1.8416209702446673e-06,9.809450827270224e-09,9.99999993922529e-09,0.0009876780677586794,0.4338059425354004,198487.53125
bandmf_ime_sep,137,0.5000953826230203,1.8420183374997215e-06,9.867287116154222e-09,9.99999993922529e-09,0.0009898536372929811,0.4349786341190338,75618.1171875
bandmf_ime_sep,138,0.5000157971220516,1.8418611209354978e-06,9.926134047484136e-09,9.99999993922529e-09,0.0009867215994745493,0.436694473028183,225649.484375
bandmf_ime_sep,139,0.4999323759562349,1.8419292607857551e-06,9.980638647092564e-09,9.99999993922529e-09,0.0009760503307916224,0.43720608949661255,26375.513671875
bandmf_ime_sep,140,0.5000263406557569,1.8421347971782884e-06,1.0036850484128878e-08,2.7290980142424814e-06,0.0009811131749302149,0.43787992000579834,173.00428771972656
bandmf_ime_sep,141,0.5000816033151778,1.8413494569685655e-06,1.0092137350278381e-08,9.99999993922529e-09,0.0009772039484232664,0.43863192200660706,230193.765625
bandmf_ime_sep,142,0.5000523722769052,1.8421401685424616e-06,1.0150935278031741e-08,5.25110044691246e-06,0.0009779493557289243,0.43957945704460144,155.8834991455078
bandmf_ime_sep,143,0.4999531903460497,1.842260248645222e-06,1.0205948208510779e-08,6.920726718817605e-06,0.0009775159414857626,0.4403991997241974,297.5578308105469
bandmf_ime_sep,144,0.5000106889617564,1.8418098829162139e-06,1.0259825154959891e-08,5.217118541622767e-06,0.000974346767179668,0.4410655200481415,146.06488037109375
bandmf_ime_sep,145,0.5000704417122553,1.841898139876996e-06,1.0315959921896209e-08,9.99999993922529e-09,0.0009700176306068897,0.44238215684890747,25757.396484375
bandmf_ime_sep,146,0.5000257953005652,1.8416223894317864e-06,1.037458083608774e-08,5.79454672333668e-06,0.0009682677919045091,0.4428264796733856,296.0832214355469
bandmf_ime_sep,147,0.5000025995264136,1.8423745494203126e-06,1.0427682476297838e-08,5.167486051504966e-06,0.0009708236902952194,0.44373923540115356,542.0546875
bandmf_ime_sep,148,0.5000843119126297,1.8422953076367663e-06,1.048297176165938e-08,5.151285677129636e-06,0.0009702175739221275,0.4439299702644348,312.8010559082031
bandmf_ime_sep,149,0.5000643337341089,1.841407672413071e-06,1.0539589807484364e-08,2.5726269541337388e-06,0.000965566432569176,0.4452607333660126,623.0472412109375
bandmf_ime_sep,150,0.5000553535519529,1.8415597165581787e-06,1.0596255696978847e-08,5.1193878789490554e-06,0.0009588820394128561,0.4464108645915985,294.35662841796875
bandmf_ime_sep,151,0.49999063806920996,1.8416265842080406e-06,1.064904183162415e-08,4.421259291120805e-06,0.0009594800649210811,0.44713589549064636,795.1221923828125
bandmf_ime_sep,152,0.5000570077960342,1.8416234503027908e-06,1.0703988152726053e-08,9.99999993922529e-09,0.000957013457082212,0.44737088680267334,127619.3984375
bandmf_ime_sep,153,0.5000999272496174,1.841265761260438e-06,1.0759193832457933e-08,3.5899042813980486e-06,0.0009573583956807852,0.44842278957366943,417.95123291015625
bandmf_ime_sep,154,0.5000635702368404,1.8415429775858537e-06,1.081504536727276e-08,3.5791319987765746e-06,0.0009552449337206781,0.4491809606552124,362.01422119140625
bandmf_ime_sep,155,0.5000427013115065,1.8406688817321618e-06,1.0869371455737101e-08,5.042432803747943e-06,0.0009506340138614178,0.4499046206474304,221.04129028320312
bandmf_ime_sep,156,0.49999741865209285,1.8411498704485945e-06,1.0924214657471104e-08,5.027499810239533e-06,0.000949153327383101,0.45055267214775085,270.188232421875
bandmf_ime_sep,157,0.5000965096904164,1.8417959588022828e-06,1.0978325611250196e-08,9.99999993922529e-09,0.0009533584234304726,0.4516473412513733,207968.46875
bandmf_ime_sep,158,0.5001174149727632,1.8413125995651718e-06,1.1032745103348055e-08,7.0641981437802315e-06,0.0009501035674475133,0.45239177346229553,300.3705139160156
bandmf_ime_sep,159,0.5000154517304302,1.841215276035977e-06,1.1087959749527188e-08,6.101356575527461e-06,0.0009459960274398327,0.45299309492111206,553.9517211914062
bandmf_ime_sep,160,0.5000804035337563,1.841725373541256e-06,1.1141364376453474e-08,9.99999993922529e-09,0.0009483032627031207,0.4538658857345581,56200.7890625
bandmf_ime_sep,161,0.5000603344627034,1.8411277954197226e-06,1.1194283126852164e-08,9.99999993922529e-09,0.0009419238776899874,0.45493534207344055,134043.359375
bandmf_ime_sep,162,0.5001145791257665,1.8423233818639109e-06,1.1249046306506514e-08,3.4966760722454637e-06,0.0009410252096131444,0.4560467004776001,299.71282958984375
bandmf_ime_sep,163,0.5000860934062558,1.842126797448724e-06,1.1305035845990077e-08,3.4868101010943064e-06,0.0009427325567230582,0.45629921555519104,932.9735107421875
bandmf_ime_sep,164,0.5000571350455789,1.8424610236126146e-06,1.135733340680639e-08,4.913131306238938e-06,0.0009424449526704848,0.4564262926578522,232.316650390625
bandmf_ime_sep,165,0.5000134702732338,1.8418055744800464e-06,1.14100428586928e-08,5.998317647026852e-06,0.0009358499082736671,0.4577457904815674,386.1144104003906
bandmf_ime_sep,166,0.5000241410564839,1.84232921344619e-06,1.1464361061521851e-08,9.99999993922529e-09,0.0009367909515276551,0.4585523009300232,252807.90625
bandmf_ime_sep,167,0.5000539538069609,1.8424141097829127e-06,1.1519477168507719e-08,3.44826321452274e-06,0.0009388639009557664,0.4589100182056427,687.920654296875
bandmf_ime_sep,168,0.5000700236066083,1.8422346011042075e-06,1.157169760195284e-08,9.99999993922529e-09,0.0009356460068374872,0.4594937860965729,96357.390625
bandmf_ime_sep,169,0.49998180331510517,1.8420823856269597e-06,1.1623591493290092e-08,3.8331395444402006e-06,0.0009303332772105932,0.4602615237236023,722.5645751953125
bandmf_ime_sep,170,0.5000697145719998,1.8419857504737352e-06,1.1677654432247424e-08,9.99999993922529e-09,0.000931384100113064,0.4609358310699463,134392.796875
bandmf_ime_sep,171,0.5000543719126079,1.8426024565674252e-06,1.1731106427214524e-08,4.8199058255704585e-06,0.0009310967288911343,0.4623391032218933,205.226318359375
bandmf_ime_sep,172,0.5001138701640174,1.842039504823782e-06,1.17824746961447e-08,9.99999993922529e-09,0.0009274770272895694,0.4625767767429352,110230.546875
bandmf_ime_sep,173,0.5000415924226168,1.8416161234920578e-06,1.183512913977465e-08,9.99999993922529e-09,0.00092587701510638,0.4627402126789093,114378.2734375
bandmf_ime_sep,174,0.5000827485610804,1.8413827356549524e-06,1.1889676343399459e-08,2.9320801786525408e-06,0.0009271898306906223,0.46344974637031555,245.23426818847656
bandmf_ime_sep,175,0.5001141246631068,1.8420270215335782e-06,1.1941449339937033e-08,9.99999993922529e-09,0.0009221372311003506,0.4644544720649719,87890.3984375
bandmf_ime_sep,176,0.5001156516576435,1.8423444992358488e-06,1.199308847272498e-08,9.99999993922529e-09,0.000918988895136863,0.46564972400665283,132508.15625
bandmf_ime_sep,177,0.5000386475045819,1.8425524183471636e-06,1.2045058976587856e-08,9.99999993922529e-09,0.0009180448250845075,0.46620258688926697,167912.890625
bandmf_ime_sep,178,0.4999949100182112,1.84190078990439e-06,1.2098536262673906e-08,8.523431461071596e-06,0.0009160342742688954,0.4663800001144409,154.84368896484375
bandmf_ime_sep,179,0.5000995636794897,1.8418189038158075e-06,1.2151569190080002e-08,9.99999993922529e-09,0.0009197565377689898,0.467145174741745,175347.4375
bandmf_ime_sep,180,0.5000703871767361,1.8416687783113233e-06,1.2202977562007971e-08,3.332250571475015e-06,0.0009138283203355968,0.46853816509246826,404.2024230957031
bandmf_ime_sep,181,0.5000241046994711,1.8423347269550916e-06,1.2254271018288823e-08,9.99999993922529e-09,0.000916460354346782,0.4685850143432617,158984.9375
bandmf_ime_sep,182,0.5000058171220443,1.8425338075204175e-06,1.2306044910201368e-08,9.99999993922529e-09,0.0009154503350146115,0.4699881970882416,6787.91259765625
bandmf_ime_sep,183,0.5000603344627034,1.8412746260564744e-06,1.235838507893591e-08,2.3415468604071066e-06,0.0009121338953264058,0.4699377119541168,416.8109436035156
bandmf_ime_sep,184,0.500105944335232,1.8416360305344802e-06,1.2409482189584106e-08,4.661532784666633e-06,0.0009102647891268134,0.47139376401901245,715.14111328125
bandmf_ime_sep,185,0.5000059080145762,1.8423341374421681e-06,1.2460269293231403e-08,4.650069058698136e-06,0.0009104751516133547,0.4718444347381592,460.5489196777344
bandmf_ime_sep,186,0.5000022177777794,1.8414068268923454e-06,1.2511648029960672e-08,5.678977686329745e-06,0.0009092054096981883,0.4720858335494995,504.6829833984375
bandmf_ime_sep,187,0.5000484093625125,1.8414152638913284e-06,1.2563406858225963e-08,4.008808446087642e-06,0.0009082710603252053,0.4722178280353546,567.1610107421875
bandmf_ime_sep,188,0.5000286675045746,1.841675052902309e-06,1.2614032867653845e-08,3.999125965492567e-06,0.0009059429867193103,0.47372186183929443,285.392822265625
bandmf_ime_sep,189,0.5000655516940369,1.8415446229246256e-06,1.2664470254661661e-08,3.2592668048891937e-06,0.0009067478240467608,0.4737788438796997,799.7184448242188
bandmf_ime_sep,190,0.5000846391257447,1.8414043897011173e-06,1.2715984339760745e-08,9.99999993922529e-09,0.0009033390088006854,0.4746399521827698,180235.09375
bandmf_ime_sep,191,0.5000567896539576,1.841585548018828e-06,1.2767443244922045e-08,7.5938773989037145e-06,0.0009023498278111219,0.47551894187927246,252.26446533203125
bandmf_ime_sep,192,0.49999474641165376,1.841429226571921e-06,1.2818074392951789e-08,9.99999993922529e-09,0.0009024608880281448,0.47583886981010437,39984.60546875
bandmf_ime_sep,193,0.5000437738433834,1.8413279530919741e-06,1.2868203058187838e-08,9.99999993922529e-09,0.0008986761677078903,0.47670742869377136,125184.34375
bandmf_ime_sep,194,0.5000596800364734,1.8412562302244761e-06,1.2919178075441483e-08,4.5510491872846615e-06,0.0009007763583213091,0.47800901532173157,244.81996154785156
bandmf_ime_sep,195,0.5000106889617564,1.8408434758449286e-06,1.2969218208865267e-08,9.99999993922529e-09,0.0008967493777163327,0.47803637385368347,46048.85546875
bandmf_ime_sep,196,0.4999965279052798,1.8413955750095738e-06,1.3020987421866578e-08,5.545856311073294e-06,0.0008970240596681833,0.4785446226596832,460.506103515625
bandmf_ime_sep,197,0.49999516451730064,1.841160798036194e-06,1.3070043246352073e-08,2.2648061985819368e-06,0.0008951511117629707,0.47924017906188965,417.6083068847656
bandmf_ime_sep,198,0.5000766224044274,1.8411146269448635e-06,1.3120066433321496e-08,3.1914842111291364e-06,0.0008952459902502596,0.4792252779006958,1296.3524169921875
bandmf_ime_sep,199,0.5000294310018429,1.8409665749486664e-06,1.316993040186851e-08,3.1842480439081555e-06,0.0008909000898711383,0.4801504909992218,1106.5020751953125
bandmf_ime_sep,200,0.5000284311839915,1.8421166933050604e-06,1.3221792263594905e-08,9.99999993922529e-09,0.0008904978167265654,0.4814976751804352,130795.2578125
bandmf_ime_sep,201,0.5000284311839915,1.8416356348029476e-06,1.3267937767662698e-08,6.32988803772605e-06,0.0008918095263652503,0.48151254653930664,466.45330810546875
bandmf_ime_sep,202,0.50008843843358,1.8413323703206646e-06,1.3317967167035847e-08,9.99999993922529e-09,0.0008912091143429279,0.48320308327674866,59702.61328125
bandmf_ime_sep,203,0.5000205598907254,1.8414060425145077e-06,1.3368490913452318e-08,9.99999993922529e-09,0.0008879456436261535,0.48302850127220154,13912.521484375
bandmf_ime_sep,204,0.5000293582878174,1.8419251485773714e-06,1.3420048170121369e-08,2.2295359940471826e-06,0.0008853708277456462,0.48419085144996643,335.78363037109375
bandmf_ime_sep,205,0.5000720050638048,1.8416088323952725e-06,1.3467073640761596e-08,6.273978669923963e-06,0.0008862497052177787,0.48373979330062866,405.895751953125
bandmf_ime_sep,206,0.5000770768670871,1.8417216345135737e-06,1.3515354834027821e-08,4.429605269251624e-06,0.0008847262943163514,0.48512300848960876,366.7194519042969
bandmf_ime_sep,207,0.5000126704189528,1.8415319067446076e-06,1.3566151521937052e-08,3.128328216916998e-06,0.0008861614624038339,0.4859631657600403,528.2344360351562
bandmf_ime_sep,208,0.5000621159563294,1.8421684827446478e-06,1.3615369587653079e-08,9.99999993922529e-09,0.0008847921271808445,0.486230731010437,107474.1328125
bandmf_ime_sep,209,0.5001079985064539,1.841697791758574e-06,1.3665393906885954e-08,9.99999993922529e-09,0.0008786504040472209,0.4871763586997986,92248.609375
bandmf_ime_sep,210,0.5000864387978772,1.8419626709001464e-06,1.3711038623942973e-08,9.99999993922529e-09,0.0008789924904704094,0.4877189099788666,159481.9375
bandmf_ime_sep,211,0.4999963642987223,1.8422420606380939e-06,1.3761699699677768e-08,9.99999993922529e-09,0.0008790130959823728,0.488268107175827,2522.55712890625
bandmf_ime_sep,212,0.5000534993443013,1.8419083193509318e-06,1.3809708668531582e-08,9.99999993922529e-09,0.0008800469222478569,0.4883018732070923,99975.7890625
bandmf_ime_sep,213,0.5000993091804002,1.8420823925682816e-06,1.3862217489497844e-08,9.526094117973116e-07,0.0008736648596823215,0.4896947145462036,1378.6317138671875
bandmf_ime_sep,214,0.5000659697996838,1.8424921882770968e-06,1.3905636500791712e-08,9.99999993922529e-09,0.0008746872772462666,0.4907679855823517,183529.109375
bandmf_ime_sep,215,0.49994379205824685,1.8425577109865887e-06,1.3955064393885786e-08,4.345520665083313e-06,0.0008759998017922044,0.4905184507369995,232.64413452148438
bandmf_ime_sep,216,0.4999979458287781,1.8424389412614944e-06,1.4004138116016882e-08,9.99999993922529e-09,0.0008720581536181271,0.4915120303630829,281936.40625
bandmf_ime_sep,217,0.5000669877960415,1.841839231231455e-06,1.405550713542458e-08,5.487327598530101e-06,0.0008759998599998653,0.4913407266139984,246.1937255859375
bandmf_ime_sep,218,0.5000828394536123,1.8420388163885568e-06,1.4100789445378322e-08,9.99999993922529e-09,0.0008700903272256255,0.4927244782447815,74110.96875
bandmf_ime_sep,219,0.4999514088524236,1.8418693989697446e-06,1.4149258790263637e-08,9.624843187339138e-06,0.0008705597138032317,0.49299168586730957,169.20603942871094
bandmf_ime_sep,220,0.5000018178506388,1.841943617792686e-06,1.4197729757524223e-08,4.301139597373549e-06,0.000867181399371475,0.49384805560112,525.6428833007812
bandmf_ime_sep,221,0.5000642791985896,1.842049861309891e-06,1.4246508180968955e-08,4.292451194487512e-06,0.0008669107337482274,0.49368003010749817,312.2475280761719
bandmf_ime_sep,222,0.5000141065209575,1.8418176598378108e-06,1.4291339944043703e-08,7.41248186386656e-06,0.0008649502415210009,0.49555251002311707,413.39422607421875
bandmf_ime_sep,223,0.4999760770855928,1.8418671266095159e-06,1.4341607512762374e-08,5.652406798617449e-06,0.0008644591434858739,0.49501553177833557,276.843017578125
bandmf_ime_sep,224,0.5000164879052943,1.8418721364154693e-06,1.4389937312674763e-08,9.99999993922529e-09,0.0008684113854542375,0.49659278988838196,190122.484375
bandmf_ime_sep,225,0.5000297945719707,1.8422048509541495e-06,1.4436657152732889e-08,9.99999993922529e-09,0.0008666538633406162,0.49656927585601807,261353.953125
bandmf_ime_sep,226,0.5000647336612494,1.841853669460317e-06,1.448200204833237e-08,4.249915491527645e-06,0.0008662602631375194,0.49677136540412903,399.7054138183594
bandmf_ime_sep,227,0.5000499908925683,1.841638303605771e-06,1.4529307067947748e-08,2.1257924345263746e-06,0.0008627816569060087,0.4973350167274475,1598.69384765625
bandmf_ime_sep,228,0.5000682421129823,1.8418632298868513e-06,1.4578317358062702e-08,4.2333108467573766e-06,0.0008640669984742999,0.49874183535575867,360.1642761230469
bandmf_ime_sep,229,0.5000850754098981,1.8418642945332576e-06,1.4626494209293737e-08,6.674648375337711e-06,0.0008576132822781801,0.49861302971839905,202.59912109375
bandmf_ime_sep,230,0.4999674968305774,1.8419392253157336e-06,1.4672454369485979e-08,9.99999993922529e-09,0.0008606642950326204,0.4993661344051361,259901.953125
bandmf_ime_sep,231,0.5000658970856582,1.841847116319163e-06,1.4719069577912415e-08,9.99999993922529e-09,0.0008621304878033698,0.5001170039176941,49619.7734375
bandmf_ime_sep,232,0.5000147245901747,1.842113645158996e-06,1.4765269731994094e-08,9.99999993922529e-09,0.0008571401704102755,0.5002553462982178,31821.455078125
bandmf_ime_sep,233,0.5000615887796441,1.8422719445101783e-06,1.481447691624898e-08,9.99999993922529e-09,0.0008570920326747,0.5016983151435852,88518.75
bandmf_ime_sep,234,0.4999984184699442,1.8422692517682594e-06,1.4859293542930151e-08,4.184834324405529e-06,0.0008575906394980848,0.5016748309135437,394.2291564941406
bandmf_ime_sep,235,0.5000522813843733,1.8425543749195716e-06,1.4906322906226126e-08,9.99999993922529e-09,0.0008552494691684842,0.5015639662742615,100013.1953125
bandmf_ime_sep,236,0.5000497363934788,1.8416004758309732e-06,1.495267520950707e-08,4.169105523033068e-06,0.0008501990814693272,0.5031599998474121,664.3997802734375
bandmf_ime_sep,237,0.500033175774159,1.8416639096596897e-06,1.500004796712572e-08,2.945425649159006e-06,0.0008496423251926899,0.5028157234191895,311.8916931152344
bandmf_ime_sep,238,0.5000374477231603,1.8421391458148674e-06,1.5044491191956608e-08,9.99999993922529e-09,0.0008516550878994167,0.5044662952423096,45473.88671875
bandmf_ime_sep,239,0.5000796945720071,1.8418610526227325e-06,1.5092070942954958e-08,4.1458993109699804e-06,0.0008493010536767542,0.5044993162155151,527.5223999023438
bandmf_ime_sep,240,0.5000447554827284,1.8422505603375292e-06,1.5137025357653087e-08,9.99999993922529e-09,0.0008484167046844959,0.5051481127738953,29681.142578125
bandmf_ime_sep,241,0.5000945282332201,1.8420662436167816e-06,1.5184004180110436e-08,5.65247410122538e-06,0.0008490103646181524,0.5055824518203735,481.1705017089844
bandmf_ime_sep,242,0.5000153790164047,1.842532305071296e-06,1.522894580613723e-08,9.99999993922529e-09,0.0008466041181236506,0.5061172842979431,43942.78125
bandmf_ime_sep,243,0.500013052167587,1.8416451012338259e-06,1.5276536338537462e-08,5.816277734993491e-06,0.0008479056414216757,0.5062342286109924,200.16445922851562
bandmf_ime_sep,244,0.5000216506011087,1.8420586266080038e-06,1.53206533283161e-08,2.9078792067593895e-06,0.0008431686437688768,0.5068109035491943,307.5777893066406
bandmf_ime_sep,245,0.5000862024772942,1.8428922398344385e-06,1.5367254335337607e-08,9.99999993922529e-09,0.0008453433401882648,0.5080706477165222,36229.68359375
bandmf_ime_sep,246,0.5000286493260683,1.8421457495260908e-06,1.541340314261753e-08,5.0112280405301135e-06,0.0008439096854999661,0.5084333419799805,275.2288513183594
bandmf_ime_sep,247,0.5000249227322586,1.8421975099221716e-06,1.5458518414183664e-08,4.086188255314482e-06,0.000845885428134352,0.5089825987815857,346.1266174316406
bandmf_ime_sep,248,0.5000154699089366,1.841643604100741e-06,1.5501113990667964e-08,2.887173650378827e-06,0.0008419755031354725,0.5098842978477478,758.653076171875
bandmf_ime_sep,249,0.500090219927206,1.841863942540518e-06,1.554827905032571e-08,9.99999993922529e-09,0.0008418869110755622,0.5087475180625916,105781.921875
bandmf_ime_sep,250,0.5000311943169626,1.8417951990746026e-06,1.5593836810263827e-08,9.99999993922529e-09,0.0008394732722081244,0.510581374168396,157391.78125
bandmf_ime_sep,251,0.5000276131512041,1.8417070605141489e-06,1.5637581993452912e-08,4.0574577724328265e-06,0.0008394796750508249,0.5105630159378052,363.0881652832031
bandmf_ime_sep,252,0.5000752771949547,1.841905645342117e-06,1.5681507545859444e-08,9.99999993922529e-09,0.0008389044087380171,0.5111057758331299,9879.98828125
bandmf_ime_sep,253,0.5001058534427001,1.8419161219808148e-06,1.5727879466509065e-08,4.043361059302697e-06,0.0008389823487959802,0.5116498470306396,465.1129455566406
bandmf_ime_sep,254,0.5000450281603243,1.8416876306960708e-06,1.577066676473746e-08,4.677387096307939e-06,0.0008418099605478346,0.512599527835846,537.1455078125
bandmf_ime_sep,255,0.500055080874357,1.8419816747580815e-06,1.5817243298308692e-08,9.99999993922529e-09,0.000836768071167171,0.5128592252731323,99902.2890625
bandmf_ime_sep,256,0.5000158516575708,1.8419976667764517e-06,1.5861198955921305e-08,4.02254045184236e-06,0.0008356307516805828,0.513639509677887,502.385498046875
bandmf_ime_sep,257,0.5000506998543175,1.8417531447119803e-06,1.590561950711208e-08,5.309023890731623e-06,0.0008364889654330909,0.5134467482566833,266.0868835449219
bandmf_ime_sep,258,0.5000330667031206,1.8416845705127385e-06,1.5948216422393256e-08,9.99999993922529e-09,0.0008321599452756345,0.5146279335021973,90343.0859375
bandmf_ime_sep,259,0.500036920546475,1.84183104573688e-06,1.5993398277213982e-08,2.8328411190159386e-06,0.0008339412161149085,0.5147580504417419,213.18687438964844
bandmf_ime_sep,260,0.5000450099818179,1.8416658181592115e-06,1.6038805184821378e-08,9.99999993922529e-09,0.000832199293654412,0.5152415037155151,203168.953125
bandmf_ime_sep,261,0.5000865660474219,1.8417465680634472e-06,1.6083499151744807e-08,3.988679054600652e-06,0.0008358169579878449,0.5158765912055969,597.025146484375
bandmf_ime_sep,262,0.5000192873952781,1.8415459989908988e-06,1.6124436943090324e-08,9.99999993922529e-09,0.0008282999042421579,0.5170114040374756,48634.328125
bandmf_ime_sep,263,0.5000087075045601,1.841111301154389e-06,1.616995059772635e-08,4.866626113653183e-06,0.0008278999594040215,0.5165595412254333,341.0436096191406
bandmf_ime_sep,264,0.5000191965027462,1.8419696386583073e-06,1.6214366591558387e-08,5.608656920230715e-06,0.000832159596029669,0.5174741148948669,135.28399658203125
bandmf_ime_sep,265,0.5000495727869214,1.8415614129833867e-06,1.625835456282318e-08,3.7070537928229896e-06,0.0008280841284431517,0.5180833339691162,284.4898376464844
bandmf_ime_sep,266,0.49996062535516256,1.8417465440143065e-06,1.6298641180271402e-08,7.901647222752217e-06,0.0008275627042166889,0.518756628036499,311.5976867675781
bandmf_ime_sep,267,0.5000020723497283,1.8416073406290147e-06,1.6344958371216846e-08,3.1243446301232325e-06,0.0008287819218821824,0.5190466046333313,600.0335693359375
bandmf_ime_sep,268,0.5000122704918122,1.8419464756957406e-06,1.6387798418994505e-08,1.976476141862804e-06,0.0008282305207103491,0.519355058670044,721.661376953125
bandmf_ime_sep,269,0.5000251408743352,1.8419247885343914e-06,1.6431402115082236e-08,9.99999993922529e-09,0.000824347254820168,0.5209360122680664,123523.640625
bandmf_ime_sep,270,0.4999693692167354,1.841595644374667e-06,1.6473465825474815e-08,9.99999993922529e-09,0.0008234336855821311,0.5205923318862915,88345.4140625
bandmf_ime_sep,271,0.4999949645537304,1.8415639292125693e-06,1.6517776292035656e-08,9.99999993922529e-09,0.0008245399803854525,0.5210216641426086,48966.1953125
bandmf_ime_sep,272,0.49996333395261444,1.841680984033302e-06,1.6560404365360608e-08,2.7731316549761686e-06,0.0008191507076844573,0.5211601257324219,1043.8804931640625
bandmf_ime_sep,273,0.49999341938068737,1.841797365706648e-06,1.6604963953953374e-08,3.6878509490634315e-06,0.0008219089941121638,0.5213978886604309,482.4876708984375
bandmf_ime_sep,274,0.5000033630236819,1.842270296123997e-06,1.6647102576393208e-08,5.1629053814394865e-06,0.0008207863429561257,0.5221809148788452,599.2000122070312
bandmf_ime_sep,275,0.4999262316210756,1.841689637398367e-06,1.669000278127981e-08,9.99999993922529e-09,0.0008207791252061725,0.5229441523551941,152159.859375
bandmf_ime_sep,276,0.49999327395263626,1.8419343505438858e-06,1.6732439354406286e-08,3.892944278049981e-06,0.0008199046715162694,0.5229926109313965,214.7416534423828
bandmf_ime_sep,277,0.4999575531875829,1.8419584819732256e-06,1.677784638740189e-08,3.886853846779559e-06,0.0008194340625777841,0.5239580273628235,536.232666015625
bandmf_ime_sep,278,0.4999738774863198,1.8421238745681246e-06,1.6819169594057747e-08,6.942669870113605e-07,0.0008173005189746618,0.5244477987289429,490.509765625
bandmf_ime_sep,279,0.49994595530050706,1.8422574247377145e-06,1.686124233266582e-08,1.9423882804403547e-06,0.0008159365970641375,0.5251098871231079,723.7844848632812
bandmf_ime_sep,280,0.5000514997085985,1.8416784164044776e-06,1.6903249809092528e-08,7.965099030116107e-06,0.0008190787048079073,0.5253421664237976,272.60333251953125
bandmf_ime_sep,281,0.4999738229508006,1.842140763405282e-06,1.6947427749840893e-08,9.99999993922529e-09,0.0008168522035703063,0.5260922312736511,40930.05078125
bandmf_ime_sep,282,0.49993619344257645,1.8423469543898638e-06,1.6989295967452252e-08,9.99999993922529e-09,0.0008139759302139282,0.5272245407104492,45965.15625
bandmf_ime_sep,283,0.49993604801452535,1.8416691425444916e-06,1.70324975026874e-08,1.3680084975931095e-06,0.0008137916447594762,0.526345431804657,888.0897216796875
bandmf_ime_sep,284,0.4999953099453518,1.841245795039014e-06,1.7072351006251628e-08,3.845173523586709e-06,0.0008122841245494783,0.5274942517280579,267.88616943359375
bandmf_ime_sep,285,0.499953953843318,1.841386947073449e-06,1.7115495827130635e-08,1.9246756437496515e-06,0.0008141145226545632,0.5281357765197754,323.7548522949219
bandmf_ime_sep,286,0.4999547355190927,1.841667014233622e-06,1.7156733006497868e-08,7.289845143532148e-06,0.0008113961084745824,0.527805745601654,491.5831298828125
bandmf_ime_sep,287,0.500016142513673,1.8416123910332361e-06,1.720001948721768e-08,9.99999993922529e-09,0.0008127631153911352,0.5292616486549377,308414.46875
bandmf_ime_sep,288,0.4999785493624616,1.8416919523207499e-06,1.7240341657248923e-08,3.822077815129887e-06,0.000813203165307641,0.5292223691940308,423.16741943359375
bandmf_ime_sep,289,0.49997482276865196,1.8415022449863582e-06,1.728349117185296e-08,9.99999993922529e-09,0.0008081319974735379,0.5304500460624695,98358.9921875
bandmf_ime_sep,290,0.4999722777777576,1.8422096215045887e-06,1.7325275838196004e-08,3.3015196549968095e-06,0.000809001037850976,0.5298254489898682,418.9161376953125
bandmf_ime_sep,291,0.49995691693985933,1.8415886932587485e-06,1.7367686246454056e-08,2.3340062398347072e-06,0.0008079180843196809,0.5308522582054138,411.1571350097656
bandmf_ime_sep,292,0.4999913470309591,1.8416409248520746e-06,1.7407551697213057e-08,3.7994843751221197e-06,0.000807568256277591,0.5310603380203247,278.7797546386719
bandmf_ime_sep,293,0.49995878932601734,1.8417161658354535e-06,1.7447171875146486e-08,9.99999993922529e-09,0.0008097232785075903,0.5316822528839111,82984.4609375
bandmf_ime_sep,294,0.4999629158469675,1.841360466683854e-06,1.7490154021226877e-08,3.7883703498664545e-06,0.0008084932342171669,0.5314374566078186,330.4691467285156
bandmf_ime_sep,295,0.4999178513296305,1.841472798332902e-06,1.753275975164295e-08,3.7828581298526842e-06,0.0008067315793596208,0.5325793027877808,348.7038269042969
bandmf_ime_sep,296,0.49994451919850236,1.8417286014929522e-06,1.7573683288941656e-08,6.931110874575097e-06,0.0008020364912226796,0.5327853560447693,260.99365234375
bandmf_ime_sep,297,0.49998433012749316,1.8414660309927128e-06,1.761328423618618e-08,2.6700806756707607e-06,0.0008049170719459653,0.5332071185112,849.9354248046875
bandmf_ime_sep,298,0.49995877114751097,1.8416120133237454e-06,1.7654893612063255e-08,2.666245109139709e-06,0.0008050890755839646,0.5336292386054993,491.968505859375
bandmf_ime_sep,299,0.49993135795987714,1.8416685491207257e-06,1.7696729867982374e-08,5.314859663485549e-06,0.000802710943389684,0.5338598489761353,427.85345458984375
bandmf_ime_sep,300,0.49995371752273493,1.8414070318137116e-06,1.7737174028703582e-08,5.307269930199254e-06,0.0008018602966330945,0.534111738204956,616.5654296875
bandmf_ime_sep,301,0.49993037632053217,1.8413161330789363e-06,1.7776485468596522e-08,3.249278506700648e-06,0.0008014332852326334,0.534694492816925,329.7234191894531
bandmf_ime_sep,302,0.4999465551912179,1.8417163456326203e-06,1.78194123978369e-08,5.292209607432596e-06,0.0007999466033652425,0.5364969968795776,396.1463317871094
bandmf_ime_sep,303,0.49992974007280855,1.841476985829233e-06,1.7860560495892602e-08,5.284738563204883e-06,0.0008001723908819258,0.5358513593673706,403.2829895019531
bandmf_ime_sep,304,0.4998722778141146,1.8422517346652863e-06,1.7898990953740567e-08,2.6436532607476693e-06,0.0007999907829798758,0.536571204662323,707.9236450195312
bandmf_ime_sep,305,0.49993799311470893,1.8423751622713146e-06,1.7939578735675718e-08,3.7293204968591454e-06,0.0008004792034626007,0.5370817184448242,249.60012817382812
bandmf_ime_sep,306,0.4999549536611694,1.8423636307971765e-06,1.7981922467167086e-08,9.99999993922529e-09,0.000794946972746402,0.5379672050476074,100132.5234375
bandmf_ime_sep,307,0.4999490456465931,1.8419792202643386e-06,1.8021363564154317e-08,3.7189458907960216e-06,0.0007954386528581381,0.5382112264633179,285.61663818359375
bandmf_ime_sep,308,0.4999127795263481,1.841463276083638e-06,1.806118613968542e-08,5.2479626901913434e-06,0.0007989280857145786,0.5379626750946045,321.705078125
bandmf_ime_sep,309,0.49991470644802527,1.8409282117524655e-06,1.810164238370316e-08,2.625360366437235e-06,0.0007992669125087559,0.5386890769004822,315.6960144042969
bandmf_ime_sep,310,0.4999255408378328,1.8415826779092048e-06,1.8142754782360536e-08,9.99999993922529e-09,0.0007960009970702231,0.539250910282135,93224.4765625
bandmf_ime_sep,311,0.4999329940254521,1.8420894864638053e-06,1.818095302680285e-08,1.3140873988959356e-06,0.0007963665993884206,0.5393434762954712,374.2829284667969
bandmf_ime_sep,312,0.4998878749725959,1.8418669371452885e-06,1.821954679816215e-08,9.99999993922529e-09,0.0007979903602972627,0.5403231382369995,62629.62890625
bandmf_ime_sep,313,0.4999131067394631,1.841929920533005e-06,1.8258751525812423e-08,5.212123141973279e-06,0.0007930270512588322,0.5405957102775574,239.11798095703125
bandmf_ime_sep,314,0.4999181240072263,1.8422546284769842e-06,1.8301346963152847e-08,2.6075322239194065e-06,0.000794608669821173,0.5417020916938782,659.3380737304688
bandmf_ime_sep,315,0.499920214535461,1.8417427947524068e-06,1.8339978057476136e-08,6.36402728559915e-06,0.0007945115794427693,0.5416054129600525,209.00448608398438
bandmf_ime_sep,316,0.4998853845172207,1.8425780653464162e-06,1.8378958738752052e-08,2.600526613605325e-06,0.0007898330222815275,0.5424387454986572,301.5433654785156
bandmf_ime_sep,317,0.49995135431690446,1.8420932441991967e-06,1.84176039926842e-08,9.99999993922529e-09,0.00079294852912426,0.5429892539978027,615.913818359375
bandmf_ime_sep,318,0.4999443919489577,1.842257576828849e-06,1.8459384877144304e-08,4.484911642066436e-06,0.0007899809279479086,0.5428364276885986,314.2749328613281
bandmf_ime_sep,319,0.4999475186520565,1.8420024604279487e-06,1.8496412761017186e-08,1.8344416048421408e-06,0.0007892281864769757,0.5431505441665649,577.8825073242188
bandmf_ime_sep,320,0.49987600440792423,1.8420066641602012e-06,1.8535591760276977e-08,9.99999993922529e-09,0.0007894013542681932,0.543644905090332,71937.640625
bandmf_ime_sep,321,0.49987440469936206,1.8418728078783162e-06,1.857593972126054e-08,4.467116923478898e-06,0.000784589909017086,0.5442546010017395,302.0578918457031
bandmf_ime_sep,322,0.49995813489978735,1.8413552853256695e-06,1.861569943947145e-08,3.6444262150325812e-06,0.0007883832440711558,0.5440939664840698,412.1070861816406
bandmf_ime_sep,323,0.4999234866666109,1.8421740548907892e-06,1.865271314548276e-08,3.6396550058270805e-06,0.0007896915194578469,0.5452350378036499,449.3498840332031
bandmf_ime_sep,324,0.49990307220393665,1.8413035308212473e-06,1.8692649316249083e-08,3.634906533989124e-06,0.0007869907421991229,0.5450928211212158,349.1116027832031
bandmf_ime_sep,325,0.4998889656829792,1.8416803234988048e-06,1.873092535772556e-08,9.99999993922529e-09,0.0007864523213356733,0.5453787446022034,220543.40625
bandmf_ime_sep,326,0.49990216327861725,1.8417358464976673e-06,1.8769809171055786e-08,4.438041287357919e-06,0.0007858532480895519,0.5460691452026367,353.0838623046875
bandmf_ime_sep,327,0.4998891292895367,1.8419038701329056e-06,1.880831561812565e-08,2.8645899874391034e-06,0.000783165218308568,0.5469711422920227,470.7921447753906
bandmf_ime_sep,328,0.4999187238979371,1.8419779873078067e-06,1.884627632664452e-08,9.99999993922529e-09,0.0007853535935282707,0.5474495887756348,102117.9140625
bandmf_ime_sep,329,0.49992790404366333,1.8417182689967287e-06,1.8886306935100276e-08,9.99999993922529e-09,0.0007847102824598551,0.5477015972137451,89140.3203125
bandmf_ime_sep,330,0.4998952554461896,1.8418215948139308e-06,1.892416489843188e-08,9.99999993922529e-09,0.0007828632951714098,0.5480088591575623,68960.6015625
bandmf_ime_sep,331,0.4998735321310554,1.841981048727033e-06,1.896270959631202e-08,3.121034978903481e-06,0.0007810514653101563,0.5481751561164856,1114.7957763671875
bandmf_ime_sep,332,0.4998983276137693,1.8419270488827472e-06,1.900050703218976e-08,9.99999993922529e-09,0.0007807142683304846,0.5490800738334656,107500.3984375
bandmf_ime_sep,333,0.49998365752275675,1.8417712550186285e-06,1.9040030270489304e-08,9.99999993922529e-09,0.0007827042136341333,0.5485866069793701,14678.4990234375
bandmf_ime_sep,334,0.4999541174498755,1.8419336907373806e-06,1.907899319623948e-08,4.392969913169509e-06,0.0007810484385117888,0.5495880842208862,399.8860778808594
bandmf_ime_sep,335,0.499865933515385,1.8423901570587512e-06,1.9116398634455032e-08,2.5373262815264752e-06,0.0007800252642482519,0.5498926639556885,483.3131103515625
bandmf_ime_sep,336,0.49986475191246976,1.8421954490860298e-06,1.915548335223158e-08,2.5341582841065247e-06,0.0007782699540257454,0.5505070090293884,260.0949401855469
bandmf_ime_sep,337,0.49998023996355573,1.8417410432283402e-06,1.9192523006591804e-08,2.5310057480965042e-06,0.0007809029775671661,0.5505350232124329,361.1600341796875
bandmf_ime_sep,338,0.4999149791256211,1.8425125193073109e-06,1.9232736224454962e-08,9.99999993922529e-09,0.0007762978202663362,0.551272451877594,299703.53125
bandmf_ime_sep,339,0.4998870569398084,1.8414818349351202e-06,1.926728008407487e-08,3.7821180285391165e-06,0.0007787371287122369,0.5518317818641663,292.7911376953125
bandmf_ime_sep,340,0.49988747504545533,1.8412399174577797e-06,1.9306632060732084e-08,2.521636815799866e-06,0.0007765408372506499,0.5524425506591797,412.7947692871094
bandmf_ime_sep,341,0.49997280495444285,1.8418334849173896e-06,1.9344798769246544e-08,5.027086899644928e-06,0.0007774379919283092,0.5519938468933105,364.7680969238281
bandmf_ime_sep,342,0.49998433012749316,1.8415807611901424e-06,1.9382402224540725e-08,9.99999993922529e-09,0.0007780746673233807,0.5528786778450012,151384.171875
bandmf_ime_sep,343,0.4999197055372821,1.8423967177253139e-06,1.941864282323597e-08,7.087854100973345e-06,0.0007762945024296641,0.5534011721611023,326.9232177734375
bandmf_ime_sep,344,0.4999095073951982,1.8417695329951798e-06,1.9457429567047055e-08,9.99999993922529e-09,0.0007757067214697599,0.5538396239280701,34416.65234375
bandmf_ime_sep,345,0.49989900021850564,1.8416151001973068e-06,1.9492680239597472e-08,5.002625584893394e-06,0.0007744708564132452,0.5543952584266663,500.86138916015625
bandmf_ime_sep,346,0.4999121432786245,1.8419098906207203e-06,1.9534300409706234e-08,4.9965806283580605e-06,0.0007750675431452692,0.5542372465133667,272.2256774902344
bandmf_ime_sep,347,0.4999070532968357,1.8421769015014982e-06,1.956812686228247e-08,4.990563866158482e-06,0.0007750880904495716,0.5556501150131226,242.29588317871094
bandmf_ime_sep,348,0.4999105799270751,1.8424323394718321e-06,1.9606916997262606e-08,4.663288564188406e-06,0.0007725161267444491,0.555228590965271,239.809326171875
bandmf_ime_sep,349,0.49992710418938224,1.8420308119016475e-06,1.9640683329499858e-08,9.99999993922529e-09,0.0007744625909253955,0.5559822916984558,19022.716796875
bandmf_ime_sep,350,0.4999367569762745,1.8416705472310198e-06,1.9681980161645618e-08,9.99999993922529e-09,0.0007720974972471595,0.556040346622467,251717.453125
bandmf_ime_sep,351,0.49995482641162464,1.842474099945658e-06,1.971612021528791e-08,9.99999993922529e-09,0.0007700029527768493,0.5571750998497009,41215.984375
bandmf_ime_sep,352,0.49991903293254575,1.8423656110885895e-06,1.9752956786912363e-08,3.924023985746317e-06,0.0007687386241741478,0.5568353533744812,523.54931640625
bandmf_ime_sep,353,0.49994122888884607,1.8419923738068904e-06,1.9788551727468796e-08,9.99999993922529e-09,0.0007692536455579102,0.5580260753631592,52567.734375
bandmf_ime_sep,354,0.4999318487795496,1.8417182815334334e-06,1.9828360263620873e-08,4.287482624931727e-06,0.000771223334595561,0.5575603246688843,324.4262390136719
bandmf_ime_sep,355,0.4999074168669635,1.8416083663278332e-06,1.9862633590511044e-08,2.4767057311692042e-06,0.0007705151219852269,0.5579476952552795,861.7213745117188
bandmf_ime_sep,356,0.4999184512203413,1.8415468446132046e-06,1.9898670384165665e-08,3.4943655009556096e-06,0.0007699877605773509,0.5578222274780273,609.8026733398438
bandmf_ime_sep,357,0.4998995092166845,1.841072905198535e-06,1.993603709580999e-08,9.99999993922529e-09,0.0007680996204726398,0.5589639544487,130346.0703125
bandmf_ime_sep,358,0.49992897657554025,1.841698076665977e-06,1.9973168720304368e-08,9.99999993922529e-09,0.0007671193452551961,0.5592719316482544,55942.62109375
bandmf_ime_sep,359,0.49993099438974936,1.8423085362641048e-06,2.0008707065544104e-08,2.4652345018694177e-06,0.0007677430985495448,0.5598523020744324,702.0715942382812
bandmf_ime_sep,360,0.49991034360649206,1.841997982208741e-06,2.0044007886103003e-08,9.99999993922529e-09,0.0007647891179658473,0.5598424673080444,3530.370361328125
bandmf_ime_sep,361,0.49992815854275274,1.8425184792871149e-06,2.008167456813643e-08,3.883119006786728e-06,0.0007623167475685477,0.5610293745994568,349.7108154296875
bandmf_ime_sep,362,0.4999040174862689,1.8422740472312723e-06,2.0117243728586357e-08,9.99999993922529e-09,0.000762710755225271,0.5615723133087158,48036.328125
bandmf_ime_sep,363,0.49993713872490864,1.84215908146908e-06,2.015116206836594e-08,9.99999993922529e-09,0.0007636235095560551,0.5611651539802551,87013.40625
bandmf_ime_sep,364,0.49997089621127205,1.8419721209511979e-06,2.018934638426817e-08,3.462351060079527e-06,0.0007641972624696791,0.5620096325874329,621.8719482421875
bandmf_ime_sep,365,0.49992392295076427,1.8417519004123127e-06,2.0225249194803063e-08,9.99999993922529e-09,0.0007656885427422822,0.5620972514152527,191405.375
bandmf_ime_sep,366,0.4999650063752022,1.8417948532190073e-06,2.026125313277926e-08,2.993044972754433e-06,0.0007633782224729657,0.5623465180397034,959.6592407226562
bandmf_ime_sep,367,0.4999295037522255,1.8418301008959963e-06,2.029407677623365e-08,2.4428968572465237e-06,0.0007593630580231547,0.5632143020629883,880.1452026367188
bandmf_ime_sep,368,0.4999407017121608,1.8419279121546336e-06,2.0332727305332345e-08,3.446764822001569e-06,0.0007626621518284082,0.5630454421043396,261.4733581542969
bandmf_ime_sep,369,0.4999607162476945,1.8416321951832593e-06,2.0366540399964205e-08,9.99999993922529e-09,0.0007605538703501225,0.563774049282074,177844.5625
bandmf_ime_sep,370,0.49992746775950997,1.8421015631533824e-06,2.0403196778417313e-08,4.209739472571528e-06,0.0007596794166602194,0.564123809337616,235.55856323242188
bandmf_ime_sep,371,0.4999681694353138,1.841649226266725e-06,2.0438157342202453e-08,9.99999993922529e-09,0.0007566110580228269,0.5641098618507385,86460.265625
bandmf_ime_sep,372,0.4999746591620945,1.8413987058928089e-06,2.047458218458431e-08,2.429329470032826e-06,0.0007567929569631815,0.5646296739578247,927.2987670898438
bandmf_ime_sep,373,0.4999500818214573,1.8412901241066775e-06,2.050985824070764e-08,3.4276608857908286e-06,0.0007591539761051536,0.5649682283401489,588.4856567382812
bandmf_ime_sep,374,0.49991676061924717,1.8416536562014205e-06,2.0544652202450845e-08,2.423984142296831e-06,0.0007602513651363552,0.5661202073097229,728.9586791992188
bandmf_ime_sep,375,0.4999569351183657,1.8418940822934292e-06,2.057996075858921e-08,3.4201341350126313e-06,0.0007570523303002119,0.5661253333091736,610.162841796875
bandmf_ime_sep,376,0.4999547355190927,1.8416317124227873e-06,2.061503228736706e-08,2.960024858111865e-06,0.0007552664028480649,0.5663177371025085,440.28106689453125
bandmf_ime_sep,377,0.49992406837881537,1.8420175574221173e-06,2.0650072150993135e-08,4.649846232496202e-06,0.00076043710578233,0.5669857263565063,365.5020751953125
bandmf_ime_sep,378,0.49993872025496444,1.84210115002622e-06,2.0682477498725005e-08,3.4089648579538334e-06,0.0007554068579338491,0.5672824382781982,236.22821044921875
bandmf_ime_sep,379,0.4999468460473201,1.841929227044159e-06,2.0716833419938685e-08,1.7076367839763407e-06,0.0007577838259749115,0.5675097703933716,1126.36669921875
bandmf_ime_sep,380,0.4999295764662511,1.841855117817918e-06,2.0755817713400207e-08,3.401597496122122e-06,0.0007537997444160283,0.567983865737915,484.2629089355469
bandmf_ime_sep,381,0.4999252863387434,1.842032525942576e-06,2.0788246743631426e-08,2.9440400339808548e-06,0.0007543114479631186,0.5677698254585266,307.5820007324219
bandmf_ime_sep,382,0.49993068535514074,1.8422797157263474e-06,2.0821966918062148e-08,4.1548951230652165e-06,0.0007546769920736551,0.5682411789894104,300.30029296875
bandmf_ime_sep,383,0.4999572805099871,1.8426200413059613e-06,2.0856821379483345e-08,2.9377404189290246e-06,0.00075433001620695,0.5695379972457886,618.6491088867188
bandmf_ime_sep,384,0.4999254681238073,1.8427120674976412e-06,2.0893534963131874e-08,2.397934395048651e-06,0.0007516277837567031,0.5691670179367065,1081.3092041015625
bandmf_ime_sep,385,0.5000021450637538,1.8418554827282882e-06,2.092693678245819e-08,3.3834503483376466e-06,0.0007543931133113801,0.5692430734634399,494.0782470703125
bandmf_ime_sep,386,0.49993932014567527,1.841648632436638e-06,2.0961572726622382e-08,4.775710749527207e-06,0.000753188447561115,0.5702254772186279,272.2982482910156
bandmf_ime_sep,387,0.49992706783236945,1.8425564605582417e-06,2.099470053607699e-08,3.3762976272555534e-06,0.0007542937528342009,0.570354700088501,331.56903076171875
bandmf_ime_sep,388,0.49997958553732574,1.842689231437475e-06,2.1031178880734154e-08,3.3727435493347002e-06,0.000751118699554354,0.5707723498344421,699.6365356445312
bandmf_ime_sep,389,0.5000004362841534,1.8416602544527017e-06,2.1064378968157792e-08,3.3692044780764263e-06,0.0007483591907657683,0.5715892314910889,270.66143798828125
bandmf_ime_sep,390,0.49992846757736137,1.8415298294185937e-06,2.1099047886378512e-08,9.99999993922529e-09,0.0007511729490943253,0.5714809894561768,153987.046875
bandmf_ime_sep,391,0.500007344116581,1.8415119563866437e-06,2.112909212217716e-08,3.362169763931888e-06,0.0007496229372918606,0.5717823505401611,412.51788330078125
bandmf_ime_sep,392,0.4999657516939641,1.8418964506470605e-06,2.1166446484934742e-08,9.99999993922529e-09,0.0007507894770242274,0.5725850462913513,243388.296875
bandmf_ime_sep,393,0.499981330673939,1.842532724454113e-06,2.12000922782341e-08,9.99999993922529e-09,0.0007488554110750556,0.5730279088020325,196427.109375
bandmf_ime_sep,394,0.4999153063387361,1.8417078900359738e-06,2.1234467631445602e-08,9.99999993922529e-09,0.0007488889386877418,0.5736648440361023,137253.4375
bandmf_ime_sep,395,0.500063079417168,1.8414897987899013e-06,2.1265909579384162e-08,4.7310318223026115e-06,0.0007478578481823206,0.5733062624931335,364.1925964355469
bandmf_ime_sep,396,0.4999844028415187,1.8415696294599593e-06,2.1300187188387445e-08,4.726169208879583e-06,0.0007483147201128304,0.5736782550811768,247.9784698486328
bandmf_ime_sep,397,0.4999452826957707,1.8420536362885418e-06,2.1335262578275593e-08,3.341410547363921e-06,0.0007475017919205129,0.5744420886039734,680.7102661132812
bandmf_ime_sep,398,0.4999760225500736,1.8418920530910922e-06,2.1369653079652345e-08,4.71650309918914e-06,0.0007455786690115929,0.5738909840583801,346.4396667480469
bandmf_ime_sep,399,0.4999926013478999,1.8416245877738216e-06,2.140130746642969e-08,9.99999993922529e-09,0.0007456163875758648,0.5748107433319092,116949.6328125
bandmf_ime_sep,400,0.49996887839706294,1.8414707226575684e-06,2.1435411888922934e-08,9.99999993922529e-09,0.0007485384121537209,0.575228750705719,647.6359252929688
bandmf_ime_sep,401,0.49990009092888893,1.8418263564422319e-06,2.1465996457162648e-08,3.327851572976215e-06,0.0007464787922799587,0.5751326680183411,393.456787109375
bandmf_ime_sep,402,0.49994213781416547,1.8417597377742e-06,2.1501441555107324e-08,2.3537022570963018e-06,0.000745174998883158,0.5759458541870117,264.8135070800781
bandmf_ime_sep,403,0.4999900199999927,1.841811551830085e-06,2.1537392470669414e-08,3.321153599245008e-06,0.0007457035826519132,0.576381266117096,495.5030822753906
bandmf_ime_sep,404,0.4999682421493393,1.8421315931741526e-06,2.1570573223046236e-08,4.061241270392202e-06,0.0007434491417370737,0.5775485038757324,369.2417297363281
bandmf_ime_sep,405,0.49991401566478255,1.8418795208137788e-06,2.1602163189647837e-08,3.314509285701206e-06,0.0007425107178278267,0.5770131945610046,348.056640625
bandmf_ime_sep,406,0.49989883661194817,1.841978203098267e-06,2.1635799193011566e-08,2.34430603995861e-06,0.0007437055464833975,0.5767773389816284,1411.43017578125
bandmf_ime_sep,407,0.49996209781418005,1.8410467245893949e-06,2.1669869400528277e-08,2.3419802346325014e-06,0.0007416697917506099,0.5778867602348328,613.860107421875
bandmf_ime_sep,408,0.49991517908919136,1.8419968254543793e-06,2.170219726350611e-08,3.304642405055347e-06,0.000742978707421571,0.577862560749054,641.728759765625
bandmf_ime_sep,409,0.49996209781418005,1.8425183496198362e-06,2.1735672352532242e-08,9.99999993922529e-09,0.0007448606193065643,0.5782598257064819,113116.15625
bandmf_ime_sep,410,0.4999355026593337,1.8424611202747543e-06,2.1769101935691165e-08,4.6601176109106746e-06,0.0007424797513522208,0.5791124701499939,615.2611083984375
bandmf_ime_sep,411,0.4999500818214573,1.8419627368934944e-06,2.180224211149163e-08,4.6555396693293005e-06,0.0007401502807624638,0.5794584155082703,434.75555419921875
bandmf_ime_sep,412,0.49989107438972025,1.8417731773330736e-06,2.1834081379874707e-08,4.029205683764303e-06,0.0007410760154016316,0.5796082019805908,420.43780517578125
bandmf_ime_sep,413,0.49993257591980517,1.8421060601818792e-06,2.1865815873315836e-08,3.2884563552215695e-06,0.0007403751951642334,0.5791350603103638,623.3480224609375
bandmf_ime_sep,414,0.49992174152999763,1.8424546410417484e-06,2.18990569031637e-08,3.2852572076080833e-06,0.0007397689041681588,0.5800618529319763,358.7181701660156
bandmf_ime_sep,415,0.49998743865208556,1.8420688723969589e-06,2.1931014791039868e-08,9.99999993922529e-09,0.0007369454833678901,0.5806655287742615,167905.203125
bandmf_ime_sep,416,0.49997136885243815,1.8416998423604984e-06,2.196332092627819e-08,9.99999993922529e-09,0.0007379560265690088,0.581332266330719,84504.1796875
bandmf_ime_sep,417,0.49994177424403774,1.8420571435522585e-06,2.199471351782053e-08,4.628446276910836e-06,0.0007390084210783243,0.581176221370697,300.7814636230469
bandmf_ime_sep,418,0.4999604617486051,1.8420911427478568e-06,2.2026800769953973e-08,9.99999993922529e-09,0.0007380903116427362,0.5816086530685425,226999.8125
bandmf_ime_sep,419,0.4999446464480471,1.841739092090479e-06,2.205982572602769e-08,2.1659225240000524e-06,0.0007370455423370004,0.5815890431404114,481.1134033203125
bandmf_ime_sep,420,0.4999314852094218,1.842108564119843e-06,2.2092160594608707e-08,9.99999993922529e-09,0.0007343525649048388,0.5826448202133179,32266.103515625
bandmf_ime_sep,421,0.49992681333328,1.8418534336162083e-06,2.2124220536978867e-08,3.263210373916081e-06,0.0007369377417489886,0.5828624963760376,280.3253479003906
bandmf_ime_sep,422,0.49992046903455045,1.8425034901373863e-06,2.2156400977416714e-08,9.99999993922529e-09,0.0007353542605414987,0.5833887457847595,108483.140625
bandmf_ime_sep,423,0.4998718051729485,1.8422254851846893e-06,2.2188551238050434e-08,2.3059899376676185e-06,0.0007368476362898946,0.5833824276924133,357.9442138671875
bandmf_ime_sep,424,0.49995449919850965,1.8420332553400655e-06,2.22206248782887e-08,4.597628503688611e-06,0.0007337115821428597,0.58403480052948,197.8559112548828
bandmf_ime_sep,425,0.49994251956279967,1.8418961585613147e-06,2.2251202608506312e-08,1.994624199141981e-06,0.0007339741569012403,0.5844405293464661,995.0665893554688
bandmf_ime_sep,426,0.4998744592348812,1.8416744842980015e-06,2.2285929560304674e-08,9.99999993922529e-09,0.0007349748630076647,0.5836715698242188,41342.17578125
bandmf_ime_sep,427,0.499844828269468,1.8418862336984513e-06,2.2316407929890766e-08,3.244782192268758e-06,0.0007323008612729609,0.5850273966789246,433.5437927246094
bandmf_ime_sep,428,0.4999122705281692,1.8417266088172054e-06,2.2348212377518837e-08,4.5803876673744526e-06,0.0007308613858185709,0.5855616331100464,349.4585266113281
bandmf_ime_sep,429,0.4999167242622344,1.8420521563563912e-06,2.237873034372218e-08,9.99999993922529e-09,0.0007325625629164279,0.5863986015319824,222272.125
bandmf_ime_sep,430,0.49993037632053217,1.8421211455874263e-06,2.24132008786196e-08,3.2357256714021787e-06,0.0007314305403269827,0.5852638483047485,621.2826538085938
bandmf_ime_sep,431,0.49990487187606913,1.8423614664252932e-06,2.244515615252198e-08,9.99999993922529e-09,0.0007320541189983487,0.5862375497817993,134320.59375
bandmf_ime_sep,432,0.49990285406186,1.8419491131102452e-06,2.247522246735875e-08,3.609784471336752e-06,0.0007313885726034641,0.5870691537857056,300.3909912109375
bandmf_ime_sep,433,0.4998834757740499,1.8421536646646434e-06,2.2505942213609617e-08,2.2846008960186737e-06,0.0007286994368769228,0.5874053835868835,623.1830444335938
bandmf_ime_sep,434,0.4999780585427891,1.8419609831939158e-06,2.2539531675595297e-08,3.2238092444458744e-06,0.000730877451132983,0.5872250199317932,528.8733520507812
bandmf_ime_sep,435,0.4999234139525854,1.841936943770951e-06,2.257046128493604e-08,4.550839094008552e-06,0.0007299548597075045,0.5876918435096741,394.0253601074219
bandmf_ime_sep,436,0.4998946737339852,1.841955267210041e-06,2.2600872716662285e-08,4.546681338979397e-06,0.0007317179115489125,0.5877019762992859,543.1074829101562
bandmf_ime_sep,437,0.4998887111838898,1.8422779039905459e-06,2.2632520562751585e-08,4.542539045360172e-06,0.0007282411679625511,0.5887162089347839,276.32745361328125
bandmf_ime_sep,438,0.49994631887063484,1.8419904311509862e-06,2.2664301310156655e-08,1.6110354863485554e-06,0.0007313516107387841,0.5892810821533203,1689.9197998046875
bandmf_ime_sep,439,0.4999349027686229,1.842136639743717e-06,2.2695943160229476e-08,7.340203865169315e-06,0.0007289335480891168,0.5888757109642029,282.9304504394531
bandmf_ime_sep,440,0.49991272499082895,1.8419434326964124e-06,2.2726308729366995e-08,3.206266910638078e-06,0.0007275945972651243,0.5895681381225586,437.5933532714844
bandmf_ime_sep,441,0.49992754047353555,1.8419034231794966e-06,2.2758720667122142e-08,9.99999993922529e-09,0.0007275055395439267,0.5899899005889893,84454.6875
bandmf_ime_sep,442,0.49988103985419385,1.8416604358920837e-06,2.278926842625144e-08,3.200505943823373e-06,0.0007257889374159276,0.5903306007385254,656.7073364257812
bandmf_ime_sep,443,0.49995340848812636,1.8419079637097656e-06,2.282042768581421e-08,2.264002887386596e-06,0.0007272704388014972,0.5893948674201965,538.7045288085938
bandmf_ime_sep,444,0.4999030540254303,1.8423603933985105e-06,2.2850340045623446e-08,2.768107151496224e-06,0.0007245037704706192,0.5908473134040833,1062.58740234375
bandmf_ime_sep,445,0.49991712418937495,1.8419322106528598e-06,2.288327983889939e-08,3.1919444154482335e-06,0.0007249490590766072,0.5909056067466736,498.358154296875
bandmf_ime_sep,446,0.4999312307103324,1.8420483518347974e-06,2.2915076731623406e-08,3.519643769323011e-06,0.0007249729242175817,0.5915250778198242,636.4965209960938
bandmf_ime_sep,447,0.4999396291802839,1.8418992042863814e-06,2.2944130151259033e-08,3.1862887226452585e-06,0.0007245450979098678,0.5905988812446594,387.4851379394531
bandmf_ime_sep,448,0.499936029836019,1.8423359377417185e-06,2.297295583588492e-08,3.1834761102800258e-06,0.000727325037587434,0.591766357421875,606.5682373046875
bandmf_ime_sep,449,0.4999195237522182,1.8423281643331076e-06,2.300474489078782e-08,1.5953371530486038e-06,0.0007258763653226197,0.5919562578201294,1183.88720703125
bandmf_ime_sep,450,0.49991070717661984,1.8422356549153797e-06,2.3036133735233192e-08,9.99999993922529e-09,0.0007246621535159647,0.591519296169281,81302.734375
bandmf_ime_sep,451,0.49994426469941294,1.842114090808791e-06,2.3066501438218766e-08,9.99999993922529e-09,0.0007244000444188714,0.5925880670547485,125043.5703125
bandmf_ime_sep,452,0.49995082714021916,1.8419622658147592e-06,2.309723954498025e-08,3.1723291158414213e-06,0.0007237344980239868,0.5931292176246643,400.8915100097656
bandmf_ime_sep,453,0.49996866025498626,1.8420349219853094e-06,2.3127071986208006e-08,3.0692381187691353e-06,0.0007225225563161075,0.5931122303009033,796.7796020507812
bandmf_ime_sep,454,0.499933830236746,1.8418572106264655e-06,2.3158307431143218e-08,2.7438829874881776e-06,0.0007190996548160911,0.5931466817855835,446.13623046875
bandmf_ime_sep,455,0.4999450100181749,1.84188153549013e-06,2.3189719143329116e-08,9.99999993922529e-09,0.0007223130669444799,0.5942462682723999,80751.8984375
bandmf_ime_sep,456,0.5000008180327875,1.8418208760485149e-06,2.321973990719596e-08,4.027188879263122e-06,0.0007220457773655653,0.5939335823059082,372.9779052734375
bandmf_ime_sep,457,0.49995046357009143,1.8418901794251554e-06,2.325068225494694e-08,9.99999993922529e-09,0.0007219923427328467,0.5940189957618713,44024.09375
bandmf_ime_sep,458,0.4999381748997728,1.8417850976905378e-06,2.3279770937106153e-08,9.99999993922529e-09,0.0007202633423730731,0.5945952534675598,52154.42578125
bandmf_ime_sep,459,0.49996635158467495,1.841902186803094e-06,2.3310750018311376e-08,5.454191523313057e-06,0.000720126205123961,0.5955951809883118,335.128662109375
bandmf_ime_sep,460,0.4999582985063448,1.8418186114083905e-06,2.3342004143841027e-08,9.99999993922529e-09,0.0007209545001387596,0.5952067971229553,173638.890625
bandmf_ime_sep,461,0.49995877114751097,1.841402377259533e-06,2.3371698439933513e-08,9.99999993922529e-09,0.0007193656638264656,0.5955221652984619,16429.392578125
bandmf_ime_sep,462,0.4999337211657076,1.8410067203377256e-06,2.3402083118471977e-08,3.145155460515525e-06,0.0007162797264754772,0.596220850944519,1031.529541015625
bandmf_ime_sep,463,0.5000052535883462,1.8420498230479705e-06,2.3433414752431287e-08,3.142490868413006e-06,0.0007218174869194627,0.5968260765075684,383.68988037109375
bandmf_ime_sep,464,0.4999263770491267,1.8419098824435045e-06,2.3462321761758943e-08,1.5749180874990998e-06,0.0007185375434346497,0.5968467593193054,967.364501953125
bandmf_ime_sep,465,0.4999461916210901,1.840864661834373e-06,2.34952751589941e-08,9.99999993922529e-09,0.0007178417290560901,0.5975529551506042,27966.48828125
bandmf_ime_sep,466,0.4999486457194526,1.8407193363894112e-06,2.352418678109997e-08,9.99999993922529e-09,0.0007216943195089698,0.5968645215034485,252046.671875
bandmf_ime_sep,467,0.4999556626229185,1.8408416820126585e-06,2.355550698542153e-08,3.1319275421992643e-06,0.0007139134686440229,0.5980356931686401,1145.7952880859375
bandmf_ime_sep,468,0.4999339029507715,1.8403195316383878e-06,2.3585535772678742e-08,2.2156850718602072e-06,0.0007181630353443325,0.5977896451950073,783.8995361328125
bandmf_ime_sep,469,0.4999300491074172,1.840432817253618e-06,2.3617495888973186e-08,3.126701585642877e-06,0.0007145305280573666,0.598843514919281,533.1539306640625
bandmf_ime_sep,470,0.49994451919850236,1.8395964894878209e-06,2.3646318610046136e-08,9.99999993922529e-09,0.0007193608325906098,0.597996711730957,167301.078125
bandmf_ime_sep,471,0.49992217781415094,1.839345976512338e-06,2.3676219109691653e-08,2.2101710328570334e-06,0.0007160332170315087,0.5985815525054932,928.75146484375
bandmf_ime_sep,472,0.49991601530048524,1.8383627250706807e-06,2.3706545338146712e-08,4.863816684519406e-06,0.000716451439075172,0.5983492732048035,342.19561767578125
bandmf_ime_sep,473,0.4999563170491485,1.8374235389349203e-06,2.3737484185080095e-08,3.11635858452064e-06,0.000715794856660068,0.5988041162490845,266.1739807128906
bandmf_ime_sep,474,0.499945391766809,1.836983894102955e-06,2.376878157536114e-08,9.99999993922529e-09,0.0007171614561229944,0.5991982221603394,252972.21875
bandmf_ime_sep,475,0.4999345573770015,1.8358357289922134e-06,2.379970150904412e-08,5.381506980484119e-06,0.0007165644783526659,0.5987676978111267,222.3663787841797
bandmf_ime_sep,476,0.49994551901635376,1.834376455900157e-06,2.38295307340908e-08,4.909467406832846e-06,0.0007161070825532079,0.5984178185462952,254.82443237304688
bandmf_ime_sep,477,0.49991443377042943,1.833021809022702e-06,2.3861874572293448e-08,3.471610398264602e-06,0.0007157720974646509,0.5993363857269287,192.36117553710938
bandmf_ime_sep,478,0.49996187967210337,1.8307742046206735e-06,2.3892179946626202e-08,6.752411081833998e-06,0.0007154560298658907,0.5987966060638428,262.5294494628906
bandmf_ime_sep,479,0.4999449554826557,1.8279388003626424e-06,2.3921913322043448e-08,2.195745537392213e-06,0.000711999658960849,0.5993086099624634,725.2260131835938
bandmf_ime_sep,480,0.4999555171948674,1.8246798203396892e-06,2.3954197364752515e-08,4.893506229564082e-06,0.0007143273833207786,0.5988659858703613,285.2183532714844
bandmf_ime_sep,481,0.4999261952640628,1.8204861526062017e-06,2.3985756201615274e-08,2.1922010091657285e-06,0.0007130858139134943,0.5990071892738342,372.3853454589844
bandmf_ime_sep,482,0.4999700418214718,1.8142702687221323e-06,2.401769133113493e-08,3.0936046186980093e-06,0.0007145133567973971,0.5976570844650269,429.3578186035156
bandmf_ime_sep,483,0.4999906744262227,1.807826944528707e-06,2.4048553310864426e-08,3.09111965179909e-06,0.0007122487877495587,0.5966542959213257,1028.8472900390625
bandmf_ime_sep,484,0.4999451372677196,1.7998945876377325e-06,2.4082523080045905e-08,1.8952763412016793e-06,0.0007128466968424618,0.5960819721221924,800.3387451171875
bandmf_ime_sep,485,0.49994753683056287,1.788479852193811e-06,2.411767243019487e-08,4.360368620837107e-06,0.0007141201058402658,0.5940956473350525,497.5465087890625
bandmf_ime_sep,486,0.49991654247717054,1.764343400790622e-06,2.4146496801418962e-08,3.083715455431957e-06,0.000711442728061229,0.5900509357452393,434.905517578125
bandmf_ime_sep,487,0.4999296855372894,1.72333637950363e-06,2.4171756891680952e-08,9.99999993922529e-09,0.0007098542409949005,0.58428555727005,78351.6875
bandmf_ime_sep,488,0.49992281406187455,1.7025338148059394e-06,2.421644070057236e-08,9.99999993922529e-09,0.0007089302525855601,0.581194281578064,23405.818359375
