target_r,strategy,prefix,J_k,D_k,R_k
0.01,decayed-prefix,1,4.062925063050027e-05,4.062925063050027e-05,1.0
0.01,decayed-prefix,2,4.746252359393353e-05,4.3061075040879774e-05,1.1022140889161562
0.01,decayed-prefix,3,4.941599370985029e-05,4.352892913550565e-05,1.135244874874321
0.01,decayed-prefix,4,5.0183109601658726e-05,4.3687852153194854e-05,1.1486742224288744
0.01,decayed-prefix,5,5.050109679026013e-05,4.374484251166389e-05,1.1544468762642086
0.01,decayed-prefix,6,5.066841502410832e-05,4.3772169310593154e-05,1.157548639286795
0.01,decayed-prefix,7,5.081103335055273e-05,4.3797817605844364e-05,1.1601270594764186
0.01,decayed-prefix,8,5.093701909634122e-05,4.381936294338846e-05,1.1624317579000012
0.01,decayed-prefix,9,5.104824602484218e-05,4.383734391778878e-05,1.164492221987183
0.01,decayed-prefix,10,5.114485144962512e-05,4.3852367299171214e-05,1.1662962480612016
0.01,decayed-prefix,11,5.1227685237507134e-05,4.3864376183282094e-05,1.1678653544155815
0.01,decayed-prefix,12,5.12946242505039e-05,4.3874240709697035e-05,1.1691284776847848
0.01,decayed-prefix,13,5.135580644487181e-05,4.388312670807278e-05,1.1702859458148944
0.01,decayed-prefix,14,5.141216938613948e-05,4.389125278437849e-05,1.1713534274974668
0.01,decayed-prefix,15,5.1455765234597464e-05,4.389843910131543e-05,1.172154780169748
0.01,decayed-prefix,16,5.149421794942429e-05,4.3905067669534805e-05,1.1728536290391713
0.01,decayed-prefix,17,5.152806970710231e-05,4.391075648240086e-05,1.1734726029544587
0.01,decayed-prefix,18,5.155743871208796e-05,4.3916004433486975e-05,1.1740011273150845
0.01,decayed-prefix,19,5.158283357433525e-05,4.3920914451207234e-05,1.1744480782985478
0.01,decayed-prefix,20,5.160623643280526e-05,4.3925629353776434e-05,1.1748547987137377
0.01,decayed-prefix,21,5.1628746527114487e-05,4.3930120232901015e-05,1.175247102748598
0.01,decayed-prefix,22,5.1651310164029196e-05,4.393450065213834e-05,1.1756435010606014
0.01,decayed-prefix,23,5.167202380722614e-05,4.393866545311114e-05,1.176003487460665
0.01,decayed-prefix,24,5.16924975821461e-05,4.394276062305949e-05,1.1763598110178777
0.01,decayed-prefix,25,5.171107297182309e-05,4.394674605158764e-05,1.1766758091969123
0.01,decayed-prefix,26,5.1728881588844606e-05,4.395069349631748e-05,1.1769753210647027
0.01,decayed-prefix,27,5.174528081075317e-05,4.3954566674913326e-05,1.1772447034561786
0.01,decayed-prefix,28,5.1761565408789674e-05,4.395839469873197e-05,1.1775126403849956
0.01,decayed-prefix,29,5.177800638516154e-05,4.396219573285208e-05,1.1777848108362081
0.01,decayed-prefix,30,5.1792671728848585e-05,4.396597865876986e-05,1.1780170329159168
0.01,decayed-prefix,31,5.180656378387175e-05,4.396971328420606e-05,1.1782329224894148
0.01,decayed-prefix,32,5.181909693613503e-05,4.39732564157967e-05,1.1784230043404254
0.01,decayed-prefix,33,5.1830362016653244e-05,4.397682799816657e-05,1.1785834580614611
0.01,decayed-prefix,34,5.1840272801190287e-05,4.3980354251683485e-05,1.1787143074047872
0.01,decayed-prefix,35,5.1850353438740216e-05,4.3983806681487134e-05,1.1788509760926202
0.01,decayed-prefix,36,5.186074268713568e-05,4.398726316535386e-05,1.1789945305800087
0.01,decayed-prefix,37,5.187081203473017e-05,4.3990732857440935e-05,1.179130436467742
0.01,decayed-prefix,38,5.187957256448145e-05,4.399416921521792e-05,1.179237464644199
0.01,decayed-prefix,39,5.188867323511212e-05,4.3997621403237385e-05,1.17935178266919
0.01,decayed-prefix,40,5.1897588530569474e-05,4.4001078193945494e-05,1.1794617464103534
0.01,decayed-prefix,41,5.1906039746231826e-05,4.4004532791454605e-05,1.1795612054836233
0.01,decayed-prefix,42,5.1914514554284765e-05,4.400799465765908e-05,1.179660990193509
0.01,decayed-prefix,43,5.1923575645789984e-05,4.4011454288243006e-05,1.1797741402892152
0.01,decayed-prefix,44,5.1931630996271626e-05,4.401495844579283e-05,1.1798632290026734
0.01,decayed-prefix,45,5.193892698559747e-05,4.401846946779979e-05,1.1799348685576545
0.01,decayed-prefix,46,5.19460974414707e-05,4.402200423260963e-05,1.1800030086542774
0.01,decayed-prefix,47,5.195304405613268e-05,4.402555574154577e-05,1.1800656046484825
0.01,decayed-prefix,48,5.196039461389503e-05,4.4029128375535484e-05,1.1801367987735707
0.01,decayed-prefix,49,5.1968441034350975e-05,4.403274300950502e-05,1.180222658922996
0.01,decayed-prefix,50,5.197697839831942e-05,4.403634903480291e-05,1.1803198843128628
0.01,decayed-prefix,51,5.198551023283269e-05,4.4039990771007876e-05,1.1804160110554667
0.01,decayed-prefix,52,5.199236630116221e-05,4.4043638643058594e-05,1.1804739095814092
0.01,decayed-prefix,53,5.199789428133129e-05,4.404725953823775e-05,1.1805023701007218
0.01,decayed-prefix,54,5.2002977538073994e-05,4.405089915153241e-05,1.1805202286379426
0.01,decayed-prefix,55,5.2008491148668815e-05,4.405458724799831e-05,1.1805465536629651
0.01,decayed-prefix,56,5.201439037017082e-05,4.405830155970552e-05,1.180580924112193
0.01,decayed-prefix,57,5.2021039315254295e-05,4.4062021736045946e-05,1.1806321468153897
0.01,decayed-prefix,58,5.202792349613365e-05,4.4065780316458495e-05,1.1806876701716165
0.01,decayed-prefix,59,5.203454956795969e-05,4.406956235725426e-05,1.1807366986342291
0.01,decayed-prefix,60,5.204158562967983e-05,4.4073382300828916e-05,1.180794005653182
0.01,decayed-prefix,61,5.204817693854121e-05,4.407723123796844e-05,1.1808404356784221
0.01,decayed-prefix,62,5.2054494011062194e-05,4.408111349006623e-05,1.1808797439473206
0.01,decayed-prefix,63,5.2060095649441526e-05,4.408502600399069e-05,1.1809020061534932
0.01,decayed-prefix,64,5.206526044184334e-05,4.408897715783937e-05,1.1809133211561866
0.01,decayed-prefix,65,5.2070835582105014e-05,4.4092964453453194e-05,1.1809329725850861
0.01,decayed-prefix,66,5.2076377712916405e-05,4.409697992848598e-05,1.1809511172277778
0.01,decayed-prefix,67,5.208171123973543e-05,4.41010317381503e-05,1.1809635554326798
0.01,decayed-prefix,68,5.208676812951875e-05,4.410511362450694e-05,1.1809689137854713
0.01,decayed-prefix,69,5.2091702702061625e-05,4.410922715790842e-05,1.1809706507796298
0.01,decayed-prefix,70,5.209691632304302e-05,4.41133717971811e-05,1.1809778804161164
0.01,decayed-prefix,71,5.2102266262282374e-05,4.411756293941691e-05,1.1809869537406275
0.01,decayed-prefix,72,5.2107615824385695e-05,4.412178722971791e-05,1.1809951295284111
0.01,decayed-prefix,73,5.211369089251675e-05,4.412605565120854e-05,1.1810185642797066
0.01,decayed-prefix,74,5.2119544879561725e-05,4.413036813894646e-05,1.181035805444926
0.01,decayed-prefix,75,5.212490676060427e-05,4.413471093996623e-05,1.1810410819616928
0.01,decayed-prefix,76,5.213019279771624e-05,4.413907813124388e-05,1.1810439865262126
0.01,decayed-prefix,77,5.213569242063819e-05,4.414347876628887e-05,1.1810508341823922
0.01,decayed-prefix,78,5.2140991089785895e-05,4.414790928930542e-05,1.1810523290718267
0.01,decayed-prefix,79,5.2145722496109594e-05,4.415236654331617e-05,1.1810402607740504
0.01,decayed-prefix,80,5.214991836417967e-05,4.415686411037077e-05,1.1810149886058516
0.01,decayed-prefix,81,5.215482585553662e-05,4.416138854183784e-05,1.181005117312512
0.01,decayed-prefix,82,5.21597341368814e-05,4.416595525545608e-05,1.1809941353060127
0.01,decayed-prefix,83,5.216465400587615e-05,4.4170551939318284e-05,1.1809826165980495
0.01,decayed-prefix,84,5.216892363692741e-05,4.4175193759378255e-05,1.1809551740981807
0.01,decayed-prefix,85,5.2172995134709155e-05,4.417986145616626e-05,1.1809225609834337
0.01,decayed-prefix,86,5.2177017366090505e-05,4.418456715523108e-05,1.1808878240852743
0.01,decayed-prefix,87,5.218071515258495e-05,4.4189310416532803e-05,1.180844748667141
0.01,decayed-prefix,88,5.218441145945589e-05,4.419408609607538e-05,1.1808007828470535
0.01,decayed-prefix,89,5.2188168365720185e-05,4.419889780431969e-05,1.1807572350960227
0.01,decayed-prefix,90,5.219196735468135e-05,4.420373387934189e-05,1.1807139979881354
0.01,decayed-prefix,91,5.219577455574973e-05,4.420859945538062e-05,1.1806701682198846
0.01,decayed-prefix,92,5.2199402267874724e-05,4.4213501294102744e-05,1.180621320185677
0.01,decayed-prefix,93,5.220300757737657e-05,4.4218447853500917e-05,1.1805707823650686
0.01,decayed-prefix,94,5.220653763243446e-05,4.42234226677906e-05,1.1805177999137146
0.01,decayed-prefix,95,5.2210095819257446e-05,4.4228433005992055e-05,1.1804645172978214
0.01,decayed-prefix,96,5.2213918495952835e-05,4.423346239148082e-05,1.1804167178649125
0.01,decayed-prefix,97,5.2217879276319504e-05,4.4238529435123135e-05,1.1803710463047439
0.01,decayed-prefix,98,5.222267813818351e-05,4.4243620864742576e-05,1.1803436770655311
0.01,decayed-prefix,99,5.222744839210813e-05,4.424875346812636e-05,1.1803145693071118
0.01,decayed-prefix,100,5.2231748018554224e-05,4.425390775555478e-05,1.1802742552604988
0.01,decayed-prefix,101,5.223608513386842e-05,4.4259102571037145e-05,1.180233716895366
0.01,decayed-prefix,102,5.224015266795918e-05,4.426433277065637e-05,1.18018615436106
0.01,decayed-prefix,103,5.22439572284794e-05,4.426959357166825e-05,1.1801318470182343
0.01,decayed-prefix,104,5.224820312905791e-05,4.4274888606912015e-05,1.1800866083015087
0.01,decayed-prefix,105,5.225292745199395e-05,4.428020789085671e-05,1.180051538619436
0.01,decayed-prefix,106,5.22577517701342e-05,4.428556532193552e-05,1.1800177188717043
0.01,decayed-prefix,107,5.226257043114274e-05,4.4290957540133357e-05,1.1799828527930576
0.01,decayed-prefix,108,5.226721286821031e-05,4.42963950704693e-05,1.1799428099072298
0.01,decayed-prefix,109,5.2271266156086945e-05,4.4301867391552466e-05,1.1798885517420445
0.01,decayed-prefix,110,5.2275088501605374e-05,4.430736500789921e-05,1.1798284211278567
0.01,decayed-prefix,111,5.227957386418781e-05,4.431289588057273e-05,1.1797823822005675
0.01,decayed-prefix,112,5.228465912494636e-05,4.4318460020274326e-05,1.1797490052909723
0.01,decayed-prefix,113,5.2290636208351534e-05,4.4324045787900575e-05,1.1797351816342012
0.01,decayed-prefix,114,5.229640950492274e-05,4.4329659575911136e-05,1.1797160186932893
0.01,decayed-prefix,115,5.2301466864203214e-05,4.433530666510158e-05,1.1796798262674966
0.01,decayed-prefix,116,5.2306088594798805e-05,4.434098004944858e-05,1.179633118989874
0.01,decayed-prefix,117,5.231051831285498e-05,4.4346681919397494e-05,1.1795813361624707
0.01,decayed-prefix,118,5.2314740582686845e-05,4.435241690239127e-05,1.1795240087551189
0.01,decayed-prefix,119,5.2319116838386634e-05,4.4358173929471924e-05,1.1794695814478828
0.01,decayed-prefix,120,5.2323185640845626e-05,4.436397459928487e-05,1.1794070777799304
0.01,decayed-prefix,121,5.2327581376950836e-05,4.4369802826640665e-05,1.1793512263600174
0.01,decayed-prefix,122,5.2332699280298495e-05,4.437565907489576e-05,1.1793109188975224
0.01,decayed-prefix,123,5.2337753352897335e-05,4.438154573049943e-05,1.1792683758855727
0.01,decayed-prefix,124,5.2342793242876354e-05,4.438747191160678e-05,1.1792244745794895
0.01,decayed-prefix,125,5.2347116491119186e-05,4.43934326120093e-05,1.1791635251237198
0.01,decayed-prefix,126,5.235140826543939e-05,4.4399418783576705e-05,1.1791012067212943
0.01,decayed-prefix,127,5.235583666942797e-05,4.440544030200743e-05,1.1790410434700975
0.01,decayed-prefix,128,5.2360765437477175e-05,4.4411493717695096e-05,1.1789913163090664
0.01,decayed-prefix,129,5.236562705127289e-05,4.441757930684383e-05,1.178939236862114
0.01,decayed-prefix,130,5.237038094484836e-05,4.442370094773041e-05,1.1788837901296907
0.01,decayed-prefix,131,5.237508041893121e-05,4.4429844836556234e-05,1.1788265435452918
0.01,decayed-prefix,132,5.237899517157123e-05,4.44360239482004e-05,1.1787507188453683
0.01,decayed-prefix,133,5.2383951215399446e-05,4.444224595843883e-05,1.1786972077060975
0.01,decayed-prefix,134,5.2389294903787326e-05,4.444849477309113e-05,1.1786517219814496
0.01,decayed-prefix,135,5.239485830320394e-05,4.445477690562608e-05,1.1786103080538233
0.01,decayed-prefix,136,5.240034380699734e-05,4.4461084876646544e-05,1.1785664689104547
0.01,decayed-prefix,137,5.2405092538177185e-05,4.4467433403893286e-05,1.1785049985275051
0.01,decayed-prefix,138,5.2409415896821714e-05,4.4473804840913987e-05,1.1784333740792807
0.01,decayed-prefix,139,5.2414043115735323e-05,4.448021413026448e-05,1.1783675987313345
0.01,decayed-prefix,140,5.2418470825696524e-05,4.448666356485214e-05,1.1782962943328281
0.01,decayed-prefix,141,5.242335638734287e-05,4.4493139597859635e-05,1.1782345966402588
0.01,decayed-prefix,142,5.2428158341705247e-05,4.449964983636172e-05,1.178170132450457
0.01,decayed-prefix,143,5.243310543202622e-05,4.450619066121384e-05,1.1781081385093808
0.01,decayed-prefix,144,5.243746305851794e-05,4.451276112962617e-05,1.1780321356793424
0.01,decayed-prefix,145,5.244171448484666e-05,4.451935067334785e-05,1.1779532650785414
0.01,decayed-prefix,146,5.244630178581785e-05,4.452597766348977e-05,1.1778809705692899
0.01,decayed-prefix,147,5.2450802324256045e-05,4.453264729811016e-05,1.1778056214161314
0.01,decayed-prefix,148,5.245562789959892e-05,4.45393512162054e-05,1.1777366860367113
0.01,decayed-prefix,149,5.2461123724347314e-05,4.4546092806039516e-05,1.177681821675608
0.01,decayed-prefix,150,5.246713671990561e-05,4.455286260982156e-05,1.177637836190112
0.01,decayed-prefix,151,5.2473689568173765e-05,4.455966272985276e-05,1.1776051781697845
0.01,decayed-prefix,152,5.2479877367157736e-05,4.4566497440903864e-05,1.1775634250088238
0.01,decayed-prefix,153,5.248630980718566e-05,4.4573372817292285e-05,1.1775260988736205
0.01,decayed-prefix,154,5.249174385354523e-05,4.458026278996341e-05,1.1774660033041118
0.01,decayed-prefix,155,5.249739817303903e-05,4.458719286102416e-05,1.1774098077147523
0.01,decayed-prefix,156,5.250262176402458e-05,4.459415452872027e-05,1.177343136536224
0.01,decayed-prefix,157,5.2507412080570856e-05,4.460113968106683e-05,1.1772661518526226
0.01,decayed-prefix,158,5.251200888250929e-05,4.460816017030806e-05,1.1771839206554449
0.01,decayed-prefix,159,5.251648178667041e-05,4.461520951483063e-05,1.177098177006505
0.01,decayed-prefix,160,5.2521369550594994e-05,4.46222941056163e-05,1.1770208278911525
0.01,decayed-prefix,161,5.252568836348512e-05,4.462940879508288e-05,1.176929961242781
0.01,decayed-prefix,162,5.253023529692762e-05,4.4636556354851265e-05,1.1768433675600614
0.01,decayed-prefix,163,5.253515216561943e-05,4.464372961327587e-05,1.1767644106059827
0.01,decayed-prefix,164,5.254009628594056e-05,4.465092930607022e-05,1.1766853927225613
0.01,decayed-prefix,165,5.254460384096094e-05,4.465816433564139e-05,1.1765956935902409
0.01,decayed-prefix,166,5.254968116427288e-05,4.466542518781884e-05,1.1765180997001734
0.01,decayed-prefix,167,5.25543563254449e-05,4.4672720129695555e-05,1.1764306308831671
0.01,decayed-prefix,168,5.2559692539994037e-05,4.468004951431022e-05,1.176357079084259
0.01,decayed-prefix,169,5.25647618815748e-05,4.468741426909347e-05,1.1762766483879876
0.01,decayed-prefix,170,5.257041874542956e-05,4.469479914658905e-05,1.176208859849895
0.01,decayed-prefix,171,5.257561056127974e-05,4.4702213830854776e-05,1.176129906232754
0.01,decayed-prefix,172,5.258082370414733e-05,4.4709653731360286e-05,1.1760507925219301
0.01,decayed-prefix,173,5.258576357837479e-05,4.4717140563507176e-05,1.1759643598787946
0.01,decayed-prefix,174,5.259061730550588e-05,4.472465313783799e-05,1.175875353206778
0.01,decayed-prefix,175,5.259548172305086e-05,4.473219971257686e-05,1.175785721717217
0.01,decayed-prefix,176,5.260001403285323e-05,4.4739775325001276e-05,1.1756879342990247
0.01,decayed-prefix,177,5.2604986916627726e-05,4.4747372080458936e-05,1.1755994703340398
0.01,decayed-prefix,178,5.260998382269215e-05,4.475500674195388e-05,1.1755105775322099
0.01,decayed-prefix,179,5.2615245106829896e-05,4.476267150682267e-05,1.1754268307871292
0.01,decayed-prefix,180,5.2619707684031844e-05,4.4770368647398354e-05,1.1753244226879875
0.01,decayed-prefix,181,5.2624846266483535e-05,4.4778098544245115e-05,1.1752362868754926
0.01,decayed-prefix,182,5.2630123891661215e-05,4.478586658844968e-05,1.1751502851400575
0.01,decayed-prefix,183,5.263504718982422e-05,4.4793659048875237e-05,1.1750557625219473
0.01,decayed-prefix,184,5.263901982082327e-05,4.480147463852976e-05,1.1749394466483283
0.01,decayed-prefix,185,5.264255781547636e-05,4.480932206739705e-05,1.1748126368950071
0.01,decayed-prefix,186,5.2646271516277706e-05,4.481721049724876e-05,1.1746887173959555
0.01,decayed-prefix,187,5.2651243080156414e-05,4.482512084465403e-05,1.1745923287663762
0.01,decayed-prefix,188,5.2656091493702146e-05,4.483307504869435e-05,1.1744920783709574
0.01,decayed-prefix,189,5.266141530125569e-05,4.4841056539585405e-05,1.1744017506538125
0.01,decayed-prefix,190,5.2667216336886965e-05,4.48490661614073e-05,1.1743213592751947
0.01,decayed-prefix,191,5.267231668587313e-05,4.4857109886234756e-05,1.1742244834644735
0.01,decayed-prefix,192,5.267706069170646e-05,4.486517509235262e-05,1.1741191376891649
0.01,decayed-prefix,193,5.268204858553554e-05,4.4873276879494344e-05,1.1740183077561148
0.01,decayed-prefix,194,5.2687261235769926e-05,4.488140325588252e-05,1.1739218788544519
0.01,decayed-prefix,195,5.2691950449682134e-05,4.4889562267873255e-05,1.1738129709362954
0.01,decayed-prefix,196,5.269715535256548e-05,4.48977589150546e-05,1.1737146046034757
0.01,decayed-prefix,197,5.270205573161057e-05,4.490598110272084e-05,1.1736088253156407
0.01,decayed-prefix,198,5.2707362085351016e-05,4.491422765729396e-05,1.1735114869951786
0.01,decayed-prefix,199,5.271297760545387e-05,4.492250601832755e-05,1.1734202358156056
0.01,decayed-prefix,200,5.2718425066057045e-05,4.493081542915028e-05,1.1733244670172247
0.01,decayed-prefix,201,5.272479316800483e-05,4.493916221761353e-05,1.1732482442082506
0.01,decayed-prefix,202,5.2731437467871804e-05,4.49475498599174e-05,1.1731771282798173
0.01,decayed-prefix,203,5.273758282517144e-05,4.4955959332184207e-05,1.1730943707704693
0.01,decayed-prefix,204,5.2743975134135846e-05,4.496440073746257e-05,1.1730163033217442
0.01,decayed-prefix,205,5.27503176540687e-05,4.4972873437899354e-05,1.1729363418797067
0.01,decayed-prefix,206,5.275640875332086e-05,4.4981373251721396e-05,1.1728501141592407
0.01,decayed-prefix,207,5.2761707563171437e-05,4.4989899647111256e-05,1.1727456157275336
0.01,decayed-prefix,208,5.276693010263699e-05,4.499846123740544e-05,1.1726385447770362
0.01,decayed-prefix,209,5.2771759698720876e-05,4.500704937576233e-05,1.1725220922200708
0.01,decayed-prefix,210,5.277664001860858e-05,4.5015675320285595e-05,1.172405826261716
0.01,decayed-prefix,211,5.278132939757545e-05,4.502431522373897e-05,1.1722850005666852
0.01,decayed-prefix,212,5.278581879076372e-05,4.5032995583682815e-05,1.172158727319709
0.01,decayed-prefix,213,5.2790503761451114e-05,4.504170838106124e-05,1.1720360008291342
0.01,decayed-prefix,214,5.279522369377684e-05,4.5050459128889154e-05,1.1719131106462188
0.01,decayed-prefix,215,5.2800029033906826e-05,4.505924415063391e-05,1.1717912723390416
0.01,decayed-prefix,216,5.2805608638657296e-05,4.506804873211611e-05,1.1716861529225093
0.01,decayed-prefix,217,5.28114757249465e-05,4.507688014706078e-05,1.171586754732183
0.01,decayed-prefix,218,5.28169361992522e-05,4.508575201735669e-05,1.171477325673069
0.01,decayed-prefix,219,5.282251720294215e-05,4.509464704452629e-05,1.1713700109635052
0.01,decayed-prefix,220,5.282803848141553e-05,4.510357481649311e-05,1.1712605640761273
0.01,decayed-prefix,221,5.283324924972961e-05,4.5112534800733976e-05,1.171143441243076
0.01,decayed-prefix,222,5.2838764411997166e-05,4.5121539983622944e-05,1.171031937987383
0.01,decayed-prefix,223,5.2844480622614127e-05,4.5130565769347485e-05,1.170924399501012
0.01,decayed-prefix,224,5.285030121085333e-05,4.5139625439646745e-05,1.170818337460864
0.01,decayed-prefix,225,5.285591060921675e-05,4.514871562033426e-05,1.1707068491979713
0.01,decayed-prefix,226,5.286183979039564e-05,4.515783328650329e-05,1.170601774779901
0.01,decayed-prefix,227,5.2868146562255146e-05,4.516697247420981e-05,1.1705045449402809
0.01,decayed-prefix,228,5.287323337822278e-05,4.517614506188107e-05,1.1703794846992466
0.01,decayed-prefix,229,5.2879185664767496e-05,4.518536283538802e-05,1.170272458747501
0.01,decayed-prefix,230,5.288502496604366e-05,4.519461885517024e-05,1.1701619862204822
0.01,decayed-prefix,231,5.289154972922002e-05,4.520388710646058e-05,1.1700664061179975
0.01,decayed-prefix,232,5.289859644381255e-05,4.521318279931793e-05,1.1699816993332874
0.01,decayed-prefix,233,5.290525149040287e-05,4.522251378717734e-05,1.169887453390615
0.01,decayed-prefix,234,5.29117607814073e-05,4.52318805131838e-05,1.169789099659145
0.01,decayed-prefix,235,5.291781808834809e-05,4.524127189414213e-05,1.1696801586871373
0.01,decayed-prefix,236,5.292315393412668e-05,4.52506877219403e-05,1.169554687418956
0.01,decayed-prefix,237,5.292851010652617e-05,4.52601394287611e-05,1.1694287904224199
0.01,decayed-prefix,238,5.2934217822930074e-05,4.5269627980532426e-05,1.1693097598613733
0.01,decayed-prefix,239,5.2939870059879384e-05,4.527914984687493e-05,1.1691886936683105
0.01,decayed-prefix,240,5.294563580236931e-05,4.528869703016645e-05,1.1690695311261137
0.01,decayed-prefix,241,5.2952038432128144e-05,4.5298268479457124e-05,1.1689638524735668
0.01,decayed-prefix,242,5.2958579373675274e-05,4.53078836162736e-05,1.168860144124095
0.01,decayed-prefix,243,5.296456617727236e-05,4.531751270342195e-05,1.1687438920996425
0.01,decayed-prefix,244,5.2970909197411494e-05,4.53271860711515e-05,1.1686344066066974
0.01,decayed-prefix,245,5.297663576823428e-05,4.533688742975833e-05,1.1685106493098456
0.01,decayed-prefix,246,5.2982977827081684e-05,4.5346619539232825e-05,1.168399725612227
0.01,decayed-prefix,247,5.298840343596197e-05,4.53563712623183e-05,1.168268138769388
0.01,decayed-prefix,248,5.2994423765079337e-05,4.536616941176295e-05,1.1681485223951587
0.01,decayed-prefix,249,5.300044120374131e-05,4.5375994073196946e-05,1.1680282115306435
0.01,decayed-prefix,250,5.300682686423262e-05,4.5385863857781715e-05,1.167914904745043
0.01,decayed-prefix,251,5.301271569265798e-05,4.539577032695101e-05,1.1677897590645105
0.01,decayed-prefix,252,5.301876194667767e-05,4.540569506678918e-05,1.167667665227679
0.01,decayed-prefix,253,5.302558967572108e-05,4.5415646349580653e-05,1.167562149563257
0.01,decayed-prefix,254,5.303202658232472e-05,4.542563096750535e-05,1.167447219836319
0.01,decayed-prefix,255,5.303843710690433e-05,4.543566121665188e-05,1.1673305876192703
0.01,decayed-prefix,256,5.3044450263803946e-05,4.544570858809099e-05,1.1672048233329604
0.01,decayed-prefix,257,5.305035307430852e-05,4.54557868750899e-05,1.1670758933309875
0.01,decayed-prefix,258,5.305654238722846e-05,4.5465895328498345e-05,1.1669525477038665
0.01,decayed-prefix,259,5.3062688466267056e-05,4.5476048018307974e-05,1.1668271711936098
0.01,decayed-prefix,260,5.3069324035956816e-05,4.548623503118415e-05,1.1667117315727253
0.01,decayed-prefix,261,5.3075622459615084e-05,4.54964550004024e-05,1.1665880882179864
0.01,decayed-prefix,262,5.3081653428616535e-05,4.55067054221488e-05,1.1664578425574375
0.01,decayed-prefix,263,5.308801609195297e-05,4.5516990102294316e-05,1.1663340649863627
0.01,decayed-prefix,264,5.30942453032772e-05,4.552730952404575e-05,1.1662065221586373
0.01,decayed-prefix,265,5.3100630427760305e-05,4.5537655477020265e-05,1.1660817815830804
0.01,decayed-prefix,266,5.310716453902072e-05,4.554803958983172e-05,1.1659593918258673
0.01,decayed-prefix,267,5.311366108426768e-05,4.555845610656958e-05,1.165835404080092
0.01,decayed-prefix,268,5.311976017977898e-05,4.556890893239702e-05,1.165701822235505
0.01,decayed-prefix,269,5.312537836556712e-05,4.557939472862646e-05,1.1655569074988474
0.01,decayed-prefix,270,5.313118756099909e-05,4.558991665927105e-05,1.1654153254565
0.01,decayed-prefix,271,5.313674805291405e-05,4.5600465131370225e-05,1.1652676765430479
0.01,decayed-prefix,272,5.314193719200651e-05,4.561104586108087e-05,1.1651111301824284
0.01,decayed-prefix,273,5.314706456425834e-05,4.562165286649778e-05,1.1649526315888228
0.01,decayed-prefix,274,5.315230268143036e-05,4.5632306586500564e-05,1.1647954411569115
0.01,decayed-prefix,275,5.3157369801802054e-05,4.564299218981503e-05,1.1646337641655276
0.01,decayed-prefix,276,5.316193057456398e-05,4.565371203978348e-05,1.164460198290945
0.01,decayed-prefix,277,5.316610053555644e-05,4.566447201241577e-05,1.1642771325835333
0.01,decayed-prefix,278,5.3170604709369405e-05,4.5675261567277636e-05,1.1641007163374744
0.01,decayed-prefix,279,5.317523302882285e-05,4.568608767901667e-05,1.1639261694374827
0.01,decayed-prefix,280,5.3180869081608615e-05,4.569694006197952e-05,1.163773088733699
0.01,decayed-prefix,281,5.31859402227916e-05,4.570783434339511e-05,1.1636066548945365
0.01,decayed-prefix,282,5.319131821396215e-05,4.571875998628861e-05,1.163446213981189
0.01,decayed-prefix,283,5.319623132221972e-05,4.572971974386344e-05,1.1632748160316075
0.01,decayed-prefix,284,5.3200791013417005e-05,4.574071969774267e-05,1.1630947515686443
0.01,decayed-prefix,285,5.320612984150289e-05,4.5751743945923646e-05,1.1629311858448492
0.01,decayed-prefix,286,5.321138770572862e-05,4.5762807492502605e-05,1.1627649312041515
0.01,decayed-prefix,287,5.321664546730459e-05,4.577390801278933e-05,1.1625978156035037
0.01,decayed-prefix,288,5.322147143364425e-05,4.578503410020559e-05,1.1624207009907035
0.01,decayed-prefix,289,5.322671111392803e-05,4.579619814657928e-05,1.1622517428972163
0.01,decayed-prefix,290,5.323157080122958e-05,4.5807376240729046e-05,1.1620742153290893
0.01,decayed-prefix,291,5.3237655430258e-05,4.581858602180119e-05,1.1619227054481058
0.01,decayed-prefix,292,5.324346752299053e-05,4.582983770232112e-05,1.1617642608473373
0.01,decayed-prefix,293,5.3250089015658194e-05,4.584114053115087e-05,1.161622254565692
0.01,decayed-prefix,294,5.325661645071745e-05,4.585246944551574e-05,1.161477606217037
0.01,decayed-prefix,295,5.326310270527335e-05,4.586384593021766e-05,1.1613309268985803
0.01,decayed-prefix,296,5.3268943046632035e-05,4.587523201694582e-05,1.161169997504428
0.01,decayed-prefix,297,5.327503822918111e-05,4.588664020984206e-05,1.1610141423636928
0.01,decayed-prefix,298,5.328134126968276e-05,4.589808395109139e-05,1.1608619942928098
0.01,decayed-prefix,299,5.328749052506136e-05,4.590957291346777e-05,1.1607054290289258
0.01,decayed-prefix,300,5.329357023273029e-05,4.5921065862393626e-05,1.1605473268505788
0.01,decayed-prefix,301,5.329983067760445e-05,4.5932610703261724e-05,1.1603919276859125
0.01,decayed-prefix,302,5.330621874420403e-05,4.594419440833582e-05,1.1602384029293697
0.01,decayed-prefix,303,5.3312675276583776e-05,4.595582202803087e-05,1.160085336827738
0.01,decayed-prefix,304,5.331857011099447e-05,4.596747527071555e-05,1.1599194821335352
0.01,decayed-prefix,305,5.332476708773947e-05,4.59791528764982e-05,1.1597596682777493
0.01,decayed-prefix,306,5.333174622300073e-05,4.599086202461474e-05,1.1596161471045505
0.01,decayed-prefix,307,5.333807057858376e-05,4.60026075592647e-05,1.1594575483545981
0.01,decayed-prefix,308,5.334449909451118e-05,4.601438624902995e-05,1.1593004589001936
0.01,decayed-prefix,309,5.3350353620090555e-05,4.602619580781648e-05,1.159130201480398
0.01,decayed-prefix,310,5.335630657499115e-05,4.603804617503376e-05,1.1589611420982946
0.01,decayed-prefix,311,5.3362678533133226e-05,4.604989630583379e-05,1.158801274572534
0.01,decayed-prefix,312,5.336864146684573e-05,4.606177402220187e-05,1.158631915503774
0.01,decayed-prefix,313,5.3375349819729665e-05,4.6073691813693006e-05,1.1584778149656898
0.01,decayed-prefix,314,5.33813929094871e-05,4.608564099123586e-05,1.158308569900084
0.01,decayed-prefix,315,5.3387564069357726e-05,4.609763322327688e-05,1.1581411091274814
0.01,decayed-prefix,316,5.339390729232314e-05,4.610963583873733e-05,1.157977206305893
0.01,decayed-prefix,317,5.339998429166607e-05,4.612167142503485e-05,1.157806788907493
0.01,decayed-prefix,318,5.340588423122611e-05,4.613373380701771e-05,1.15763195007429
0.01,decayed-prefix,319,5.341270903326328e-05,4.614583640783043e-05,1.1574762360185487
0.01,decayed-prefix,320,5.3418391500999225e-05,4.615797760321449e-05,1.1572948875749511
0.01,decayed-prefix,321,5.342473234137707e-05,4.617014367523417e-05,1.1571272707568871
0.01,decayed-prefix,322,5.343123178683668e-05,4.618234809896377e-05,1.1569622157872819
0.01,decayed-prefix,323,5.3437119957966774e-05,4.6194579997316124e-05,1.1567833274178798
0.01,decayed-prefix,324,5.3442954887676885e-05,4.620684116306946e-05,1.1566026489253034
0.01,decayed-prefix,325,5.34491059658866e-05,4.621914281676351e-05,1.1564278934766574
0.01,decayed-prefix,326,5.3456028210076864e-05,4.6231469139574904e-05,1.156269294594353
0.01,decayed-prefix,327,5.346218680238287e-05,4.624381429878774e-05,1.1560937957443609
0.01,decayed-prefix,328,5.3469106592717006e-05,4.6256192118398825e-05,1.1559340305370527
0.01,decayed-prefix,329,5.34755695902625e-05,4.6268604311304236e-05,1.1557636195478989
0.01,decayed-prefix,330,5.348153186602178e-05,4.62810522365233e-05,1.1555815886099523
0.01,decayed-prefix,331,5.348770757139282e-05,4.629354546559286e-05,1.1554031352199399
0.01,decayed-prefix,332,5.3494177319676594e-05,4.630605624715113e-05,1.155230690218144
0.01,decayed-prefix,333,5.350126640669208e-05,4.6318602941218565e-05,1.1550708140871346
0.01,decayed-prefix,334,5.350813471180041e-05,4.633117132558321e-05,1.1549057185665024
0.01,decayed-prefix,335,5.351493175802691e-05,4.6343780873551625e-05,1.154738149311591
0.01,decayed-prefix,336,5.3521127126325917e-05,4.635641592704751e-05,1.1545570565799075
0.01,decayed-prefix,337,5.352754424788488e-05,4.6369094473881805e-05,1.1543797621071767
0.01,decayed-prefix,338,5.353344446056932e-05,4.638179192473644e-05,1.154190949488063
0.01,decayed-prefix,339,5.353985906296867e-05,4.639451603600657e-05,1.1540126643721562
0.01,decayed-prefix,340,5.35470100122823e-05,4.6407276400076205e-05,1.1538494427178745
0.01,decayed-prefix,341,5.35536576404988e-05,4.642006292745868e-05,1.1536748178085818
0.01,decayed-prefix,342,5.3559501312264304e-05,4.643288841410708e-05,1.153482006861155
0.01,decayed-prefix,343,5.356593465832177e-05,4.6445739240004876e-05,1.1533013691853156
0.01,decayed-prefix,344,5.3572569373684486e-05,4.645861811286366e-05,1.1531244696847984
0.01,decayed-prefix,345,5.357933198662334e-05,4.647153742497756e-05,1.1529494171162384
0.01,decayed-prefix,346,5.358588309258019e-05,4.648446652784768e-05,1.1527696689920757
0.01,decayed-prefix,347,5.3592901576070166e-05,4.649744198925661e-05,1.152598923365569
0.01,decayed-prefix,348,5.359914930208739e-05,4.651043687402623e-05,1.1524112200291943
0.01,decayed-prefix,349,5.360526378757969e-05,4.652345425598027e-05,1.1522202004312503
0.01,decayed-prefix,350,5.3611487197152066e-05,4.6536494740638224e-05,1.1520310563987444
0.01,decayed-prefix,351,5.3617376385296145e-05,4.654955891405949e-05,1.1518342522704752
0.01,decayed-prefix,352,5.3622390763360765e-05,4.656266586180571e-05,1.1516177128368843
0.01,decayed-prefix,353,5.362753947645179e-05,4.657581617505752e-05,1.1514031074601039
0.01,decayed-prefix,354,5.36329733611394e-05,4.6589004037988365e-05,1.151193816407997
0.01,decayed-prefix,355,5.363885805066887e-05,4.66022066719528e-05,1.1509939524591446
0.01,decayed-prefix,356,5.364565288990912e-05,4.661542431003898e-05,1.1508133559637281
0.01,decayed-prefix,357,5.365268451850606e-05,4.662867638594976e-05,1.1506370902407341
0.01,decayed-prefix,358,5.3659782908386046e-05,4.664196628938362e-05,1.1504614229910752
0.01,decayed-prefix,359,5.366661820752734e-05,4.6655279285102796e-05,1.150279647445242
0.01,decayed-prefix,360,5.367424700807346e-05,4.666861763480176e-05,1.1501143536775225
0.01,decayed-prefix,361,5.368237029564327e-05,4.6681966816720774e-05,1.1499594802079989
0.01,decayed-prefix,362,5.368945711450182e-05,4.669536766295417e-05,1.1497812267381808
0.01,decayed-prefix,363,5.369614162280107e-05,4.6708799459784364e-05,1.149593700626639
0.01,decayed-prefix,364,5.37030333464144e-05,4.672226464082744e-05,1.1494098961009467
0.01,decayed-prefix,365,5.371055810153875e-05,4.6735760575448554e-05,1.1492389861684251
0.01,decayed-prefix,366,5.3718228339468627e-05,4.6749290816210566e-05,1.1490704436705925
0.01,decayed-prefix,367,5.372642323027185e-05,4.67628406644078e-05,1.1489127364147529
0.01,decayed-prefix,368,5.373369269663227e-05,4.677641961162871e-05,1.1487346219049643
0.01,decayed-prefix,369,5.374140936929367e-05,4.6790035038663524e-05,1.1485652730305949
0.01,decayed-prefix,370,5.3748982996319916e-05,4.6803686133639345e-05,1.1483920912307963
0.01,decayed-prefix,371,5.375695743563993e-05,4.681736182980062e-05,1.1482269682573625
0.01,decayed-prefix,372,5.376499497101417e-05,4.683106202298065e-05,1.1480626884914749
0.01,decayed-prefix,373,5.3772197240706596e-05,4.684480907634116e-05,1.1478795260554087
0.01,decayed-prefix,374,5.377886624342188e-05,4.6858587520601584e-05,1.1476843218924977
0.01,decayed-prefix,375,5.378521210391152e-05,4.68724097558857e-05,1.1474812663575036
0.01,decayed-prefix,376,5.379085564010687e-05,4.688626386562969e-05,1.147262571278123
0.01,decayed-prefix,377,5.379673552331253e-05,4.690014420585848e-05,1.147048403245476
0.01,decayed-prefix,378,5.380279223336495e-05,4.691406972006663e-05,1.146837026810995
0.01,decayed-prefix,379,5.3808612999479814e-05,4.692802335475636e-05,1.1466200609539645
0.01,decayed-prefix,380,5.381527521770122e-05,4.6942005791331355e-05,1.1464204460483265
0.01,decayed-prefix,381,5.3821812866198436e-05,4.695601670580372e-05,1.1462176019616697
0.01,decayed-prefix,382,5.382810330121392e-05,4.697006750072848e-05,1.1460086426398912
0.01,decayed-prefix,383,5.383472830119914e-05,4.6984156421068395e-05,1.1458059993402125
0.01,decayed-prefix,384,5.384200425122737e-05,4.699828040481334e-05,1.145616473357462
0.01,decayed-prefix,385,5.384867511786073e-05,4.701243277494575e-05,1.1454134989278453
0.01,decayed-prefix,386,5.385623737097964e-05,4.7026627025445305e-05,1.145228581710505
0.01,decayed-prefix,387,5.386316029243248e-05,4.7040846227075945e-05,1.1450295777508723
0.01,decayed-prefix,388,5.38701120209473e-05,4.705510919382783e-05,1.1448302414738287
0.01,decayed-prefix,389,5.38767652555859e-05,4.7069405410686405e-05,1.144623875859583
0.01,decayed-prefix,390,5.388380058950887e-05,4.708373423581506e-05,1.1444249583016552
0.01,decayed-prefix,391,5.3890520864915774e-05,4.7098095351800723e-05,1.1442186878764165
0.01,decayed-prefix,392,5.3897443451586564e-05,4.711249038541825e-05,1.1440160138142117
0.01,decayed-prefix,393,5.390416441896273e-05,4.712691664988564e-05,1.1438084273458093
0.01,decayed-prefix,394,5.391059598709936e-05,4.7141388466928345e-05,1.143593723908236
0.01,decayed-prefix,395,5.3917430849906613e-05,4.715589208631206e-05,1.1433869335186901
0.01,decayed-prefix,396,5.392350834591583e-05,4.717044223404747e-05,1.1431630867135272
0.01,decayed-prefix,397,5.3929702290447264e-05,4.7185015513047643e-05,1.1429412855768708
0.01,decayed-prefix,398,5.393587216836819e-05,4.7199629272330566e-05,1.1427181314745316
0.01,decayed-prefix,399,5.394168555116379e-05,4.721427406120413e-05,1.142486814077431
0.01,decayed-prefix,400,5.3947682519999824e-05,4.722895351094845e-05,1.1422586889945352
0.01,decayed-prefix,401,5.395423503237782e-05,4.724368067065225e-05,1.1420413114826204
0.01,decayed-prefix,402,5.39610478168057e-05,4.725844033032345e-05,1.1418287916324126
0.01,decayed-prefix,403,5.396815403798098e-05,4.7273223970076114e-05,1.1416220326361228
0.01,decayed-prefix,404,5.397570073011822e-05,4.72880289226562e-05,1.141424203119151
0.01,decayed-prefix,405,5.3983405192799514e-05,4.7302876995785016e-05,1.141228792439195
0.01,decayed-prefix,406,5.399161144048326e-05,4.731775722108809e-05,1.1410433336519346
0.01,decayed-prefix,407,5.3999976941826856e-05,4.7332695330630856e-05,1.1408599608499654
0.01,decayed-prefix,408,5.4008260921933455e-05,4.734765254694256e-05,1.140674521685891
0.01,decayed-prefix,409,5.4016401971819924e-05,4.7362641649356205e-05,1.140485414046878
0.01,decayed-prefix,410,5.402436807460404e-05,4.737766388768686e-05,1.1402919359357568
0.01,decayed-prefix,411,5.403226738661614e-05,4.73927345535965e-05,1.1400960061823608
0.01,decayed-prefix,412,5.40398671678602e-05,4.740784066744974e-05,1.1398930304995734
0.01,decayed-prefix,413,5.404702585885006e-05,4.742297999269557e-05,1.1396800847853672
0.01,decayed-prefix,414,5.4053916275369576e-05,4.7438145025281926e-05,1.139461002249599
0.01,decayed-prefix,415,5.40612717508655e-05,4.745333431134411e-05,1.1392512778167772
0.01,decayed-prefix,416,5.4067450409186045e-05,4.746855993763254e-05,1.1390160240846485
0.01,decayed-prefix,417,5.407480704859585e-05,4.748382248253788e-05,1.1388048438703897
0.01,decayed-prefix,418,5.408189517878351e-05,4.749912771942641e-05,1.138587123078154
0.01,decayed-prefix,419,5.4089243798449016e-05,4.75144682203326e-05,1.1383741799998282
0.01,decayed-prefix,420,5.4096671152083404e-05,4.7529841186529746e-05,1.1381622534731872
0.01,decayed-prefix,421,5.410427801157238e-05,4.75452686158998e-05,1.1379529359411202
0.01,decayed-prefix,422,5.411134494774558e-05,4.756070951800501e-05,1.1377320796120736
0.01,decayed-prefix,423,5.411950231802263e-05,4.757619745328166e-05,1.1375331618540194
0.01,decayed-prefix,424,5.412760955539531e-05,4.759173381912867e-05,1.1373321627891535
0.01,decayed-prefix,425,5.413569350556238e-05,4.760731446161421e-05,1.1371297481863212
0.01,decayed-prefix,426,5.4143362218397833e-05,4.762293141594367e-05,1.136917879865564
0.01,decayed-prefix,427,5.415100850000984e-05,4.763856615618082e-05,1.1367052552018102
0.01,decayed-prefix,428,5.4158214174359704e-05,4.76542267044033e-05,1.1364829086473336
0.01,decayed-prefix,429,5.416534597808516e-05,4.766994210343848e-05,1.1362578511329502
0.01,decayed-prefix,430,5.417351481058612e-05,4.768567929609435e-05,1.1360541699365736
0.01,decayed-prefix,431,5.4181302241290706e-05,4.7701471325782435e-05,1.135841321775036
0.01,decayed-prefix,432,5.4189097094168554e-05,4.771730081336395e-05,1.1356278785784144
0.01,decayed-prefix,433,5.419671284205043e-05,4.77331551406543e-05,1.1354102338793675
0.01,decayed-prefix,434,5.4203616125784516e-05,4.774906214246591e-05,1.1351765604120256
0.01,decayed-prefix,435,5.421116779059692e-05,4.7764999984429286e-05,1.1349558841886107
0.01,decayed-prefix,436,5.421778448747876e-05,4.778097072516111e-05,1.1347150060919142
0.01,decayed-prefix,437,5.4225133948688286e-05,4.779698601647712e-05,1.1344885623121754
0.01,decayed-prefix,438,5.423207098415391e-05,4.7813032313343676e-05,1.134252908887747
0.01,decayed-prefix,439,5.423951164085213e-05,4.782910639422318e-05,1.1340272844278603
0.01,decayed-prefix,440,5.424639452182083e-05,4.784523119608713e-05,1.1337889517034498
0.01,decayed-prefix,441,5.425385694587367e-05,4.7861408597406426e-05,1.1335616425801067
0.01,decayed-prefix,442,5.42617270839107e-05,4.787761887943316e-05,1.133342224486021
0.01,decayed-prefix,443,5.426966373502096e-05,4.7893856278095464e-05,1.1331237021279807
0.01,decayed-prefix,444,5.427751677280445e-05,4.791012394154165e-05,1.132902867023097
0.01,decayed-prefix,445,5.4284899057290113e-05,4.79264430124004e-05,1.1326711444712168
0.01,decayed-prefix,446,5.42931168498901e-05,4.794281061342914e-05,1.1324558605390187
0.01,decayed-prefix,447,5.430140004718641e-05,4.7959194428081476e-05,1.1322417045310376
0.01,decayed-prefix,448,5.430926330797728e-05,4.797561925512588e-05,1.1320179739456868
0.01,decayed-prefix,449,5.431703569836296e-05,4.7992088091023114e-05,1.1317914651961751
0.01,decayed-prefix,450,5.4324478483221927e-05,4.800860708202167e-05,1.1315570641408055
0.01,decayed-prefix,451,5.433215889420752e-05,4.8025144560138235e-05,1.1313273367906573
0.01,decayed-prefix,452,5.433968109192429e-05,4.804171578328248e-05,1.1310936798563171
0.01,decayed-prefix,453,5.434718660100234e-05,4.805831609404906e-05,1.1308591523399634
0.01,decayed-prefix,454,5.4353978923173737e-05,4.8074956961474135e-05,1.130608998084625
0.01,decayed-prefix,455,5.436140855597319e-05,4.809164587678723e-05,1.1303711396205767
0.01,decayed-prefix,456,5.4368712715037966e-05,4.810835845215844e-05,1.130130282227467
0.01,decayed-prefix,457,5.437760351687854e-05,4.812508796254064e-05,1.1299221636582713
0.01,decayed-prefix,458,5.438685361028339e-05,4.814184739212742e-05,1.1297209508245254
0.01,decayed-prefix,459,5.439554047402501e-05,4.8158643363101247e-05,1.1295073256922852
0.01,decayed-prefix,460,5.4403836930411104e-05,4.817548266365893e-05,1.1292847299576827
0.01,decayed-prefix,461,5.44115926245188e-05,4.8192332883114325e-05,1.129050813051293
0.01,decayed-prefix,462,5.441826056570086e-05,4.820923308971277e-05,1.128793326050918
0.01,decayed-prefix,463,5.4426394083625653e-05,4.822615546198876e-05,1.128565890484964
0.01,decayed-prefix,464,5.4434560745984735e-05,4.824313069940861e-05,1.1283380650636758
0.01,decayed-prefix,465,5.444213418497644e-05,4.826013099553915e-05,1.1280975219484737
0.01,decayed-prefix,466,5.445000350873969e-05,4.827718417395747e-05,1.1278620416745861
0.01,decayed-prefix,467,5.445794833573973e-05,4.829427906445597e-05,1.1276273171622961
0.01,decayed-prefix,468,5.446568479071048e-05,4.831139054279299e-05,1.1273880585669787
0.01,decayed-prefix,469,5.4473512475611215e-05,4.832854603690845e-05,1.1271498305372123
0.01,decayed-prefix,470,5.4480984817902975e-05,4.834574768984239e-05,1.1269033456141917
0.01,decayed-prefix,471,5.448970404890418e-05,4.8362982321254825e-05,1.1266820496501257
0.01,decayed-prefix,472,5.449802455774661e-05,4.8380263865957974e-05,1.1264515776255057
0.01,decayed-prefix,473,5.4506250733816464e-05,4.8397551892319325e-05,1.126219170240026
0.01,decayed-prefix,474,5.4514149614042855e-05,4.841487924787209e-05,1.1259792539178715
0.01,decayed-prefix,475,5.4522293086814466e-05,4.8432242866019274e-05,1.1257437165906692
0.01,decayed-prefix,476,5.4530674101639595e-05,4.844964425408425e-05,1.1255123735411685
0.01,decayed-prefix,477,5.453937054411899e-05,4.846711130308328e-05,1.1252861802112273
0.01,decayed-prefix,478,5.454704229702018e-05,4.848460115946572e-05,1.1250384862941352
0.01,decayed-prefix,479,5.455464793562671e-05,4.8502117081575776e-05,1.1247890034134216
0.01,decayed-prefix,480,5.4562550023669565e-05,4.8519673474775264e-05,1.1245448725461005
0.01,decayed-prefix,481,5.456993494015416e-05,4.853727443720417e-05,1.124289230759235
0.01,decayed-prefix,482,5.4577979256685726e-05,4.8554922789643414e-05,1.1240462577427268
0.01,decayed-prefix,483,5.4585751350276524e-05,4.857262055971525e-05,1.1237967134832416
0.01,decayed-prefix,484,5.459360560062842e-05,4.859035481298721e-05,1.1235481982123057
0.01,decayed-prefix,485,5.460119837296258e-05,4.860812486050963e-05,1.1232936577918038
0.01,decayed-prefix,486,5.4609446601515594e-05,4.8625928937295415e-05,1.123051997051534
0.01,decayed-prefix,487,5.461684829311022e-05,4.864374464025494e-05,1.1227928420607705
0.01,decayed-prefix,488,5.462460418717171e-05,4.866161751426817e-05,1.1225398368879769
0.01,adam-m-aware,1,4.066054983573858e-05,4.066054983573858e-05,1.0
0.01,adam-m-aware,2,4.748642682878186e-05,4.3093478966636076e-05,1.1019399678904296
0.01,adam-m-aware,3,4.937461991475727e-05,4.3559148317187275e-05,1.1335074679427413
0.01,adam-m-aware,4,5.0117929476573726e-05,4.371678219597977e-05,1.1464231116530488
0.01,adam-m-aware,5,5.042816616003405e-05,4.3773216175543594e-05,1.152032465647535
0.01,adam-m-aware,6,5.059214357067814e-05,4.380032579866712e-05,1.1550631792838788
0.01,adam-m-aware,7,5.073400019184562e-05,4.382591051552861e-05,1.1576256966496863
0.01,adam-m-aware,8,5.086048086973382e-05,4.384757648165126e-05,1.1599382440445076
0.01,adam-m-aware,9,5.097143369667036e-05,4.386531805557769e-05,1.1619984980409617
0.01,adam-m-aware,10,5.10682170156707e-05,4.3880126121142386e-05,1.1638119925791401
0.01,adam-m-aware,11,5.115164329883528e-05,4.3891997594184205e-05,1.1653979336227112
0.01,adam-m-aware,12,5.121897632481922e-05,4.390170564720569e-05,1.1666739496732803
0.01,adam-m-aware,13,5.12806382399068e-05,4.3910473101174886e-05,1.1678452682973874
0.01,adam-m-aware,14,5.133754402175511e-05,4.391848052997031e-05,1.1689280549385577
0.01,adam-m-aware,15,5.138173707854056e-05,4.392555781694015e-05,1.1697458070464135
0.01,adam-m-aware,16,5.142082309310947e-05,4.393209250690025e-05,1.170461504537554
0.01,adam-m-aware,17,5.145520658665051e-05,4.393767996727635e-05,1.1710952108753359
0.01,adam-m-aware,18,5.148514940404437e-05,4.394283723298467e-05,1.171639171386918
0.01,adam-m-aware,19,5.151115578761854e-05,4.394767541538264e-05,1.172101943976507
0.01,adam-m-aware,20,5.153518236971468e-05,4.3952319178634866e-05,1.1725247571182962
0.01,adam-m-aware,21,5.155830712291414e-05,4.395673194541886e-05,1.1729331285804907
0.01,adam-m-aware,22,5.1581438701941656e-05,4.396103481129492e-05,1.1733445066377015
0.01,adam-m-aware,23,5.160271751608769e-05,4.396512252331143e-05,1.1737194065301788
0.01,adam-m-aware,24,5.162376041781829e-05,4.396914346223279e-05,1.174090654328084
0.01,adam-m-aware,25,5.1642839042346775e-05,4.3973050712377034e-05,1.1744202006846647
0.01,adam-m-aware,26,5.166115091992466e-05,4.397692071881334e-05,1.1747332481563224
0.01,adam-m-aware,27,5.167804358105508e-05,4.398071702845829e-05,1.1750159404544527
0.01,adam-m-aware,28,5.1694773595639326e-05,4.3984465105540274e-05,1.1752961749471829
0.01,adam-m-aware,29,5.171164197102655e-05,4.398818614375452e-05,1.1755802297014835
0.01,adam-m-aware,30,5.172673657822427e-05,4.399189043921078e-05,1.1758243635767758
0.01,adam-m-aware,31,5.174106153570377e-05,4.3995547399661117e-05,1.1760522278693666
0.01,adam-m-aware,32,5.175400007596349e-05,4.399900840724776e-05,1.1762537827429376
0.01,adam-m-aware,33,5.1765642383216116e-05,4.4002501789544896e-05,1.1764249821703492
0.01,adam-m-aware,34,5.177591797087659e-05,4.400594658903061e-05,1.1765663957739476
0.01,adam-m-aware,35,5.17863716600323e-05,4.400932027631823e-05,1.1767137355197683
0.01,adam-m-aware,36,5.179709788548321e-05,4.401269351100883e-05,1.1768672570000125
0.01,adam-m-aware,37,5.1807536116421894e-05,4.40160895387304e-05,1.1770136025108655
0.01,adam-m-aware,38,5.181663649331737e-05,4.401944818896261e-05,1.177130532642838
0.01,adam-m-aware,39,5.182607201374949e-05,4.402282356936054e-05,1.1772546104884543
0.01,adam-m-aware,40,5.18352928746058e-05,4.402619751753238e-05,1.177373831886427
0.01,adam-m-aware,41,5.184403920895188e-05,4.4029572743674226e-05,1.1774822233858804
0.01,adam-m-aware,42,5.185280996675372e-05,4.4032954289346154e-05,1.1775909839258638
0.01,adam-m-aware,43,5.1862157015501505e-05,4.403633378189048e-05,1.1777128693858097
0.01,adam-m-aware,44,5.187048164157883e-05,4.403975369801132e-05,1.1778104391151742
0.01,adam-m-aware,45,5.187805656000195e-05,4.40431832680318e-05,1.1778907134002958
0.01,adam-m-aware,46,5.188550382459108e-05,4.404663195235062e-05,1.1779675658452273
0.01,adam-m-aware,47,5.189268487983226e-05,4.405009764429003e-05,1.1780379080852916
0.01,adam-m-aware,48,5.190026706673324e-05,4.4053584941479836e-05,1.1781167670162787
0.01,adam-m-aware,49,5.190853831059423e-05,4.4057110711462244e-05,1.178210224691137
0.01,adam-m-aware,50,5.191732720980437e-05,4.40606308449891e-05,1.1783155668482397
0.01,adam-m-aware,51,5.192607212462936e-05,4.406418282834362e-05,1.1784190422164982
0.01,adam-m-aware,52,5.193314507474021e-05,4.406774271064958e-05,1.1784843488747576
0.01,adam-m-aware,53,5.193885176319284e-05,4.407127390621818e-05,1.1785194109368504
0.01,adam-m-aware,54,5.1944102358916776e-05,4.407482366699001e-05,1.1785436228034303
0.01,adam-m-aware,55,5.194978872840672e-05,4.407842297163113e-05,1.1785763923959258
0.01,adam-m-aware,56,5.1955868837574294e-05,4.4082045878252256e-05,1.1786174575714636
0.01,adam-m-aware,57,5.1962681162689026e-05,4.408567262198662e-05,1.1786750223421554
0.01,adam-m-aware,58,5.196975689005459e-05,4.408933679971153e-05,1.1787375511258453
0.01,adam-m-aware,59,5.197658125999438e-05,4.4093024080273406e-05,1.178793751260258
0.01,adam-m-aware,60,5.198380493818036e-05,4.409674759601724e-05,1.1788580285879284
0.01,adam-m-aware,61,5.19905804867431e-05,4.4100500323413336e-05,1.1789113526029737
0.01,adam-m-aware,62,5.1997047156662226e-05,4.410428436849715e-05,1.1789568270107273
0.01,adam-m-aware,63,5.200279711908435e-05,4.410809812416551e-05,1.1789852505699758
0.01,adam-m-aware,64,5.2008112636619427e-05,4.411194847391747e-05,1.1790028424468895
0.01,adam-m-aware,65,5.201384045284062e-05,4.4115833502145626e-05,1.1790288502723374
0.01,adam-m-aware,66,5.201956842736853e-05,4.411974646078975e-05,1.1790541106939392
0.01,adam-m-aware,67,5.2025016419999824e-05,4.412369415361149e-05,1.179072093077266
0.01,adam-m-aware,68,5.2030230236239655e-05,4.412767187122849e-05,1.179083963189177
0.01,adam-m-aware,69,5.2035328346585116e-05,4.4131680001293855e-05,1.179092396778449
0.01,adam-m-aware,70,5.204071309945279e-05,4.413571851812007e-05,1.1791065116134292
0.01,adam-m-aware,71,5.2046252307503384e-05,4.4139803092347234e-05,1.1791228927463642
0.01,adam-m-aware,72,5.205178581962176e-05,4.414392050412388e-05,1.1791382646849216
0.01,adam-m-aware,73,5.205803820193453e-05,4.4148079637685835e-05,1.179168802565459
0.01,adam-m-aware,74,5.206410060424208e-05,4.4152283062706704e-05,1.1791938489409193
0.01,adam-m-aware,75,5.206964514876224e-05,4.415651508114709e-05,1.179206399170611
0.01,adam-m-aware,76,5.207510727559302e-05,4.4160769727599195e-05,1.1792164764521211
0.01,adam-m-aware,77,5.208076643190402e-05,4.416505663744565e-05,1.179230151552596
0.01,adam-m-aware,78,5.2086217512896416e-05,4.416937196091115e-05,1.1792383545546332
0.01,adam-m-aware,79,5.209111121408496e-05,4.417371418615296e-05,1.1792332198865416
0.01,adam-m-aware,80,5.2095468626185954e-05,4.417809564306736e-05,1.1792148997794345
0.01,adam-m-aware,81,5.210054979104689e-05,4.4182502493752234e-05,1.1792122865474706
0.01,adam-m-aware,82,5.2105637204450056e-05,4.418695163941572e-05,1.1792086865293214
0.01,adam-m-aware,83,5.211069887666674e-05,4.4191430263819566e-05,1.1792037181319937
0.01,adam-m-aware,84,5.211510810892198e-05,4.4195950937713765e-05,1.1791828663754478
0.01,adam-m-aware,85,5.2119315819374023e-05,4.420049797401882e-05,1.179156756333603
0.01,adam-m-aware,86,5.212349667075966e-05,4.42050808889695e-05,1.1791290870313968
0.01,adam-m-aware,87,5.212733287600111e-05,4.420970027342443e-05,1.1790926550871952
0.01,adam-m-aware,88,5.2131163595486665e-05,4.4214352095268645e-05,1.179055241681698
0.01,adam-m-aware,89,5.213506411946522e-05,4.421903778436838e-05,1.1790185117482406
0.01,adam-m-aware,90,5.2139009719639275e-05,4.4223747587142934e-05,1.178982166016105
0.01,adam-m-aware,91,5.2142979389148635e-05,4.42284857812123e-05,1.1789456154363376
0.01,adam-m-aware,92,5.2146779292484566e-05,4.4233259876187696e-05,1.1789042778770413
0.01,adam-m-aware,93,5.2150540936237135e-05,4.4238077328961226e-05,1.1788609289783911
0.01,adam-m-aware,94,5.2154234985532154e-05,4.4242923761514474e-05,1.1788152895740467
0.01,adam-m-aware,95,5.215795491674613e-05,4.424780276283602e-05,1.178769377460566
0.01,adam-m-aware,96,5.21619540963302e-05,4.425270148344542e-05,1.178729260536638
0.01,adam-m-aware,97,5.216609968790335e-05,4.425763621322969e-05,1.178691501655699
0.01,adam-m-aware,98,5.217111882278464e-05,4.426259671841174e-05,1.1786728003032687
0.01,adam-m-aware,99,5.217610468154033e-05,4.426759665874012e-05,1.1786523014512642
0.01,adam-m-aware,100,5.218058757632775e-05,4.4272617342681667e-05,1.1786198943793251
0.01,adam-m-aware,101,5.218509763303037e-05,4.427767741758189e-05,1.178587059589277
0.01,adam-m-aware,102,5.2189330683892634e-05,4.4282771316625506e-05,1.1785470767114952
0.01,adam-m-aware,103,5.2193303269974976e-05,4.4287894562195313e-05,1.1785004409427902
0.01,adam-m-aware,104,5.2197728357359656e-05,4.429305074099259e-05,1.1784631558252863
0.01,adam-m-aware,105,5.220264220552964e-05,4.4298230081683206e-05,1.1784362966482225
0.01,adam-m-aware,106,5.220763764692908e-05,4.430344711723404e-05,1.178410282811161
0.01,adam-m-aware,107,5.2212630375093685e-05,4.4308699450253274e-05,1.1783832751334622
0.01,adam-m-aware,108,5.2217457763626184e-05,4.431399584253143e-05,1.1783513711825828
0.01,adam-m-aware,109,5.222172808265591e-05,4.431932623308905e-05,1.1783060014948261
0.01,adam-m-aware,110,5.22257720660747e-05,4.432467978619345e-05,1.178254920689632
0.01,adam-m-aware,111,5.2230502014518625e-05,4.4330066625947974e-05,1.1782184415654868
0.01,adam-m-aware,112,5.223579512139229e-05,4.4335484588649544e-05,1.1781938464424797
0.01,adam-m-aware,113,5.2241967573077666e-05,4.4340924831741685e-05,1.1781884967739775
0.01,adam-m-aware,114,5.224793440697742e-05,4.434639118896417e-05,1.1781778179952462
0.01,adam-m-aware,115,5.225315746896949e-05,4.4351890580039384e-05,1.1781494945445703
0.01,adam-m-aware,116,5.225796710543477e-05,4.435741487573026e-05,1.1781111963318498
0.01,adam-m-aware,117,5.226260567333125e-05,4.436296758476447e-05,1.1780682970198717
0.01,adam-m-aware,118,5.226704116262664e-05,4.436855100839446e-05,1.1780200158607341
0.01,adam-m-aware,119,5.227162833384798e-05,4.4374157129067196e-05,1.17797456257727
0.01,adam-m-aware,120,5.2275919613765675e-05,4.437980466903805e-05,1.1779213541747835
0.01,adam-m-aware,121,5.228055182815785e-05,4.438548088137654e-05,1.1778750796433066
0.01,adam-m-aware,122,5.228590088934539e-05,4.4391182915390803e-05,1.177844280225689
0.01,adam-m-aware,123,5.229119017822471e-05,4.439691440289506e-05,1.1778113610259113
0.01,adam-m-aware,124,5.22964244756376e-05,4.440268686080898e-05,1.1777761251154342
0.01,adam-m-aware,125,5.2300988393680395e-05,4.440849155345243e-05,1.1777249477327583
0.01,adam-m-aware,126,5.2305534192253984e-05,4.44143211612236e-05,1.1776727151223443
0.01,adam-m-aware,127,5.2310200612214414e-05,4.442018393279355e-05,1.1776223324819688
0.01,adam-m-aware,128,5.231538300997189e-05,4.4426078154968396e-05,1.1775827437993465
0.01,adam-m-aware,129,5.232048966587348e-05,4.443200382055564e-05,1.1775406276335523
0.01,adam-m-aware,130,5.232543976438368e-05,4.443796485358948e-05,1.1774940624932126
0.01,adam-m-aware,131,5.2330367775145416e-05,4.444394778875787e-05,1.1774464326137657
0.01,adam-m-aware,132,5.233449922871312e-05,4.4449964312499997e-05,1.1773800055447035
0.01,adam-m-aware,133,5.2339701088755086e-05,4.44560229590692e-05,1.177336558804291
0.01,adam-m-aware,134,5.23453010051343e-05,4.446210758641021e-05,1.1773013886803148
0.01,adam-m-aware,135,5.2351080008832134e-05,4.446822424649812e-05,1.1772694074455827
0.01,adam-m-aware,136,5.235679747532561e-05,4.447436653577721e-05,1.177235372946963
0.01,adam-m-aware,137,5.236176519319275e-05,4.44805472219945e-05,1.1771834760005198
0.01,adam-m-aware,138,5.236626590741298e-05,4.4486750719228136e-05,1.1771204922992757
0.01,adam-m-aware,139,5.237109444789551e-05,4.4492990973137974e-05,1.1770639218099281
0.01,adam-m-aware,140,5.237575588874592e-05,4.449927108559329e-05,1.177002557817237
0.01,adam-m-aware,141,5.238085369189691e-05,4.450557628576342e-05,1.176950352368601
0.01,adam-m-aware,142,5.2385896217074526e-05,4.451191438039785e-05,1.1768960501088719
0.01,adam-m-aware,143,5.239105994719909e-05,4.451828253350648e-05,1.1768436913029428
0.01,adam-m-aware,144,5.239563866824411e-05,4.452468028163796e-05,1.176777426290743
0.01,adam-m-aware,145,5.2400075124025944e-05,4.4531096026545484e-05,1.1767075100237747
0.01,adam-m-aware,146,5.2404896289364106e-05,4.453754834376372e-05,1.176645285566151
0.01,adam-m-aware,147,5.240961402427637e-05,4.4544044258798455e-05,1.1765796055647617
0.01,adam-m-aware,148,5.241469650881598e-05,4.4550573598870406e-05,1.1765212493278643
0.01,adam-m-aware,149,5.242046740285116e-05,4.455713835849072e-05,1.176477425033334
0.01,adam-m-aware,150,5.2426734121647576e-05,4.4563730337284756e-05,1.1764440212893073
0.01,adam-m-aware,151,5.2433532770512465e-05,4.4570352424063086e-05,1.1764217673586115
0.01,adam-m-aware,152,5.2439964603181656e-05,4.4577006842031875e-05,1.1763904379900123
0.01,adam-m-aware,153,5.244661659838499e-05,4.458370064665549e-05,1.1763630169250956
0.01,adam-m-aware,154,5.2452286483939475e-05,4.4590408807919576e-05,1.176313200219496
0.01,adam-m-aware,155,5.245814478390997e-05,4.459715540627249e-05,1.1762666095185939
0.01,adam-m-aware,156,5.246361858115486e-05,4.460393340905449e-05,1.1762105843899604
0.01,adam-m-aware,157,5.24686210028314e-05,4.4610733943395515e-05,1.1761434158291677
0.01,adam-m-aware,158,5.247347139340873e-05,4.4617568786387486e-05,1.176071955973944
0.01,adam-m-aware,159,5.247818829362861e-05,4.462443125642853e-05,1.1759967985265622
0.01,adam-m-aware,160,5.2483326751394285e-05,4.4631327961036434e-05,1.1759302075262632
0.01,adam-m-aware,161,5.248789734159162e-05,4.4638254896980396e-05,1.1758501192021782
0.01,adam-m-aware,162,5.2492687271256796e-05,4.46452127622812e-05,1.1757741541239912
0.01,adam-m-aware,163,5.249789648453852e-05,4.465219601358117e-05,1.175706934292124
0.01,adam-m-aware,164,5.250308734365437e-05,4.465920522850882e-05,1.1756386410150061
0.01,adam-m-aware,165,5.250782621779814e-05,4.466624864441432e-05,1.1755593498753436
0.01,adam-m-aware,166,5.251318406485635e-05,4.467331841499644e-05,1.1754932458124296
0.01,adam-m-aware,167,5.251812871819786e-05,4.468042020344545e-05,1.1754170726028226
0.01,adam-m-aware,168,5.2523710417470014e-05,4.468755615322866e-05,1.1753542806720523
0.01,adam-m-aware,169,5.2529067061372485e-05,4.469472625687382e-05,1.1752855752929863
0.01,adam-m-aware,170,5.253496873232674e-05,4.470191582673809e-05,1.1752285726622789
0.01,adam-m-aware,171,5.2540441334674754e-05,4.470913343638791e-05,1.1751612544543995
0.01,adam-m-aware,172,5.254590488376647e-05,4.471637779697908e-05,1.1750930525351346
0.01,adam-m-aware,173,5.255113917036527e-05,4.4723667146582145e-05,1.1750185645136952
0.01,adam-m-aware,174,5.255624121187153e-05,4.473098129335536e-05,1.1749404929705531
0.01,adam-m-aware,175,5.256136425042853e-05,4.473832812051784e-05,1.1748620580732632
0.01,adam-m-aware,176,5.25661505867507e-05,4.474570362975151e-05,1.1747753710995252
0.01,adam-m-aware,177,5.25713581150959e-05,4.475309838796408e-05,1.1746976189079787
0.01,adam-m-aware,178,5.2576629148191694e-05,4.476053012102712e-05,1.1746203408679652
0.01,adam-m-aware,179,5.258215501801338e-05,4.476799193803406e-05,1.174547991582811
0.01,adam-m-aware,180,5.258685724152493e-05,4.4775484665804524e-05,1.1744564605837986
0.01,adam-m-aware,181,5.259225498312556e-05,4.478300994381672e-05,1.1743796374809568
0.01,adam-m-aware,182,5.259783034859406e-05,4.479057169483739e-05,1.1743058496093397
0.01,adam-m-aware,183,5.260298379343133e-05,4.479815785438243e-05,1.1742220286025753
0.01,adam-m-aware,184,5.260719223676638e-05,4.4805766386837295e-05,1.1741165586271711
0.01,adam-m-aware,185,5.261099694432749e-05,4.481340535014133e-05,1.174001317981999
0.01,adam-m-aware,186,5.2614988230447745e-05,4.482108533106506e-05,1.1738892050876066
0.01,adam-m-aware,187,5.2620254769470475e-05,4.482878562026151e-05,1.1738050460525393
0.01,adam-m-aware,188,5.2625384809069455e-05,4.483652847535426e-05,1.173716757264037
0.01,adam-m-aware,189,5.2630961737212955e-05,4.484429946201475e-05,1.1736377280638284
0.01,adam-m-aware,190,5.2637060477258995e-05,4.485209634856727e-05,1.1735696826340292
0.01,adam-m-aware,191,5.2642430324859854e-05,4.485992656130384e-05,1.1734845408835153
0.01,adam-m-aware,192,5.264744607275417e-05,4.4867778773959934e-05,1.1733909614288585
0.01,adam-m-aware,193,5.265274178452015e-05,4.4875665416745745e-05,1.1733027531859688
0.01,adam-m-aware,194,5.2658241640106155e-05,4.4883575847662506e-05,1.1732185024390953
0.01,adam-m-aware,195,5.266318026801682e-05,4.489151826820724e-05,1.1731209435461125
0.01,adam-m-aware,196,5.26686402054876e-05,4.489949829286113e-05,1.1730340473283583
0.01,adam-m-aware,197,5.267385644967481e-05,4.4907502623028595e-05,1.172941120592701
0.01,adam-m-aware,198,5.2679462854540124e-05,4.4915529674654654e-05,1.1728563202109263
0.01,adam-m-aware,199,5.268539768188264e-05,4.492358864250119e-05,1.1727780276226236
0.01,adam-m-aware,200,5.269117114827675e-05,4.493167779422781e-05,1.1726953840803553
0.01,adam-m-aware,201,5.269786687773554e-05,4.493980348300378e-05,1.1726323391170559
0.01,adam-m-aware,202,5.270488086191898e-05,4.4947969009331456e-05,1.1725753582097813
0.01,adam-m-aware,203,5.271130998687401e-05,4.4956156131262515e-05,1.172504825211659
0.01,adam-m-aware,204,5.2717984002467585e-05,4.4964373060208124e-05,1.1724389870148357
0.01,adam-m-aware,205,5.2724650169330475e-05,4.4972621195994514e-05,1.1723721848355682
0.01,adam-m-aware,206,5.273101156395024e-05,4.498089564299014e-05,1.172297945831763
0.01,adam-m-aware,207,5.273658371086268e-05,4.498919477018333e-05,1.1722055480266997
0.01,adam-m-aware,208,5.2742120694333845e-05,4.4997528401649966e-05,1.1721115040709635
0.01,adam-m-aware,209,5.274727060756012e-05,4.500588817816592e-05,1.1720082136530268
0.01,adam-m-aware,210,5.275244836553814e-05,4.501428476626446e-05,1.171904621820693
0.01,adam-m-aware,211,5.275742915599686e-05,4.5022695376094356e-05,1.1717963288357323
0.01,adam-m-aware,212,5.276219782628075e-05,4.5031145201294954e-05,1.1716823454173106
0.01,adam-m-aware,213,5.276721563940761e-05,4.5039627443855065e-05,1.1715730931652466
0.01,adam-m-aware,214,5.2772274066948324e-05,4.5048146921907244e-05,1.1714638153358707
0.01,adam-m-aware,215,5.277740967055527e-05,4.505669888418084e-05,1.171355447193783
0.01,adam-m-aware,216,5.278335056209418e-05,4.5065269793475195e-05,1.171264497116945
0.01,adam-m-aware,217,5.2789551372513136e-05,4.507386620020477e-05,1.1711786856276667
0.01,adam-m-aware,218,5.27952978411645e-05,4.508250201474527e-05,1.1710818051734702
0.01,adam-m-aware,219,5.280119368595437e-05,4.509116012316318e-05,1.1709876956310683
0.01,adam-m-aware,220,5.280706920615766e-05,4.5099850710573766e-05,1.170892328337063
0.01,adam-m-aware,221,5.281262828272915e-05,4.51085726702976e-05,1.1707891683636533
0.01,adam-m-aware,222,5.281850258359101e-05,4.511733783763232e-05,1.17069191390843
0.01,adam-m-aware,223,5.2824573928354495e-05,4.5126124409704816e-05,1.170598508499304
0.01,adam-m-aware,224,5.283070146767341e-05,4.5134942415328215e-05,1.17050556931101
0.01,adam-m-aware,225,5.283660018969214e-05,4.514379178479723e-05,1.1704067846486383
0.01,adam-m-aware,226,5.284284916892861e-05,4.515266811216199e-05,1.1703150971646623
0.01,adam-m-aware,227,5.2849488659426124e-05,4.516156474111759e-05,1.170231566651388
0.01,adam-m-aware,228,5.285489909155795e-05,4.517049315699199e-05,1.1701200362780737
0.01,adam-m-aware,229,5.2861175833785494e-05,4.5179467310684685e-05,1.1700265403811905
0.01,adam-m-aware,230,5.286740463823818e-05,4.518847823101685e-05,1.1699310688880558
0.01,adam-m-aware,231,5.287424768370178e-05,4.5197500537635124e-05,1.169848930908787
0.01,adam-m-aware,232,5.288165275811173e-05,4.520654895851484e-05,1.1697785824491973
0.01,adam-m-aware,233,5.2888672907639494e-05,4.521563358144774e-05,1.1696988125217835
0.01,adam-m-aware,234,5.289554241685383e-05,4.5224752341971436e-05,1.1696148608372459
0.01,adam-m-aware,235,5.2901947460630955e-05,4.523389369369379e-05,1.1695200908164622
0.01,adam-m-aware,236,5.290760733052452e-05,4.52430599438763e-05,1.169408245069101
0.01,adam-m-aware,237,5.291328868641302e-05,4.525226147752591e-05,1.1692960077297325
0.01,adam-m-aware,238,5.291933071738196e-05,4.526149853967238e-05,1.1691908669572082
0.01,adam-m-aware,239,5.292530577157742e-05,4.5270768274253994e-05,1.1690834458772958
0.01,adam-m-aware,240,5.2931383801081945e-05,4.528006115038033e-05,1.1689777455311
0.01,adam-m-aware,241,5.2938184610768316e-05,4.528937763793037e-05,1.1688874383301744
0.01,adam-m-aware,242,5.294510694138701e-05,4.529873708355736e-05,1.1687987425284123
0.01,adam-m-aware,243,5.295145888240552e-05,4.530811046358902e-05,1.1686971348089858
0.01,adam-m-aware,244,5.2958189421976284e-05,4.5317526072606504e-05,1.1686028345220814
0.01,adam-m-aware,245,5.29643244890636e-05,4.5326969046538135e-05,1.1684947306907734
0.01,adam-m-aware,246,5.297100530231095e-05,4.5336441442168194e-05,1.1683979513452
0.01,adam-m-aware,247,5.297676393456309e-05,4.534593340618618e-05,1.1682803716933943
0.01,adam-m-aware,248,5.298307443110202e-05,4.5355471115617074e-05,1.1681738305846538
0.01,adam-m-aware,249,5.298943724286903e-05,4.536503463145054e-05,1.1680678230130275
0.01,adam-m-aware,250,5.2996155473910776e-05,4.5374642239529756e-05,1.167968558168405
0.01,adam-m-aware,251,5.3002403515649204e-05,4.5384284950112345e-05,1.1678580718834923
0.01,adam-m-aware,252,5.3008811549832095e-05,4.5393946219193836e-05,1.1677506796582158
0.01,adam-m-aware,253,5.301606612152887e-05,4.540363182707802e-05,1.1676613519253962
0.01,adam-m-aware,254,5.302290084696486e-05,4.5413351575316223e-05,1.1675619395549017
0.01,adam-m-aware,255,5.3029668257571644e-05,4.5423115361084335e-05,1.1674599559281689
0.01,adam-m-aware,256,5.303608017649442e-05,4.5432895382195967e-05,1.1673497744384997
0.01,adam-m-aware,257,5.304237507051688e-05,4.54427056701814e-05,1.167236287722239
0.01,adam-m-aware,258,5.304894632862978e-05,4.5452545178118014e-05,1.1671281799675515
0.01,adam-m-aware,259,5.305546963711903e-05,4.5462427022064504e-05,1.1670179775349292
0.01,adam-m-aware,260,5.306247061320212e-05,4.547234308064678e-05,1.1669174495603623
0.01,adam-m-aware,261,5.306912181960195e-05,4.54822899369804e-05,1.1668084850858158
0.01,adam-m-aware,262,5.307548394093745e-05,4.549226711510342e-05,1.1666924360275817
0.01,adam-m-aware,263,5.308220288264998e-05,4.550227769501697e-05,1.166583423327468
0.01,adam-m-aware,264,5.3088833680518456e-05,4.551232168131185e-05,1.1664716656790035
0.01,adam-m-aware,265,5.309561741326663e-05,4.5522392370401465e-05,1.166362632729058
0.01,adam-m-aware,266,5.310255649140963e-05,4.5532499107483035e-05,1.166256136436897
0.01,adam-m-aware,267,5.310945767468946e-05,4.554263725203628e-05,1.1661480511279538
0.01,adam-m-aware,268,5.311593608545407e-05,4.555281061352726e-05,1.1660298315309854
0.01,adam-m-aware,269,5.3121955623751804e-05,4.556301728758554e-05,1.1659007411308082
0.01,adam-m-aware,270,5.312817185209227e-05,4.5573258218967156e-05,1.1657751481543366
0.01,adam-m-aware,271,5.31341793843861e-05,4.558352577814784e-05,1.1656443523694682
0.01,adam-m-aware,272,5.313974229549236e-05,4.5593824251744e-05,1.1655030734444198
0.01,adam-m-aware,273,5.314525923525365e-05,4.560414774605442e-05,1.1653602108999324
0.01,adam-m-aware,274,5.3150885253059196e-05,4.561451793406738e-05,1.1652186115369039
0.01,adam-m-aware,275,5.315631118330625e-05,4.562491815269846e-05,1.1650719241928624
0.01,adam-m-aware,276,5.3161241777430983e-05,4.563535127275642e-05,1.1649136096201675
0.01,adam-m-aware,277,5.316579463542513e-05,4.5645823923810404e-05,1.164746083325534
0.01,adam-m-aware,278,5.3170724767578175e-05,4.565632568986446e-05,1.1645861545836547
0.01,adam-m-aware,279,5.317574759999155e-05,4.5666862236052264e-05,1.164427442488293
0.01,adam-m-aware,280,5.318176137736333e-05,4.56774253553608e-05,1.164289820707283
0.01,adam-m-aware,281,5.3187213332637116e-05,4.56880292264212e-05,1.1641389272680462
0.01,adam-m-aware,282,5.319293210968158e-05,4.5698663374664535e-05,1.163993171388288
0.01,adam-m-aware,283,5.319822927445414e-05,4.5709330618163806e-05,1.1638374168908616
0.01,adam-m-aware,284,5.320315540413715e-05,4.572003725357622e-05,1.1636726170859715
0.01,adam-m-aware,285,5.3208882693666874e-05,4.573076663996804e-05,1.1635248346605034
0.01,adam-m-aware,286,5.321455888271284e-05,4.5741534356426106e-05,1.1633750295312704
0.01,adam-m-aware,287,5.32201726637999e-05,4.5752338140563176e-05,1.1632230138773143
0.01,adam-m-aware,288,5.3225388177596504e-05,4.5763167618761944e-05,1.1630617141933857
0.01,adam-m-aware,289,5.3231030670972434e-05,4.577403275998245e-05,1.1629089127910355
0.01,adam-m-aware,290,5.3236318836013936e-05,4.578491159662134e-05,1.1627480971251338
0.01,adam-m-aware,291,5.32428472679013e-05,4.579582248139941e-05,1.1626136268111922
0.01,adam-m-aware,292,5.324913214125011e-05,4.5806775716689594e-05,1.1624728287053154
0.01,adam-m-aware,293,5.3256171107776724e-05,4.581777861843888e-05,1.1623472964781478
0.01,adam-m-aware,294,5.326312096948693e-05,4.582880491086797e-05,1.1622192870418049
0.01,adam-m-aware,295,5.326999795368067e-05,4.5839877780418324e-05,1.162088568578957
0.01,adam-m-aware,296,5.3276252256961484e-05,4.585095943014546e-05,1.1619441102018497
0.01,adam-m-aware,297,5.328274721419463e-05,4.5862062675366926e-05,1.1618044219108672
0.01,adam-m-aware,298,5.3289471131914444e-05,4.587320152165729e-05,1.1616688908611674
0.01,adam-m-aware,299,5.3296018817860647e-05,4.588438374808736e-05,1.1615284866952633
0.01,adam-m-aware,300,5.330248341114144e-05,4.5895570706276664e-05,1.16138622073724
0.01,adam-m-aware,301,5.330916519551068e-05,4.590680722643851e-05,1.1612475015428436
0.01,adam-m-aware,302,5.331598668160709e-05,4.59180838696974e-05,1.1611108780780761
0.01,adam-m-aware,303,5.332286020813661e-05,4.592940160558436e-05,1.1609744160405806
0.01,adam-m-aware,304,5.332916328370646e-05,4.5940745611908e-05,1.1608249403310371
0.01,adam-m-aware,305,5.333577919833915e-05,4.595211097463511e-05,1.1606818069311269
0.01,adam-m-aware,306,5.3343198193457225e-05,4.596350817164356e-05,1.160555412660308
0.01,adam-m-aware,307,5.334990146927771e-05,4.597494101053276e-05,1.1604126138422965
0.01,adam-m-aware,308,5.335669091674173e-05,4.5986406337052056e-05,1.1602709401919782
0.01,adam-m-aware,309,5.336296431017988e-05,4.5997900395583945e-05,1.1601173934300493
0.01,adam-m-aware,310,5.3369340013317784e-05,4.600943493598405e-05,1.159965126447957
0.01,adam-m-aware,311,5.3376160242995236e-05,4.602096898470007e-05,1.1598226074018658
0.01,adam-m-aware,312,5.3382575300529734e-05,4.6032528293299503e-05,1.1596707215471391
0.01,adam-m-aware,313,5.338970997318032e-05,4.60441301135664e-05,1.1595334702055675
0.01,adam-m-aware,314,5.339620456037593e-05,4.605576318734217e-05,1.1593816031920883
0.01,adam-m-aware,315,5.3402797472177136e-05,4.606743504625021e-05,1.1592309712612057
0.01,adam-m-aware,316,5.340960225215084e-05,4.6079117843141085e-05,1.1590847384267124
0.01,adam-m-aware,317,5.3416104071700576e-05,4.609083140546145e-05,1.1589312330211325
0.01,adam-m-aware,318,5.342241247237335e-05,4.6102573023622815e-05,1.1587729050393754
0.01,adam-m-aware,319,5.342967067257257e-05,4.611435246592329e-05,1.1586343039741265
0.01,adam-m-aware,320,5.343576424703853e-05,4.61261697766236e-05,1.1584695739059474
0.01,adam-m-aware,321,5.344247766720882e-05,4.6138011530828393e-05,1.158317749162201
0.01,adam-m-aware,322,5.3449458855107715e-05,4.6149890116036584e-05,1.1581708801628243
0.01,adam-m-aware,323,5.345575554094624e-05,4.6161795808096166e-05,1.158008578417801
0.01,adam-m-aware,324,5.346200642495492e-05,4.61737294784827e-05,1.1578446668439164
0.01,adam-m-aware,325,5.346863433883172e-05,4.618570362099118e-05,1.157687988854856
0.01,adam-m-aware,326,5.347601648997917e-05,4.619770071818669e-05,1.1575471432267022
0.01,adam-m-aware,327,5.348257824686768e-05,4.6209715631066265e-05,1.1573881707878755
0.01,adam-m-aware,328,5.3489891384664956e-05,4.622176461157122e-05,1.1572446840611148
0.01,adam-m-aware,329,5.3496809918858106e-05,4.623384529884812e-05,1.1570919436413596
0.01,adam-m-aware,330,5.350318420035636e-05,4.624596096486643e-05,1.15692663930161
0.01,adam-m-aware,331,5.3509850428907476e-05,4.6258122274646906e-05,1.1567665914151273
0.01,adam-m-aware,332,5.351682889929931e-05,4.627029930578017e-05,1.156612982890601
0.01,adam-m-aware,333,5.352436724607646e-05,4.628251169933164e-05,1.1564706685279011
0.01,adam-m-aware,334,5.353168220400607e-05,4.629474430579504e-05,1.1563230990197981
0.01,adam-m-aware,335,5.353890809554811e-05,4.630701809878097e-05,1.1561726557590095
0.01,adam-m-aware,336,5.354555966437167e-05,4.631931695355649e-05,1.1560092675386555
0.01,adam-m-aware,337,5.3552432604249005e-05,4.633165650550872e-05,1.1558497287460843
0.01,adam-m-aware,338,5.355880683995753e-05,4.634401514768194e-05,1.1556790379358501
0.01,adam-m-aware,339,5.3565671421667816e-05,4.635640036211205e-05,1.1555183535227218
0.01,adam-m-aware,340,5.3573296485605906e-05,4.636882044398003e-05,1.1553732868907003
0.01,adam-m-aware,341,5.35803940138957e-05,4.638126547091819e-05,1.1552163027438629
0.01,adam-m-aware,342,5.3586667737907886e-05,4.639375091325217e-05,1.155040639807399
0.01,adam-m-aware,343,5.359361416784419e-05,4.6406259264588133e-05,1.1548789972981213
0.01,adam-m-aware,344,5.36007852018028e-05,4.6418795623498584e-05,1.15472158382904
0.01,adam-m-aware,345,5.360803007199995e-05,4.643136991195861e-05,1.1545649024280233
0.01,adam-m-aware,346,5.361506508970326e-05,4.644395531898093e-05,1.1544035111021564
0.01,adam-m-aware,347,5.362254372624881e-05,4.6456583953578354e-05,1.1542506823108436
0.01,adam-m-aware,348,5.362929566238152e-05,4.6469234395678904e-05,1.1540817566679862
0.01,adam-m-aware,349,5.363583110593371e-05,4.648190463269132e-05,1.1539077739988077
0.01,adam-m-aware,350,5.3642550670083194e-05,4.6494597196019205e-05,1.153737292183187
0.01,adam-m-aware,351,5.3648922145185825e-05,4.65073134115434e-05,1.153558832144233
0.01,adam-m-aware,352,5.36544049182799e-05,4.65200700720778e-05,1.153360363282949
0.01,adam-m-aware,353,5.366004727427073e-05,4.6532870802029566e-05,1.153164340591905
0.01,adam-m-aware,354,5.366602584064661e-05,4.654570728770992e-05,1.1529747632563478
0.01,adam-m-aware,355,5.367243490131418e-05,4.655855711213142e-05,1.1527942064881807
0.01,adam-m-aware,356,5.367975567275086e-05,4.657142290743118e-05,1.1526329307019185
0.01,adam-m-aware,357,5.368731828949742e-05,4.65843205129152e-05,1.1524761485919488
0.01,adam-m-aware,358,5.36949296548487e-05,4.659725727745975e-05,1.1523195310643803
0.01,adam-m-aware,359,5.370229587995159e-05,4.6610214912774415e-05,1.1521572252015826
0.01,adam-m-aware,360,5.371042211669089e-05,4.662319749014605e-05,1.1520106944197197
0.01,adam-m-aware,361,5.371904987255489e-05,4.663619150960758e-05,1.1518747164739676
0.01,adam-m-aware,362,5.372660959241628e-05,4.6649235338251755e-05,1.151714689487336
0.01,adam-m-aware,363,5.3733746014656824e-05,4.666230869747847e-05,1.1515449516873235
0.01,adam-m-aware,364,5.3741173297504174e-05,4.6675415568381284e-05,1.1513807138743368
0.01,adam-m-aware,365,5.374923906114729e-05,4.668855100431948e-05,1.151229539254165
0.01,adam-m-aware,366,5.375741696662865e-05,4.670171914148833e-05,1.1510800449072176
0.01,adam-m-aware,367,5.376611823661323e-05,4.6714907956650044e-05,1.1509413287618266
0.01,adam-m-aware,368,5.3773886214200536e-05,4.672812397276623e-05,1.1507820482059299
0.01,adam-m-aware,369,5.3782100477630476e-05,4.674137727195826e-05,1.1506314879150166
0.01,adam-m-aware,370,5.379017866627523e-05,4.675466430080392e-05,1.1504772726033738
0.01,adam-m-aware,371,5.3798619411124784e-05,4.676797516299002e-05,1.150330310936756
0.01,adam-m-aware,372,5.38071357774912e-05,4.678131008942997e-05,1.1501844577381488
0.01,adam-m-aware,373,5.381479349398372e-05,4.6794689962399984e-05,1.1500192337469157
0.01,adam-m-aware,374,5.3821956149661655e-05,4.6808100968625337e-05,1.1498427630238104
0.01,adam-m-aware,375,5.382883648606841e-05,4.682155341842471e-05,1.1496593460926536
0.01,adam-m-aware,376,5.383500346624644e-05,4.6835037185422216e-05,1.1494600346554869
0.01,adam-m-aware,377,5.3841427511887865e-05,4.68485468168291e-05,1.1492656906178946
0.01,adam-m-aware,378,5.3848035878339386e-05,4.686210162403756e-05,1.1490742841699282
0.01,adam-m-aware,379,5.3854377579168204e-05,4.687568174978649e-05,1.1488766790984006
0.01,adam-m-aware,380,5.386155518240498e-05,4.688928944424378e-05,1.1486963402687504
0.01,adam-m-aware,381,5.386861176784927e-05,4.690292630985206e-05,1.1485128115883476
0.01,adam-m-aware,382,5.3875377320818695e-05,4.6916602080216686e-05,1.148322234178513
0.01,adam-m-aware,383,5.388252419607464e-05,4.6930314648925356e-05,1.1481389928696861
0.01,adam-m-aware,384,5.3890323804462173e-05,4.6944060624405245e-05,1.1479689461811429
0.01,adam-m-aware,385,5.3897470152025705e-05,4.6957834183824174e-05,1.147784413161714
0.01,adam-m-aware,386,5.390551402090818e-05,4.69716497143538e-05,1.147618070660088
0.01,adam-m-aware,387,5.3912973135254516e-05,4.6985489034892434e-05,1.147438799566768
0.01,adam-m-aware,388,5.392036600292572e-05,4.699937031682792e-05,1.147257200244229
0.01,adam-m-aware,389,5.392751301386508e-05,4.701328527150088e-05,1.1470696570646928
0.01,adam-m-aware,390,5.393505185339006e-05,4.702723099089759e-05,1.146889806542714
0.01,adam-m-aware,391,5.394229177405299e-05,4.704120982136034e-05,1.1467029011137173
0.01,adam-m-aware,392,5.3949741612129564e-05,4.7055219879024096e-05,1.1465198069593732
0.01,adam-m-aware,393,5.395701095809519e-05,4.7069260682384586e-05,1.1463322384047623
0.01,adam-m-aware,394,5.396395292735497e-05,4.708334528108182e-05,1.1461367624835654
0.01,adam-m-aware,395,5.397132876141856e-05,4.7097463242179994e-05,1.1459498037907572
0.01,adam-m-aware,396,5.3977934014473425e-05,4.711162388874789e-05,1.145745562537603
0.01,adam-m-aware,397,5.3984627413806534e-05,4.7125807671883564e-05,1.1455427520665098
0.01,adam-m-aware,398,5.399136676400504e-05,4.714003101946545e-05,1.1453400771355131
0.01,adam-m-aware,399,5.399770481773953e-05,4.715428486760283e-05,1.14512827348249
0.01,adam-m-aware,400,5.4004227590379316e-05,4.716857119395884e-05,1.1449197256434167
0.01,adam-m-aware,401,5.401136188192074e-05,4.718290448688888e-05,1.1447231252355257
0.01,adam-m-aware,402,5.401872823573677e-05,4.7197269489344186e-05,1.1445307921453525
0.01,adam-m-aware,403,5.402636183489332e-05,4.721165771562212e-05,1.144343673766326
0.01,adam-m-aware,404,5.403444309705368e-05,4.722606586854641e-05,1.1441656657884307
0.01,adam-m-aware,405,5.4042687272965774e-05,4.7240516745707695e-05,1.1439901803757497
0.01,adam-m-aware,406,5.405143521065605e-05,4.725500036647013e-05,1.1438246702249175
0.01,adam-m-aware,407,5.406031356864991e-05,4.726953980344484e-05,1.1436606701364624
0.01,adam-m-aware,408,5.406910082686478e-05,4.728409698695822e-05,1.1434944150837434
0.01,adam-m-aware,409,5.4077788920046e-05,4.729868507546847e-05,1.1433254187460176
0.01,adam-m-aware,410,5.408629959449684e-05,4.731330531845063e-05,1.1431519998541502
0.01,adam-m-aware,411,5.409476861968588e-05,4.732797199194004e-05,1.1429766867867954
0.01,adam-m-aware,412,5.410294422910122e-05,4.734267519024456e-05,1.1427944029713322
0.01,adam-m-aware,413,5.411064741604711e-05,4.735740883278119e-05,1.142601522121102
0.01,adam-m-aware,414,5.411811880391055e-05,4.737216688087021e-05,1.1424032795460848
0.01,adam-m-aware,415,5.412607633160533e-05,4.7386949697860267e-05,1.1422148223659427
0.01,adam-m-aware,416,5.4132832699079736e-05,4.740176802163478e-05,1.1420002872967272
0.01,adam-m-aware,417,5.414074496544067e-05,4.741662331528605e-05,1.1418093735912846
0.01,adam-m-aware,418,5.414849461636837e-05,4.743152021160441e-05,1.1416141497214884
0.01,adam-m-aware,419,5.415639174231123e-05,4.7446450101179546e-05,1.14142136296441
0.01,adam-m-aware,420,5.4164396674159576e-05,4.746141228283737e-05,1.1412301924640806
0.01,adam-m-aware,421,5.417256781117649e-05,4.747642815521806e-05,1.1410413528597028
0.01,adam-m-aware,422,5.4180201526759174e-05,4.749145646753959e-05,1.1408410176637
0.01,adam-m-aware,423,5.418893050902626e-05,4.750652948481969e-05,1.140662790918917
0.01,adam-m-aware,424,5.419766623124391e-05,4.752164987436013e-05,1.1404836821645319
0.01,adam-m-aware,425,5.42062822738878e-05,4.75368144316986e-05,1.140301110243135
0.01,adam-m-aware,426,5.421452330724524e-05,4.7552014210548856e-05,1.1401099239917871
0.01,adam-m-aware,427,5.422271781695625e-05,4.756723057233457e-05,1.139917484464453
0.01,adam-m-aware,428,5.423048128512842e-05,4.758247122661465e-05,1.1397155273178685
0.01,adam-m-aware,429,5.4238181364761206e-05,4.7597767320972785e-05,1.139511040486609
0.01,adam-m-aware,430,5.4246936747348685e-05,4.7613084276939654e-05,1.139328349993533
0.01,adam-m-aware,431,5.425533901542811e-05,4.762845352947971e-05,1.139137112269385
0.01,adam-m-aware,432,5.4263666183298486e-05,4.764385914987956e-05,1.1389435522549534
0.01,adam-m-aware,433,5.427186605742171e-05,4.765928910195399e-05,1.1387468650932229
0.01,adam-m-aware,434,5.427933819489827e-05,4.767477040404366e-05,1.1385338143189971
0.01,adam-m-aware,435,5.428747594271397e-05,4.769028194412457e-05,1.1383341370537268
0.01,adam-m-aware,436,5.4294681901250444e-05,4.770582422340165e-05,1.1381143243012388
0.01,adam-m-aware,437,5.4302571081947576e-05,4.7721410711925955e-05,1.1379079174701963
0.01,adam-m-aware,438,5.431011113313046e-05,4.773702815437612e-05,1.1376935941110062
0.01,adam-m-aware,439,5.4318119845922016e-05,4.7752672644402925e-05,1.1374885810142947
0.01,adam-m-aware,440,5.4325601010410025e-05,4.7768365872182134e-05,1.1372714979569039
0.01,adam-m-aware,441,5.433364982960391e-05,4.77841103262871e-05,1.1370652180943455
0.01,adam-m-aware,442,5.4342173906089435e-05,4.779988792859383e-05,1.1368682283788791
0.01,adam-m-aware,443,5.4350711397052255e-05,4.781569056352212e-05,1.1366710541354308
0.01,adam-m-aware,444,5.435914243128092e-05,4.783152382859272e-05,1.1364710567465994
0.01,adam-m-aware,445,5.436714311281774e-05,4.784740744043329e-05,1.1362610018212809
0.01,adam-m-aware,446,5.437596089956447e-05,4.7863337241017093e-05,1.1360670616374466
0.01,adam-m-aware,447,5.438487369084167e-05,4.787928308090163e-05,1.13587485424432
0.01,adam-m-aware,448,5.4393330031206464e-05,4.7895268637506054e-05,1.1356723028923963
0.01,adam-m-aware,449,5.440170361426722e-05,4.791129615436105e-05,1.1354671649665942
0.01,adam-m-aware,450,5.440976651007903e-05,4.792737348101603e-05,1.1352545019315667
0.01,adam-m-aware,451,5.4418034554567974e-05,4.794346862800549e-05,1.1350458386062718
0.01,adam-m-aware,452,5.442619213003969e-05,4.795959596165706e-05,1.1348342503459072
0.01,adam-m-aware,453,5.443428339085629e-05,4.7975752385254455e-05,1.1346207341104022
0.01,adam-m-aware,454,5.444170085729251e-05,4.799194869650786e-05,1.1343923790544885
0.01,adam-m-aware,455,5.444976256811911e-05,4.800819183717099e-05,1.1341764912287458
0.01,adam-m-aware,456,5.4457777461676944e-05,4.802445832748276e-05,1.133959223242558
0.01,adam-m-aware,457,5.446729800364833e-05,4.8040739567296267e-05,1.1337730953818816
0.01,adam-m-aware,458,5.4477160235633275e-05,4.8057050511082686e-05,1.133593503060909
0.01,adam-m-aware,459,5.448641663919562e-05,4.807339879845121e-05,1.1334005500137638
0.01,adam-m-aware,460,5.449527913176107e-05,4.808978693376817e-05,1.1331985980061607
0.01,adam-m-aware,461,5.4503634326325654e-05,4.810618602495649e-05,1.1329859801824718
0.01,adam-m-aware,462,5.4510901639771706e-05,4.812263511466217e-05,1.1327497239061861
0.01,adam-m-aware,463,5.451966073102011e-05,4.81391042753117e-05,1.132544145799171
0.01,adam-m-aware,464,5.452852585569646e-05,4.815562516130835e-05,1.1323396939202972
0.01,adam-m-aware,465,5.4536727229944315e-05,4.8172173066681245e-05,1.1321209685611044
0.01,adam-m-aware,466,5.4545193134368165e-05,4.818876965077368e-05,1.131906739467718
0.01,adam-m-aware,467,5.4553773292017636e-05,4.820540698877609e-05,1.1316940712629948
0.01,adam-m-aware,468,5.456211526788306e-05,4.822206073065486e-05,1.1314762256354136
0.01,adam-m-aware,469,5.4570554667587326e-05,4.8238757490594035e-05,1.1312595412149227
0.01,adam-m-aware,470,5.457867236346637e-05,4.825549960304289e-05,1.131035277065596
0.01,adam-m-aware,471,5.4588022060783775e-05,4.8272273133199524e-05,1.1308359544237117
0.01,adam-m-aware,472,5.459699607637902e-05,4.828909102339822e-05,1.1306279517650133
0.01,adam-m-aware,473,5.460578166752872e-05,4.8305916686517004e-05,1.1304160113945239
0.01,adam-m-aware,474,5.4614303488299916e-05,4.832278039076274e-05,1.1301978703762634
0.01,adam-m-aware,475,5.462307894352235e-05,4.8339679287583755e-05,1.1299843058237358
0.01,adam-m-aware,476,5.463208646683696e-05,4.835661459807907e-05,1.129774838890545
0.01,adam-m-aware,477,5.464142550309712e-05,4.837361544704447e-05,1.1295708414210666
0.01,adam-m-aware,478,5.464971487152803e-05,4.839063748512765e-05,1.1293448012195342
0.01,adam-m-aware,479,5.4657916595614135e-05,4.840768221520357e-05,1.1291165801457754
0.01,adam-m-aware,480,5.466652394964511e-05,4.842476971038854e-05,1.1288958992801887
0.01,adam-m-aware,481,5.4674576964923346e-05,4.844189894883657e-05,1.128662958127831
0.01,adam-m-aware,482,5.468325474536703e-05,4.845907579389774e-05,1.128441965710231
0.01,adam-m-aware,483,5.469171431431892e-05,4.847630001457493e-05,1.1282155258935862
0.01,adam-m-aware,484,5.470019596195864e-05,4.8493559273749685e-05,1.127988887208135
0.01,adam-m-aware,485,5.470843729190539e-05,4.8510853814498474e-05,1.1277566356821087
0.01,adam-m-aware,486,5.471734087705037e-05,4.852818148627435e-05,1.127537426732682
0.01,adam-m-aware,487,5.47254022582929e-05,4.85455181364924e-05,1.127300817027535
0.01,adam-m-aware,488,5.473373974357922e-05,4.856291280091166e-05,1.1270687153376788
0.1,decayed-prefix,1,0.000934994664670937,0.000934994664670937,1.0
0.1,decayed-prefix,2,0.0013251132235561672,0.001082652801877093,1.223950301757589
0.1,decayed-prefix,3,0.0014864746716213625,0.0011227947466172495,1.3239059731084475
0.1,decayed-prefix,4,0.0015547651478077888,0.0011375047731487817,1.3668207681484876
0.1,decayed-prefix,5,0.0015848287218501891,0.001143037567929906,1.386506241190644
0.1,decayed-prefix,6,0.0016013465996676437,0.001145735502586404,1.3976581820609861
0.1,decayed-prefix,7,0.001615508258061447,0.0011482698071241997,1.4069065023205907
0.1,decayed-prefix,8,0.001628101070246062,0.0011504051076193346,1.4152415174992385
0.1,decayed-prefix,9,0.0016392147964978993,0.001152197685419434,1.4226853752975355
0.1,decayed-prefix,10,0.0016489230723768873,0.0011536995864650287,1.4292482130718611
0.1,decayed-prefix,11,0.0016572752783633614,0.001154906192324929,1.4349869187445594
0.1,decayed-prefix,12,0.0016640479902351268,0.001155895547783294,1.4396179597943226
0.1,decayed-prefix,13,0.0016703659514179378,0.0011567920089071997,1.4439639438691334
0.1,decayed-prefix,14,0.0016761756436812576,0.0011576123332353021,1.4479593863661349
0.1,decayed-prefix,15,0.001680712697325266,0.00115833139205246,1.4509774222273237
0.1,decayed-prefix,16,0.0016847461230524116,0.0011589955164440818,1.4536260918604647
0.1,decayed-prefix,17,0.0016883158035943557,0.0011595659432273662,1.455989470417995
0.1,decayed-prefix,18,0.0016914858453725172,0.0011600944396407895,1.4580587472656685
0.1,decayed-prefix,19,0.0016942049142932374,0.0011605870333635136,1.4597827354517638
0.1,decayed-prefix,20,0.0016967382835944979,0.0011610603575433497,1.461369577017143
0.1,decayed-prefix,21,0.0016991863401999824,0.0011615101410275962,1.4629113256787412
0.1,decayed-prefix,22,0.0017016386487041428,0.0011619498126547961,1.4644682844057422
0.1,decayed-prefix,23,0.0017039260428474946,0.0011623669314442021,1.4659106317919965
0.1,decayed-prefix,24,0.0017062466311553541,0.0011627779205920243,1.4673882268822447
0.1,decayed-prefix,25,0.0017083666450936185,0.0011631774113097246,1.4687068614666587
0.1,decayed-prefix,26,0.0017104035714616158,0.001163572848630493,1.4699583042649491
0.1,decayed-prefix,27,0.001712291602948224,0.0011639604414162119,1.4710908910829028
0.1,decayed-prefix,28,0.0017141360995006933,0.001164344023168723,1.4721904054058952
0.1,decayed-prefix,29,0.0017160139162620922,0.0011647253674198174,1.473320633570065
0.1,decayed-prefix,30,0.0017177145308026125,0.001165104192640617,1.4743012184254078
0.1,decayed-prefix,31,0.0017193142527052456,0.0011654775940952006,1.475201463688375
0.1,decayed-prefix,32,0.0017208098473753446,0.0011658320984491446,1.4760357427664434
0.1,decayed-prefix,33,0.0017222060381169267,0.0011661880622733656,1.476782428007075
0.1,decayed-prefix,34,0.0017233903142291403,0.0011665395403173988,1.4773526782986117
0.1,decayed-prefix,35,0.001724656688995957,0.0011668842283424161,1.4780015421460178
0.1,decayed-prefix,36,0.0017259859099442525,0.0011672313391815565,1.4787007956404645
0.1,decayed-prefix,37,0.001727276494756797,0.0011675786485031035,1.4793662910599257
0.1,decayed-prefix,38,0.001728345691962588,0.0011679230962449404,1.4798454603042752
0.1,decayed-prefix,39,0.0017294509842979743,0.0011682696620400662,1.4803525594236155
0.1,decayed-prefix,40,0.0017305459017175498,0.001168615527705968,1.4808513670143253
0.1,decayed-prefix,41,0.001731618950013209,0.0011689608717701083,1.4813318322546514
0.1,decayed-prefix,42,0.0017326808622489679,0.0011693073217339954,1.4818010885962225
0.1,decayed-prefix,43,0.0017338291976711053,0.0011696555971801338,1.4823416412926251
0.1,decayed-prefix,44,0.0017349056487364256,0.0011700062764769031,1.4828173862114098
0.1,decayed-prefix,45,0.0017358871005888755,0.0011703569825615794,1.4832116409384009
0.1,decayed-prefix,46,0.0017368379075210238,0.0011707104951180437,1.483575926553812
0.1,decayed-prefix,47,0.0017377329283351827,0.0011710654384079968,1.483890542186559
0.1,decayed-prefix,48,0.0017386894659538739,0.0011714222660979953,1.4842550942329653
0.1,decayed-prefix,49,0.0017397147564363045,0.0011717832182580573,1.4846728723615956
0.1,decayed-prefix,50,0.001740824713998154,0.0011721438890948256,1.485162982287512
0.1,decayed-prefix,51,0.0017419495257969793,0.0011725079804818866,1.4856611253776364
0.1,decayed-prefix,52,0.0017428811991899123,0.0011728721217312845,1.4859942246877125
0.1,decayed-prefix,53,0.0017436650940388587,0.0011732329320159067,1.4862053787075404
0.1,decayed-prefix,54,0.001744388445743539,0.0011735960225623865,1.4863619271092154
0.1,decayed-prefix,55,0.0017451508265895603,0.0011739636277013506,1.4865459077353258
0.1,decayed-prefix,56,0.0017459627325403548,0.001174333845181045,1.4867686388372658
0.1,decayed-prefix,57,0.0017468958771940696,0.0011747044547196128,1.4870939410977475
0.1,decayed-prefix,58,0.0017478586354879098,0.0011750782300813903,1.4874402322701925
0.1,decayed-prefix,59,0.0017488028720194224,0.0011754544224931664,1.48776748681601
0.1,decayed-prefix,60,0.0017497651095320377,0.0011758343334506368,1.488105135012623
0.1,decayed-prefix,61,0.0017506713305606898,0.001176217144846418,1.4883912704650124
0.1,decayed-prefix,62,0.0017515143066431855,0.001176602842368478,1.4886198159418196
0.1,decayed-prefix,63,0.0017522595726979636,0.001176991397060669,1.4887615806487005
0.1,decayed-prefix,64,0.001752982434751006,0.0011773838126642531,1.48887934070051
0.1,decayed-prefix,65,0.0017536972139725424,0.0011777794775638384,1.4889860516163458
0.1,decayed-prefix,66,0.0017545263773952435,0.0011781791219587603,1.4891847467796642
0.1,decayed-prefix,67,0.0017553129261114817,0.0011785823050258174,1.4893426777462357
0.1,decayed-prefix,68,0.0017560721514282757,0.0011789884013612422,1.4894736448643102
0.1,decayed-prefix,69,0.0017568268430105283,0.0011793978749481977,1.4895964121418253
0.1,decayed-prefix,70,0.0017576412538929818,0.0011798099735484103,1.4897663973857413
0.1,decayed-prefix,71,0.001758467143289143,0.0011802263057649435,1.4899406450269066
0.1,decayed-prefix,72,0.0017593536328582597,0.0011806468501422843,1.490160781478588
0.1,decayed-prefix,73,0.0017603185477602027,0.0011810722850583,1.4904409916564167
0.1,decayed-prefix,74,0.0017612482604828352,0.0011815010262293207,1.4906870340212381
0.1,decayed-prefix,75,0.0017620840774667521,0.0011819321439040975,1.4908504574943926
0.1,decayed-prefix,76,0.0017628987329898183,0.001182366192333369,1.4909921684336924
0.1,decayed-prefix,77,0.0017637408762291441,0.0011828032175575623,1.4911532620541843
0.1,decayed-prefix,78,0.0017645151334299612,0.001183241710281109,1.4912550141684544
0.1,decayed-prefix,79,0.0017652064467251866,0.0011836822208563273,1.4912840757616173
0.1,decayed-prefix,80,0.0017658312241278652,0.0011841268036921282,1.4912517972078432
0.1,decayed-prefix,81,0.001766468555492013,0.0011845746228087344,1.4912260667070134
0.1,decayed-prefix,82,0.001767061490053943,0.0011850264357285204,1.4911578651556445
0.1,decayed-prefix,83,0.0017675736462371698,0.0011854840093089166,1.4910143303135612
0.1,decayed-prefix,84,0.0017680793511287512,0.0011859440463750828,1.4908623695468635
0.1,decayed-prefix,85,0.0017685618656147586,0.001186406435527457,1.490688024486722
0.1,decayed-prefix,86,0.0017690157786377544,0.001186872078173928,1.4904856312396266
0.1,decayed-prefix,87,0.0017694315158088435,0.0011873408665626056,1.4902472959862076
0.1,decayed-prefix,88,0.001769854957881222,0.001187812664273836,1.4900118605514407
0.1,decayed-prefix,89,0.0017703456580551867,0.0011882878212450935,1.4898290013611435
0.1,decayed-prefix,90,0.0017708793450578204,0.0011887654722288025,1.4896793239945127
0.1,decayed-prefix,91,0.0017713967933885488,0.0011892468115297674,1.4895114926647923
0.1,decayed-prefix,92,0.0017718562402565623,0.001189733284845815,1.4892886185715046
0.1,decayed-prefix,93,0.0017723359397032554,0.0011902235542492188,1.4890781932317139
0.1,decayed-prefix,94,0.0017728044035080859,0.0011907164688311485,1.4888551976175626
0.1,decayed-prefix,95,0.0017732605776203862,0.0011912130599179035,1.4886174751497405
0.1,decayed-prefix,96,0.001773820208990675,0.0011917129634960212,1.4884626276003394
0.1,decayed-prefix,97,0.0017744163203399675,0.00119221522846643,1.4883355605366946
0.1,decayed-prefix,98,0.0017751261813734372,0.0011927198904171938,1.4883009796646616
0.1,decayed-prefix,99,0.0017757962054952428,0.0011932279850905734,1.4882287607095042
0.1,decayed-prefix,100,0.0017763675798580425,0.0011937394057589406,1.4880698176573017
0.1,decayed-prefix,101,0.0017769564140484508,0.0011942552472108893,1.4879201227697552
0.1,decayed-prefix,102,0.0017775273777996255,0.0011947732653040247,1.487752889538679
0.1,decayed-prefix,103,0.0017780841777043838,0.0011952944568514078,1.4875700021132325
0.1,decayed-prefix,104,0.0017786943032956565,0.0011958182511694272,1.4874286301921023
0.1,decayed-prefix,105,0.0017794006574652517,0.0011963465403407587,1.4873622294744298
0.1,decayed-prefix,106,0.0017801353460870722,0.001196879385702909,1.4873138992544566
0.1,decayed-prefix,107,0.001780901562322126,0.001197416480884515,1.4872866632056032
0.1,decayed-prefix,108,0.0017817096374609413,0.0011979575624277076,1.4872894444192475
0.1,decayed-prefix,109,0.0017824692190931577,0.0011985018380656592,1.4872477976087228
0.1,decayed-prefix,110,0.0017830705315059286,0.0011990459791959708,1.487074359485013
0.1,decayed-prefix,111,0.0017837248923557416,0.0011995945387834573,1.4869398239880847
0.1,decayed-prefix,112,0.001784423526284423,0.0012001462777769347,1.486838362395092
0.1,decayed-prefix,113,0.0017852456969274274,0.0012006997807460166,1.486837697112114
0.1,decayed-prefix,114,0.0017860775994928773,0.0012012558725015647,1.4868419296660302
0.1,decayed-prefix,115,0.001786876658885306,0.0012018145874665583,1.486815584966452
0.1,decayed-prefix,116,0.0017875867720633235,0.0012023746695441675,1.4867135987994624
0.1,decayed-prefix,117,0.0017882620841163223,0.0012029368774471906,1.4865801503328073
0.1,decayed-prefix,118,0.0017889482597368994,0.001203501529259645,1.4864528347025883
0.1,decayed-prefix,119,0.0017896639130166874,0.0012040692127769142,1.4863463777877277
0.1,decayed-prefix,120,0.0017903326552133553,0.0012046407628490718,1.486196308830755
0.1,decayed-prefix,121,0.001791079908569091,0.0012052163092614511,1.4861065974676806
0.1,decayed-prefix,122,0.0017918677182320892,0.001205795507165215,1.48604610614673
0.1,decayed-prefix,123,0.0017926736751514823,0.0012063775328943521,1.4859972324339321
0.1,decayed-prefix,124,0.0017935819525012275,0.0012069638370392315,1.4860279135628556
0.1,decayed-prefix,125,0.0017943103995450348,0.0012075523143500028,1.4859069691824243
0.1,decayed-prefix,126,0.0017950768255477446,0.0012081420825500772,1.4858159909129223
0.1,decayed-prefix,127,0.0017959191260177982,0.0012087356037037808,1.4857832602223204
0.1,decayed-prefix,128,0.0017967465971535069,0.001209332705320614,1.4857339003968804
0.1,decayed-prefix,129,0.0017975598904192483,0.001209934180381724,1.4856675012289786
0.1,decayed-prefix,130,0.001798340896998446,0.0012105382996535038,1.4855712516598532
0.1,decayed-prefix,131,0.0017992758527800607,0.0012111458296001174,1.4855980252800156
0.1,decayed-prefix,132,0.0018001533861612897,0.0012117577432085136,1.4855720099587
0.1,decayed-prefix,133,0.0018011706618006546,0.0012123731798494586,1.485656967456429
0.1,decayed-prefix,134,0.001802287960023157,0.001212991519183943,1.4858207427828278
0.1,decayed-prefix,135,0.0018034446814360324,0.00121361383155877,1.4860119706444688
0.1,decayed-prefix,136,0.0018044428430740427,0.001214238479324197,1.4860695603044412
0.1,decayed-prefix,137,0.001805302689401139,0.0012148650248866575,1.4860109167844118
0.1,decayed-prefix,138,0.00180609945369134,0.0012154936686190126,1.4858978704046613
0.1,decayed-prefix,139,0.0018069106513686685,0.0012161259594195629,1.4857923534755213
0.1,decayed-prefix,140,0.001807698572534946,0.0012167614428758606,1.4856639180334181
0.1,decayed-prefix,141,0.0018085587791299637,0.00121740076526078,1.4855903090734064
0.1,decayed-prefix,142,0.0018093669966461343,0.0012180427026473957,1.4854709056698137
0.1,decayed-prefix,143,0.0018100807089644567,0.001218686801075518,1.485271447403074
0.1,decayed-prefix,144,0.0018107207244792815,0.0012193383356363771,1.485002703153969
0.1,decayed-prefix,145,0.0018113117541356907,0.0012199960210779843,1.4846866078589518
0.1,decayed-prefix,146,0.001812048402632908,0.0012206609327917685,1.4844813608383287
0.1,decayed-prefix,147,0.0018128644574176582,0.0012213298221775803,1.4843365195041223
0.1,decayed-prefix,148,0.0018137590669287762,0.0012220022999648993,1.4842517620309508
0.1,decayed-prefix,149,0.001814811150733674,0.0012226787148738277,1.484291113157188
0.1,decayed-prefix,150,0.0018159643404286824,0.0012233559055845318,1.4844121258081444
0.1,decayed-prefix,151,0.001817154054003412,0.001224034199705277,1.4845615052593681
0.1,decayed-prefix,152,0.0018183303505054447,0.001224714183059349,1.4846977161342545
0.1,decayed-prefix,153,0.0018194461681267052,0.0012253967263029925,1.4847813194474193
0.1,decayed-prefix,154,0.0018204237222451932,0.0012260788538055731,1.4847525643190556
0.1,decayed-prefix,155,0.001821343792321271,0.0012267624478385305,1.4846752079266456
0.1,decayed-prefix,156,0.0018222643080674733,0.0012274483335058689,1.4845955290539
0.1,decayed-prefix,157,0.0018231043500731934,0.0012281360267781837,1.4844482291231313
0.1,decayed-prefix,158,0.0018239205654030104,0.0012288265008343275,1.4842783453682322
0.1,decayed-prefix,159,0.0018247021400763642,0.0012295178920210452,1.484079371205386
0.1,decayed-prefix,160,0.001825477141960929,0.0012302124206356297,1.4838714935244566
0.1,decayed-prefix,161,0.001826245569468333,0.0012309096983643664,1.4836551957426685
0.1,decayed-prefix,162,0.0018269503131271442,0.0012316122912237127,1.48338103325675
0.1,decayed-prefix,163,0.0018277855903165222,0.001232317583838313,1.483209859445078
0.1,decayed-prefix,164,0.0018288481418560858,0.0012330299632603689,1.4832146795689043
0.1,decayed-prefix,165,0.0018298246623034424,0.0012337421017229262,1.4831500519825693
0.1,decayed-prefix,166,0.0018309280841294568,0.0012344598819759107,1.483181520001138
0.1,decayed-prefix,167,0.0018320097756635747,0.0012351810136187029,1.4831913342776748
0.1,decayed-prefix,168,0.0018331041651955978,0.001235901810473198,1.483211813156698
0.1,decayed-prefix,169,0.00183419853910481,0.0012366255544298279,1.483228720718541
0.1,decayed-prefix,170,0.0018353498357458033,0.0012373566316455748,1.4832828214651022
0.1,decayed-prefix,171,0.0018365237323074478,0.0012380902809908992,1.4833520305462664
0.1,decayed-prefix,172,0.0018376149508805815,0.0012388274083094059,1.4833502540828707
0.1,decayed-prefix,173,0.0018386576571540359,0.0012395665632816309,1.48330691680354
0.1,decayed-prefix,174,0.0018396420350953603,0.0012403085453277763,1.4832132230526542
0.1,decayed-prefix,175,0.0018405075221684481,0.0012410522296537432,1.4830218085841194
0.1,decayed-prefix,176,0.001841317119952558,0.0012417986822344117,1.482782311090403
0.1,decayed-prefix,177,0.0018422256516450544,0.0012425457805237267,1.4826219528656448
0.1,decayed-prefix,178,0.0018430673183399814,0.0012432955151750911,1.4824048634008187
0.1,decayed-prefix,179,0.0018440017714468958,0.001244046548333177,1.4822610728815273
0.1,decayed-prefix,180,0.001844893518367269,0.0012447997145497046,1.4820806084733424
0.1,decayed-prefix,181,0.0018458532497849318,0.0012455568620891567,1.4819502071458268
0.1,decayed-prefix,182,0.0018468179328342156,0.001246317513312873,1.4818197715324846
0.1,decayed-prefix,183,0.001847729207661581,0.0012470792305122455,1.4816454018744383
0.1,decayed-prefix,184,0.0018484259792296252,0.0012478446487873874,1.4812949520806633
0.1,decayed-prefix,185,0.001849194543958034,0.001248612500086519,1.4809995445583795
0.1,decayed-prefix,186,0.001849970367844904,0.0012493844197415758,1.4807054887298452
0.1,decayed-prefix,187,0.0018508928233313881,0.001250159030064611,1.4805259001614617
0.1,decayed-prefix,188,0.001851776129264577,0.0012509379014697633,1.4803101953253406
0.1,decayed-prefix,189,0.001852722271133803,0.0012517184880185951,1.480142930593416
0.1,decayed-prefix,190,0.0018538601431034765,0.0012525050062701763,1.4801219426851397
0.1,decayed-prefix,191,0.001854896008397466,0.00125329411819725,1.4800165272183403
0.1,decayed-prefix,192,0.0018558190263276884,0.0012540843581191187,1.4798199294272787
0.1,decayed-prefix,193,0.0018567469536042833,0.0012548783106383758,1.4796231139414049
0.1,decayed-prefix,194,0.0018576190384124907,0.0012556754503164778,1.479378320205512
0.1,decayed-prefix,195,0.0018584711574892393,0.0012564744710630241,1.4791157323848398
0.1,decayed-prefix,196,0.0018595283398848599,0.0012572771981756244,1.4790122198852678
0.1,decayed-prefix,197,0.0018605635550059318,0.0012580820563520053,1.4788888734339878
0.1,decayed-prefix,198,0.0018617081372890403,0.001258892470904339,1.4788460335708118
0.1,decayed-prefix,199,0.0018629288401855132,0.0012597061474756415,1.4788598467338478
0.1,decayed-prefix,200,0.0018642368441524663,0.0012605241463343,1.4789378288181219
0.1,decayed-prefix,201,0.0018655544291089365,0.0012613444750416787,1.4790205736995778
0.1,decayed-prefix,202,0.001866827920210678,0.0012621672206164802,1.4790654437205741
0.1,decayed-prefix,203,0.001867990046531185,0.0012629914324378498,1.4790203627316423
0.1,decayed-prefix,204,0.0018691035632621511,0.0012638179911761544,1.478934131585432
0.1,decayed-prefix,205,0.0018702080848328909,0.001264645490935111,1.478839799958494
0.1,decayed-prefix,206,0.0018712675334627911,0.0012654745931691817,1.4787081017379389
0.1,decayed-prefix,207,0.0018722399310927825,0.0012663069940646748,1.4785039803682554
0.1,decayed-prefix,208,0.0018730768250727178,0.0012671428816694882,1.4781891230804993
0.1,decayed-prefix,209,0.0018737478647554969,0.0012679816992659024,1.4777404641094605
0.1,decayed-prefix,210,0.0018742561125053075,0.0012688241062778168,1.477159917778964
0.1,decayed-prefix,211,0.0018748713806292184,0.0012696683216551433,1.4766623287766452
0.1,decayed-prefix,212,0.0018754670976573067,0.001270519470717478,1.476141956799928
0.1,decayed-prefix,213,0.001876205904998616,0.0012713733828403173,1.4757316224499446
0.1,decayed-prefix,214,0.0018771323519706485,0.0012722288660268475,1.4754675059629059
0.1,decayed-prefix,215,0.0018780127041760756,0.001273086672078922,1.4751648456968944
0.1,decayed-prefix,216,0.0018790147114801704,0.0012739460240133423,1.4749562980389592
0.1,decayed-prefix,217,0.001880015963150035,0.0012748076026164047,1.4747448629044144
0.1,decayed-prefix,218,0.0018810103418892073,0.0012756732732638436,1.474523595745322
0.1,decayed-prefix,219,0.0018820079207627874,0.0012765421103964577,1.4743014785295954
0.1,decayed-prefix,220,0.001883083714890814,0.0012774139676695279,1.474137407724021
0.1,decayed-prefix,221,0.0018841248221697143,0.0012782881216836465,1.4739437770008486
0.1,decayed-prefix,222,0.001885180465188818,0.0012791666071875175,1.4737567839843264
0.1,decayed-prefix,223,0.0018862086470354269,0.0012800493023546067,1.4735437483273581
0.1,decayed-prefix,224,0.0018872625614709982,0.0012809347059232433,1.4733479799899243
0.1,decayed-prefix,225,0.0018883200582012732,0.0012818257687430012,1.4731487728266062
0.1,decayed-prefix,226,0.0018895579809776655,0.0012827196285837836,1.4730872895925633
0.1,decayed-prefix,227,0.0018908044623271974,0.001283617270537928,1.473028219334268
0.1,decayed-prefix,228,0.0018918578876739218,0.0012845202340018278,1.4728128351703564
0.1,decayed-prefix,229,0.0018929696401251328,0.001285427871003016,1.4726377751931374
0.1,decayed-prefix,230,0.0018940807791416854,0.00128633685123818,1.4724609477824673
0.1,decayed-prefix,231,0.001895503547316853,0.0012872493464689979,1.4725224390413039
0.1,decayed-prefix,232,0.0018972505420084807,0.0012881658783800464,1.4728309248451747
0.1,decayed-prefix,233,0.001898796998264158,0.0012890818314982987,1.472984066540747
0.1,decayed-prefix,234,0.0019001760648617463,0.001289999340889019,1.4730054540587723
0.1,decayed-prefix,235,0.0019012729866296478,0.001290923726277064,1.4728004048022183
0.1,decayed-prefix,236,0.0019023044074689634,0.0012918553208594624,1.472536728186693
0.1,decayed-prefix,237,0.0019033238760623637,0.001292790946947616,1.4722595950693074
0.1,decayed-prefix,238,0.001904359109036774,0.001293725880372771,1.4719958361566183
0.1,decayed-prefix,239,0.0019056365330417076,0.0012946653098334356,1.4719144156931772
0.1,decayed-prefix,240,0.0019069795261846367,0.0012956056479053284,1.4718826899741813
0.1,decayed-prefix,241,0.0019085821318125696,0.001296550792198001,1.4720457874056838
0.1,decayed-prefix,242,0.0019101101007227325,0.001297496381652216,1.472150618478351
0.1,decayed-prefix,243,0.0019116736988709286,0.0012984415399988588,1.4722832256834673
0.1,decayed-prefix,244,0.0019132471362691902,0.0012993912050528126,1.4724181053629866
0.1,decayed-prefix,245,0.001914534041892233,0.0013003409960488058,1.4723322941518446
0.1,decayed-prefix,246,0.0019156673801776249,0.0013012934590890914,1.4721255738260581
0.1,decayed-prefix,247,0.0019165640883101304,0.0013022472769217866,1.4717359155017375
0.1,decayed-prefix,248,0.0019176674329650998,0.0013032059005957132,1.4714999618160935
0.1,decayed-prefix,249,0.0019187683064377666,0.0013041653840760693,1.4712614901959773
0.1,decayed-prefix,250,0.0019200132888476335,0.0013051305875179115,1.4711273394481557
0.1,decayed-prefix,251,0.0019214239385832621,0.001306102033098106,1.47111319781472
0.1,decayed-prefix,252,0.001923070077403022,0.0013070775508550085,1.471274658603898
0.1,decayed-prefix,253,0.001925006041493087,0.0013080585340274821,1.4716512995531152
0.1,decayed-prefix,254,0.001926828492262838,0.0013090421604573521,1.4719376888439133
0.1,decayed-prefix,255,0.0019286508775527204,0.0013100305672356675,1.4722182258864547
0.1,decayed-prefix,256,0.0019302371420653476,0.0013110148869010282,1.4723228251267493
0.1,decayed-prefix,257,0.0019317226300914685,0.0013119973392418196,1.4723525515743632
0.1,decayed-prefix,258,0.001933237688728223,0.001312981731128575,1.4724025802449714
0.1,decayed-prefix,259,0.0019347017729939315,0.0013139679971158023,1.4724116395838085
0.1,decayed-prefix,260,0.0019362627365580463,0.0013149586475273047,1.4724894506751707
0.1,decayed-prefix,261,0.0019377314518833942,0.0013159522873234751,1.4724936994672961
0.1,decayed-prefix,262,0.0019392168981538303,0.0013169488678771804,1.47250735807207
0.1,decayed-prefix,263,0.0019407366617988375,0.0013179482145488737,1.4725439439691042
0.1,decayed-prefix,264,0.001942208059989978,0.0013189510409971751,1.4725399196937574
0.1,decayed-prefix,265,0.0019436865655010076,0.0013199564291840101,1.4725384281832576
0.1,decayed-prefix,266,0.0019451269730766,0.0013209625660298375,1.4725072633380467
0.1,decayed-prefix,267,0.001946626492952327,0.001321972628817346,1.472516488252714
0.1,decayed-prefix,268,0.0019479829074256175,0.0013229854603394214,1.4724144488525586
0.1,decayed-prefix,269,0.001949469288606542,0.0013240036423111071,1.47240477768147
0.1,decayed-prefix,270,0.0019506606429937406,0.0013250223300104891,1.4721719014186718
0.1,decayed-prefix,271,0.0019518019966345362,0.0013260439314473488,1.4718984419348655
0.1,decayed-prefix,272,0.0019527967147245277,0.0013270716914622778,1.4715080784918064
0.1,decayed-prefix,273,0.001953769906435008,0.0013280976796678186,1.4711040734019514
0.1,decayed-prefix,274,0.0019548180429583757,0.0013291272428073329,1.470753122800705
0.1,decayed-prefix,275,0.0019557503333498816,0.001330160299004326,1.470311762284465
0.1,decayed-prefix,276,0.001956582526240811,0.001331198126699842,1.4697906246993844
0.1,decayed-prefix,277,0.001957336562609665,0.0013322384728460908,1.469208856000205
0.1,decayed-prefix,278,0.0019581762818595763,0.00133328254479979,1.4686881557829308
0.1,decayed-prefix,279,0.0019590439170655526,0.0013343290137013877,1.4681865544025194
0.1,decayed-prefix,280,0.001960137218448837,0.001335378293773841,1.4678516399344774
0.1,decayed-prefix,281,0.0019612001588133654,0.0013364318165752541,1.4674898745221026
0.1,decayed-prefix,282,0.001962247269375704,0.0013374882486991702,1.4671136522389405
0.1,decayed-prefix,283,0.0019630521879046487,0.0013385477181327469,1.4665537592063402
0.1,decayed-prefix,284,0.001963931979452718,0.0013396106843047892,1.466046816782392
0.1,decayed-prefix,285,0.0019649259778176083,0.0013406764683336415,1.4656227838919715
0.1,decayed-prefix,286,0.0019659411755249393,0.0013417461621397485,1.4652109549467662
0.1,decayed-prefix,287,0.001966769683964757,0.0013428180803563743,1.4646583276885805
0.1,decayed-prefix,288,0.0019675278578288598,0.0013438918268014876,1.4640522537529297
0.1,decayed-prefix,289,0.0019684472019810806,0.0013449677810656682,1.463564577302667
0.1,decayed-prefix,290,0.0019693115804787576,0.0013460509653113845,1.4630289871848894
0.1,decayed-prefix,291,0.0019705813465117094,0.0013471409947577741,1.4627877513786405
0.1,decayed-prefix,292,0.001971760565037183,0.001348236002573732,1.46247434519859
0.1,decayed-prefix,293,0.0019732126531170294,0.0013493345159559453,1.4623598742815034
0.1,decayed-prefix,294,0.001974563072952726,0.0013504343367524343,1.4621688883453714
0.1,decayed-prefix,295,0.001975811862364884,0.0013515372292688434,1.4618996943456464
0.1,decayed-prefix,296,0.0019769128717756013,0.0013526429179382682,1.4615186650951908
0.1,decayed-prefix,297,0.0019781703840414796,0.0013537484304093391,1.4612540554845417
0.1,decayed-prefix,298,0.0019792714021540933,0.0013548596375478397,1.4608682311448706
0.1,decayed-prefix,299,0.0019805601220163824,0.0013559745852553913,1.4606174360143729
0.1,decayed-prefix,300,0.0019818122739179663,0.001357092308095352,1.4603371208399187
0.1,decayed-prefix,301,0.001983030180355883,0.0013582124943287797,1.4600294052926415
0.1,decayed-prefix,302,0.001984211937011583,0.0013593367341085346,1.4596912503161676
0.1,decayed-prefix,303,0.0019854983257450707,0.0013604643269307412,1.4594269665448927
0.1,decayed-prefix,304,0.0019866715112908605,0.001361596701026907,1.459074856594854
0.1,decayed-prefix,305,0.001987884469064192,0.0013627296995366246,1.4587518491305662
0.1,decayed-prefix,306,0.001989253093516069,0.0013638654817649102,1.4585405379875702
0.1,decayed-prefix,307,0.0019906324613377306,0.0013650052332224991,1.458333208465621
0.1,decayed-prefix,308,0.0019918447278955216,0.0013661504584506514,1.4579980671780977
0.1,decayed-prefix,309,0.0019930378829200826,0.001367298514224132,1.4576464921056567
0.1,decayed-prefix,310,0.0019943688156458033,0.0013684494453250005,1.4573931265485294
0.1,decayed-prefix,311,0.0019955616113850262,0.0013696088424217916,1.4570303210487474
0.1,decayed-prefix,312,0.001996838335033704,0.001370780198853275,1.4567166469899093
0.1,decayed-prefix,313,0.0019983147188202223,0.001371948306035464,1.4565524881872387
0.1,decayed-prefix,314,0.0019998404401226754,0.0013731174821052538,1.4564234059976677
0.1,decayed-prefix,315,0.002001198790343222,0.0013742838089166886,1.4561757748719413
0.1,decayed-prefix,316,0.002002553786239793,0.0013754511893766645,1.4559250097034144
0.1,decayed-prefix,317,0.002003923147891908,0.0013766227851773286,1.4556806479370992
0.1,decayed-prefix,318,0.00200523592335547,0.0013777931180330581,1.4553969657056722
0.1,decayed-prefix,319,0.002006499724219044,0.0013789655013938622,1.45507608579828
0.1,decayed-prefix,320,0.0020076251136702944,0.0013801395106323615,1.4546537492796126
0.1,decayed-prefix,321,0.002008629324191639,0.0013813190244991527,1.4541386085085886
0.1,decayed-prefix,322,0.002009738178597363,0.001382503071054873,1.4536952724914378
0.1,decayed-prefix,323,0.002010769969298448,0.001383688479027844,1.4531955709504647
0.1,decayed-prefix,324,0.002012011294286706,0.0013848733508255795,1.452848589430408
0.1,decayed-prefix,325,0.0020132306194875593,0.0013860633449064976,1.4524809611954421
0.1,decayed-prefix,326,0.002014665305913319,0.0013872624148372806,1.4522597054210755
0.1,decayed-prefix,327,0.0020159400152717295,0.0013884639468120673,1.451921038281445
0.1,decayed-prefix,328,0.0020174983426234304,0.0013896663180341911,1.4517861708538526
0.1,decayed-prefix,329,0.0020190659120102217,0.0013908759352573717,1.4516506187423595
0.1,decayed-prefix,330,0.0020206452064309,0.0013920862628907875,1.4515229840964419
0.1,decayed-prefix,331,0.0020221595907989644,0.0013932971312506281,1.4513484205510903
0.1,decayed-prefix,332,0.0020237095686103674,0.0013945098969369066,1.4511977097154503
0.1,decayed-prefix,333,0.002025382277949932,0.001395731489454332,1.4511260176137208
0.1,decayed-prefix,334,0.002026931068283952,0.0013969621009614823,1.450956376618151
0.1,decayed-prefix,335,0.002028307348725151,0.00139818965925348,1.4506668214154175
0.1,decayed-prefix,336,0.002029425380635934,0.0013994177935920166,1.4501926372015164
0.1,decayed-prefix,337,0.00203036026961942,0.0014006496492020963,1.4495846772075007
0.1,decayed-prefix,338,0.0020311223503534704,0.0014018806394335249,1.4488554112382999
0.1,decayed-prefix,339,0.0020319631746715883,0.0014031150296452966,1.4481800363761073
0.1,decayed-prefix,340,0.002033210322406797,0.0014043730636508936,1.447770806085628
0.1,decayed-prefix,341,0.0020344826791247076,0.0014056392109167157,1.4473718884078932
0.1,decayed-prefix,342,0.002035696855263638,0.001406920958656065,1.4469162910247635
0.1,decayed-prefix,343,0.0020371167808455643,0.0014081869610649777,1.4466238057657785
0.1,decayed-prefix,344,0.0020387194039086023,0.0014094621778590558,1.4464520126431313
0.1,decayed-prefix,345,0.0020400371269099675,0.0014107374024755872,1.4460785709162272
0.1,decayed-prefix,346,0.0020419764003014214,0.0014120246751642954,1.44613365206513
0.1,decayed-prefix,347,0.0020435367997512235,0.0014133084288746915,1.445924157813404
0.1,decayed-prefix,348,0.0020453160962111963,0.0014145940399995095,1.4458678874484057
0.1,decayed-prefix,349,0.002046848938816168,0.0014158736214368748,1.4456438115846517
0.1,decayed-prefix,350,0.002048487670817527,0.0014171504781489966,1.4454976393848789
0.1,decayed-prefix,351,0.0020498782081085206,0.001418435534313166,1.445168397519815
0.1,decayed-prefix,352,0.0020510705057091476,0.0014197233208794045,1.4446973403512695
0.1,decayed-prefix,353,0.002052190726882032,0.0014210096611437,1.4441778849204485
0.1,decayed-prefix,354,0.0020536324713191986,0.0014223014411642635,1.4438799061035485
0.1,decayed-prefix,355,0.0020552935776257833,0.0014235916579916636,1.4437381436508943
0.1,decayed-prefix,356,0.0020576200869202857,0.0014248878419113123,1.444057578707557
0.1,decayed-prefix,357,0.002059966121261878,0.001426182192498361,1.4443919802793677
0.1,decayed-prefix,358,0.002062200305668478,0.0014274751017049898,1.4446488791330696
0.1,decayed-prefix,359,0.0020640602094129487,0.001428766833726301,1.444644542895616
0.1,decayed-prefix,360,0.0020663822231698306,0.001430073156329582,1.4449486126104178
0.1,decayed-prefix,361,0.002068547189446453,0.0014313773267578343,1.4451445826180935
0.1,decayed-prefix,362,0.0020703362067957557,0.0014326858434085383,1.4450734027427588
0.1,decayed-prefix,363,0.0020720548341786643,0.0014339924856408815,1.4449551548749011
0.1,decayed-prefix,364,0.0020739305171249794,0.0014352985878899062,1.4449470894930325
0.1,decayed-prefix,365,0.00207599201309766,0.0014366058917981337,1.445067171831821
0.1,decayed-prefix,366,0.0020782756545022806,0.0014379178408820295,1.4453368582084292
0.1,decayed-prefix,367,0.002080640004512685,0.001439231686942573,1.445660225097382
0.1,decayed-prefix,368,0.002082425004985438,0.001440545003361091,1.4455813599205214
0.1,decayed-prefix,369,0.0020842157872402586,0.0014418594640092954,1.4455055012399058
0.1,decayed-prefix,370,0.002085831030763982,0.0014431769968682806,1.4453050701960133
0.1,decayed-prefix,371,0.002087552071274281,0.0014444965582036818,1.4451762168753641
0.1,decayed-prefix,372,0.0020893258672582725,0.0014458184191698934,1.4450817886646128
0.1,decayed-prefix,373,0.002090924048774546,0.0014471428640487366,1.444863600352956
0.1,decayed-prefix,374,0.002092422353067369,0.0014484685351530053,1.444575634393288
0.1,decayed-prefix,375,0.0020938338512694996,0.0014497956725854782,1.4442268595928986
0.1,decayed-prefix,376,0.0020948557385600483,0.0014511254373184856,1.4436076197734518
0.1,decayed-prefix,377,0.0020958784693496184,0.0014524559219373022,1.442989379363824
0.1,decayed-prefix,378,0.002096856676557756,0.0014537900589933833,1.4423380209448107
0.1,decayed-prefix,379,0.0020977847607343892,0.0014551285458771603,1.44164910150246
0.1,decayed-prefix,380,0.0020987769220782593,0.0014564711382378968,1.4410013813369844
0.1,decayed-prefix,381,0.0020999494125070015,0.0014578250305326106,1.4404673870497293
0.1,decayed-prefix,382,0.0021010400913100908,0.001459177696460677,1.439879526946094
0.1,decayed-prefix,383,0.00210225997414707,0.001460531664470136,1.4393799362848771
0.1,decayed-prefix,384,0.0021037073216391648,0.001461890067936643,1.4390325016766838
0.1,decayed-prefix,385,0.0021052420779279616,0.0014632510193002917,1.4387429430492809
0.1,decayed-prefix,386,0.0021067580302112326,0.001464613129135351,1.4384399458818031
0.1,decayed-prefix,387,0.0021080980471748973,0.0014659783326430216,1.4380144646300428
0.1,decayed-prefix,388,0.0021093217826231433,0.0014673466551510352,1.4375074732466877
0.1,decayed-prefix,389,0.0021104827496251787,0.0014687160597979438,1.436957630813627
0.1,decayed-prefix,390,0.0021117690522419325,0.0014700902112823337,1.4364894317607038
0.1,decayed-prefix,391,0.002113068218689322,0.0014714669463318155,1.436028328027985
0.1,decayed-prefix,392,0.0021144018061238406,0.0014728440138212355,1.43559113272159
0.1,decayed-prefix,393,0.002116019388551777,0.0014742325284946704,1.4353362496433524
0.1,decayed-prefix,394,0.0021173920362941305,0.0014756257121827036,1.4349113185091797
0.1,decayed-prefix,395,0.0021187480266087674,0.0014770197449859575,1.4344750866068559
0.1,decayed-prefix,396,0.0021201049012944057,0.0014784177743072638,1.434036399006238
0.1,decayed-prefix,397,0.002121320750249386,0.0014798153255490643,1.433503703891092
0.1,decayed-prefix,398,0.0021224670078718697,0.0014812154441272642,1.4329225476867968
0.1,decayed-prefix,399,0.002123932794809354,0.0014826213181841062,1.432552445293797
0.1,decayed-prefix,400,0.0021253927480958377,0.0014840286158443181,1.4321777392996051
0.1,decayed-prefix,401,0.002126964874455174,0.001485439852874279,1.4318754612242053
0.1,decayed-prefix,402,0.002128357226274527,0.001486853414337198,1.4314506095567565
0.1,decayed-prefix,403,0.002129744329917257,0.0014882735819801128,1.4310166865178662
0.1,decayed-prefix,404,0.002131254639369411,0.0014897000795397227,1.430660217208226
0.1,decayed-prefix,405,0.0021327042542306778,0.001491127977505381,1.4302623828429788
0.1,decayed-prefix,406,0.002134288934107213,0.001492556701934327,1.4299550103129832
0.1,decayed-prefix,407,0.002136201694040742,0.0014939907693269213,1.4298627126077572
0.1,decayed-prefix,408,0.002137972478985455,0.001495425142050623,1.429675360448822
0.1,decayed-prefix,409,0.002139998229629376,0.0014968615205977814,1.4296567853349278
0.1,decayed-prefix,410,0.002142286233026481,0.0014983059637953082,1.429805583633885
0.1,decayed-prefix,411,0.002144147031818949,0.0014997527797553853,1.4296669829601292
0.1,decayed-prefix,412,0.0021458581990194876,0.0015011987154249814,1.4294298129691687
0.1,decayed-prefix,413,0.002147648498818884,0.0015026462307675414,1.4292442591240386
0.1,decayed-prefix,414,0.0021493535111889103,0.0015041013200358568,1.428995163130148
0.1,decayed-prefix,415,0.0021509269846564346,0.0015055603107191687,1.428655477527161
0.1,decayed-prefix,416,0.002152445187757078,0.0015070214807512523,1.428277708877833
0.1,decayed-prefix,417,0.002154309716817207,0.0015084840212145156,1.4281289602807472
0.1,decayed-prefix,418,0.0021562951620466464,0.001509948928883095,1.4280583407821958
0.1,decayed-prefix,419,0.0021582562489365657,0.001511416903299038,1.4279688444833734
0.1,decayed-prefix,420,0.0021602563469541747,0.001512888140169833,1.4279022285888696
0.1,decayed-prefix,421,0.0021622287579987497,0.001514363921203484,1.4278131747092861
0.1,decayed-prefix,422,0.0021641977327395497,0.001515846138773213,1.4277159649534439
0.1,decayed-prefix,423,0.002166344336413156,0.0015173322970572763,1.4277323040012908
0.1,decayed-prefix,424,0.002168653807204653,0.0015188209984259762,1.4278534530745415
0.1,decayed-prefix,425,0.0021710157551034534,0.0015203133990632765,1.4280054075962887
0.1,decayed-prefix,426,0.0021732372009989863,0.0015218051916788097,1.4280653088070598
0.1,decayed-prefix,427,0.00217536372085958,0.001523299303394765,1.428060602411916
0.1,decayed-prefix,428,0.002177185498954564,0.0015247965367435755,1.4278531243284827
0.1,decayed-prefix,429,0.0021791505921740146,0.0015262978367019844,1.4277361467554135
0.1,decayed-prefix,430,0.0021811685093635707,0.001527800516366568,1.4276526850186237
0.1,decayed-prefix,431,0.0021831136448951017,0.0015293088322235874,1.4275165348524756
0.1,decayed-prefix,432,0.002184731826485805,0.001530816177528965,1.4271679765054397
0.1,decayed-prefix,433,0.002186380724674867,0.001532323845391055,1.426839849324993
0.1,decayed-prefix,434,0.0021878151741150952,0.0015338363444949313,1.426368061995238
0.1,decayed-prefix,435,0.0021893484626484727,0.0015353517334389017,1.4259588959102811
0.1,decayed-prefix,436,0.0021906516132283002,0.0015368707297018943,1.4253974461815793
0.1,decayed-prefix,437,0.0021920678875548367,0.0015383968954324036,1.4249039984825913
0.1,decayed-prefix,438,0.0021933171729734088,0.0015399288247088959,1.4242977582993341
0.1,decayed-prefix,439,0.0021949623092584344,0.0015414654375904301,1.4239451989851486
0.1,decayed-prefix,440,0.0021967917767311057,0.0015430101234534023,1.4237053557461297
0.1,decayed-prefix,441,0.0021986964593744057,0.0015445592034309633,1.423510639469431
0.1,decayed-prefix,442,0.0022005829601714163,0.0015461113416654119,1.4233017382829833
0.1,decayed-prefix,443,0.002202449096896403,0.0015476640937357638,1.4230795337379147
0.1,decayed-prefix,444,0.0022041016167932822,0.0015492194101303426,1.4227175327010921
0.1,decayed-prefix,445,0.0022058065944321205,0.001550782769197211,1.4223827077818214
0.1,decayed-prefix,446,0.0022077719242871493,0.0015523498759169236,1.4222128390889257
0.1,decayed-prefix,447,0.002209666412169208,0.0015539189918310152,1.4219958851043528
0.1,decayed-prefix,448,0.0022112828775199904,0.0015554891070830232,1.421599718989202
0.1,decayed-prefix,449,0.0022128043003242907,0.0015570546816045508,1.4211474564554067
0.1,decayed-prefix,450,0.0022142008237031165,0.0015586251128026497,1.420611541233055
0.1,decayed-prefix,451,0.002215547498198647,0.0015602006789304894,1.4200400808166516
0.1,decayed-prefix,452,0.0022168185801866064,0.001561776008897392,1.419421586423057
0.1,decayed-prefix,453,0.0022180742656985252,0.0015633621120066609,1.418784713191946
0.1,decayed-prefix,454,0.0022198852621492867,0.0015649541351985172,1.418498607863476
0.1,decayed-prefix,455,0.002221950176105869,0.0015665498862635512,1.4183717962570235
0.1,decayed-prefix,456,0.0022235177327659325,0.001568141185502455,1.4179321054267733
0.1,decayed-prefix,457,0.0022258761852035937,0.0015697420883801654,1.4179884719154727
0.1,decayed-prefix,458,0.002228249244684191,0.0015713485882217896,1.4180489685014963
0.1,decayed-prefix,459,0.0022304275580995814,0.0015729573905003814,1.4179834568754903
0.1,decayed-prefix,460,0.002232350846675196,0.0015745676155003762,1.4177548329455418
0.1,decayed-prefix,461,0.002233894408529354,0.0015761739981904645,1.4172892149559562
0.1,decayed-prefix,462,0.002235136010544047,0.001577789858055386,1.4166246532341353
0.1,decayed-prefix,463,0.0022372748839227224,0.001579432203948504,1.4165058040032636
0.1,decayed-prefix,464,0.002239189203104242,0.001581072387006433,1.4162471127232024
0.1,decayed-prefix,465,0.0022406754181036473,0.0015827163234795887,1.4157151125967673
0.1,decayed-prefix,466,0.0022424168899358144,0.0015843598735511438,1.4153456720093007
0.1,decayed-prefix,467,0.00224419238021601,0.0015859996487335392,1.415001814160586
0.1,decayed-prefix,468,0.002246107583272312,0.0015876371860564938,1.4147486610913809
0.1,decayed-prefix,469,0.0022479524507333024,0.0015892758521958885,1.4144507686487064
0.1,decayed-prefix,470,0.0022498246214063167,0.0015909144259438587,1.4141707339610925
0.1,decayed-prefix,471,0.0022519457174599872,0.0015925534854075698,1.4140471501236043
0.1,decayed-prefix,472,0.0022538339247159074,0.0015941913388979102,1.4137788041641342
0.1,decayed-prefix,473,0.0022556322157397954,0.0015958292450134112,1.4134546178973173
0.1,decayed-prefix,474,0.002257239312249945,0.0015974747874272193,1.4130046558576965
0.1,decayed-prefix,475,0.0022590402413074835,0.001599130078219501,1.4126682201004797
0.1,decayed-prefix,476,0.002261068108342532,0.0016007832999219876,1.4124760724657253
0.1,decayed-prefix,477,0.002263031473920821,0.001602438561543711,1.4122422713921257
0.1,decayed-prefix,478,0.0022650272879000074,0.001604096491343194,1.41202683262737
0.1,decayed-prefix,479,0.00226703572334127,0.0016057594421291204,1.4118152843213831
0.1,decayed-prefix,480,0.002268855767180706,0.001607427644853695,1.4114823609290437
0.1,decayed-prefix,481,0.002270576231009529,0.0016090981783451644,1.4110861981986984
0.1,decayed-prefix,482,0.002272498579668394,0.001610772065318138,1.4108132544622698
0.1,decayed-prefix,483,0.0022741447701622704,0.0016124481220865083,1.4103677129280454
0.1,decayed-prefix,484,0.0022760134227378043,0.0016141279965721914,1.4100575837673417
0.1,decayed-prefix,485,0.0022775532152187455,0.0016158075994291096,1.4095448096812029
0.1,decayed-prefix,486,0.0022787475798748988,0.001617492819588217,1.408814649610021
0.1,decayed-prefix,487,0.0022795210958627314,0.0016191781706978124,1.4078259805592197
0.1,decayed-prefix,488,0.002280545141380579,0.0016208712060555041,1.4069872626896953
0.1,adam-m-aware,1,0.0009355250193451343,0.0009355250193451343,1.0
0.1,adam-m-aware,2,0.0013246780955952304,0.0010830870205894814,1.223057861845912
0.1,adam-m-aware,3,0.0014798277342853558,0.0011229469797948985,1.317807306054325
0.1,adam-m-aware,4,0.001545899043653745,0.0011375140588240696,1.3590153296670922
0.1,adam-m-aware,5,0.0015751920964942629,0.001142990390813074,1.3781324052722257
0.1,adam-m-aware,6,0.001591397072755619,0.0011456665764247706,1.3890577812977833
0.1,adam-m-aware,7,0.0016054796566210533,0.0011481936747793399,1.398265546907489
0.1,adam-m-aware,8,0.0016181217178959982,0.001150339390258033,1.4066472308950813
0.1,adam-m-aware,9,0.0016292126978010397,0.001152108323484583,1.4141141632181264
0.1,adam-m-aware,10,0.0016389345828700976,0.0011535890103599345,1.4207265916643304
0.1,adam-m-aware,11,0.0016473354111734778,0.0011547816758512,1.4265340762003451
0.1,adam-m-aware,12,0.0016541417540607017,0.0011557554410539508,1.4312212560749573
0.1,adam-m-aware,13,0.0016605052997130392,0.0011566399847771152,1.4356284769396235
0.1,adam-m-aware,14,0.001666361998444655,0.0011574486492799867,1.4396854663757632
0.1,adam-m-aware,15,0.0016709524014718222,0.001158156904167147,1.4427685881417218
0.1,adam-m-aware,16,0.0016750410761315598,0.0011588116909039634,1.445481685488431
0.1,adam-m-aware,17,0.001678658998295464,0.0011593721277487975,1.447903531677088
0.1,adam-m-aware,18,0.0016818820190361546,0.0011598916519841955,1.4500337304428428
0.1,adam-m-aware,19,0.0016846615501492164,0.001160377173274707,1.4518223806444963
0.1,adam-m-aware,20,0.0016872542344594148,0.001160843438009408,1.4534726899543713
0.1,adam-m-aware,21,0.0016897595182604687,0.0011612855227001013,1.4550767104472415
0.1,adam-m-aware,22,0.0016922640651237941,0.001161717502591986,1.4566915462219256
0.1,adam-m-aware,23,0.0016946036539158165,0.0011621270371911432,1.458191402216807
0.1,adam-m-aware,24,0.0016969760685503913,0.0011625307402661745,1.4597257601651459
0.1,adam-m-aware,25,0.001699143244072346,0.0011629225300110065,1.4610975367862764
0.1,adam-m-aware,26,0.0017012245691008104,0.0011633103244898997,1.462399613660079
0.1,adam-m-aware,27,0.0017031574139064474,0.001163690381961329,1.46358296013058
0.1,adam-m-aware,28,0.0017050423396174337,0.0011640661122340054,1.464729813623059
0.1,adam-m-aware,29,0.0017069604068796478,0.0011644395968241623,1.4659072153979744
0.1,adam-m-aware,30,0.0017087028194962984,0.0011648106926366358,1.466936069781882
0.1,adam-m-aware,31,0.0017103420706072443,0.0011651764770802511,1.4678824231785834
0.1,adam-m-aware,32,0.0017118724656386313,0.0011655229294978882,1.4687591486304887
0.1,adam-m-aware,33,0.001713304156106071,0.0011658712145154475,1.4695483813091177
0.1,adam-m-aware,34,0.001714521401668066,0.0011662147218615565,1.470159285016812
0.1,adam-m-aware,35,0.0017158197975865428,0.0011665516685049181,1.4708476648836142
0.1,adam-m-aware,36,0.0017171797037317076,0.0011668906133985395,1.471585840193251
0.1,adam-m-aware,37,0.0017185020693845294,0.001167230635096202,1.4722900665153398
0.1,adam-m-aware,38,0.0017196005458072336,0.0011675674226279645,1.472806205860687
0.1,adam-m-aware,39,0.0017207353437208878,0.0011679064126448016,1.4733503687373104
0.1,adam-m-aware,40,0.0017218587372236623,0.001168244135405688,1.4738860526149564
0.1,adam-m-aware,41,0.0017229578403322025,0.0011685816523210417,1.4744009003650336
0.1,adam-m-aware,42,0.0017240451342699396,0.0011689201823977835,1.4749040697829676
0.1,adam-m-aware,43,0.0017252172207176811,0.0011692605433498305,1.4754771556517958
0.1,adam-m-aware,44,0.001726317409516848,0.001169602920247187,1.475985891991449
0.1,adam-m-aware,45,0.0017273217244769751,0.0011699455832599962,1.476412022227459
0.1,adam-m-aware,46,0.0017282944326622708,0.0011702906222671508,1.4768078969257437
0.1,adam-m-aware,47,0.0017292087405505942,0.0011706371350289396,1.477151790941474
0.1,adam-m-aware,48,0.0017301852966559144,0.0011709855725498379,1.4775462116825326
0.1,adam-m-aware,49,0.0017312295408434836,0.0011713377789470956,1.4779934293587538
0.1,adam-m-aware,50,0.001732360882462436,0.0011716899961977665,1.4785146993522982
0.1,adam-m-aware,51,0.001733506271224851,0.0011720452615570903,1.4790437947096398
0.1,adam-m-aware,52,0.001734458573904845,0.0011724007407961532,1.479407606589373
0.1,adam-m-aware,53,0.0017352597733599961,0.0011727527376309633,1.4796467470758872
0.1,adam-m-aware,54,0.0017360000776865288,0.0011731070064873715,1.479830968604156
0.1,adam-m-aware,55,0.001736781030559189,0.0011734658983120897,1.480043887988028
0.1,adam-m-aware,56,0.0017376119350713932,0.0011738271307117558,1.4802962800985728
0.1,adam-m-aware,57,0.0017385625556985138,0.0011741885568053122,1.4806502291495065
0.1,adam-m-aware,58,0.0017395435966393034,0.0011745530650268,1.4810259735686033
0.1,adam-m-aware,59,0.0017405058962956827,0.0011749199552181326,1.4813825304146313
0.1,adam-m-aware,60,0.0017414854908583146,0.0011752904069964197,1.4817490898346282
0.1,adam-m-aware,61,0.0017424071689867025,0.001175663778294919,1.4820624749651972
0.1,adam-m-aware,62,0.0017432647160587273,0.0011760398438889791,1.4823177336356432
0.1,adam-m-aware,63,0.0017440233716554785,0.0011764187158078013,1.4824852309986627
0.1,adam-m-aware,64,0.0017447614385706386,0.0011768012555955134,1.4826305038973742
0.1,adam-m-aware,65,0.0017454918476828346,0.0011771869044759353,1.4827652610185122
0.1,adam-m-aware,66,0.001746337480671028,0.001177576494940333,1.4829928146277358
0.1,adam-m-aware,67,0.0017471377400319734,0.0011779694673176564,1.4831774409317797
0.1,adam-m-aware,68,0.0017479099439114488,0.0011783653383367458,1.483334486381457
0.1,adam-m-aware,69,0.0017486791378556537,0.0011787644782757145,1.4834847589007814
0.1,adam-m-aware,70,0.0017495099708696874,0.0011791661859857166,1.4836839723377884
0.1,adam-m-aware,71,0.001750353278815339,0.0011795720792177192,1.4838883605791655
0.1,adam-m-aware,72,0.0017512552283058967,0.0011799821509986873,1.4841370497203774
0.1,adam-m-aware,73,0.0017522360484913697,0.0011803968849680103,1.484446520323422
0.1,adam-m-aware,74,0.0017531818738555428,0.001180814934517118,1.4847219683688098
0.1,adam-m-aware,75,0.001754034585163328,0.0011812352087618872,1.4849155969553438
0.1,adam-m-aware,76,0.0017548656148409678,0.001181658247026597,1.4850872655073755
0.1,adam-m-aware,77,0.001755723638980966,0.001182084150630486,1.4852780472900504
0.1,adam-m-aware,78,0.001756513037830175,0.0011825113811717014,1.4854089912350097
0.1,adam-m-aware,79,0.0017572191669319949,0.0011829406429719818,1.4854668975758702
0.1,adam-m-aware,80,0.0017578591508618999,0.0011833738828844792,1.4854638726495384
0.1,adam-m-aware,81,0.0017585117047862354,0.0011838102025521074,1.4854676036708945
0.1,adam-m-aware,82,0.0017591208279402273,0.0011842505203386864,1.4854296432456982
0.1,adam-m-aware,83,0.0017596487525411658,0.001184696533606392,1.4853160304137414
0.1,adam-m-aware,84,0.0017601694714545798,0.0011851447491893303,1.4851936631863587
0.1,adam-m-aware,85,0.001760667202606284,0.0011855953299295542,1.4850490366817652
0.1,adam-m-aware,86,0.0017611358585745156,0.001186048990291203,1.4848761501345025
0.1,adam-m-aware,87,0.0017615659025941757,0.0011865056775177468,1.4846670656304783
0.1,adam-m-aware,88,0.001762004743155134,0.0011869653759584624,1.4844617870444057
0.1,adam-m-aware,89,0.001762511398287399,0.0011874282195581563,1.4843098464875897
0.1,adam-m-aware,90,0.0017630602973098273,0.0011878935394018855,1.4841904925230447
0.1,adam-m-aware,91,0.0017635919519638343,0.0011883624442843555,1.48405224386394
0.1,adam-m-aware,92,0.0017640665303508068,0.0011888364498284464,1.4838597273875378
0.1,adam-m-aware,93,0.0017645617021908582,0.0011893141300596398,1.483680095604659
0.1,adam-m-aware,94,0.0017650477330564394,0.001189794514638583,1.4834895533138324
0.1,adam-m-aware,95,0.0017655200735716258,0.0011902783063584119,1.483283417113711
0.1,adam-m-aware,96,0.0017660977878687675,0.0011907654717720091,1.4831617390119578
0.1,adam-m-aware,97,0.0017667125702732448,0.0011912548382126418,1.4830685371435886
0.1,adam-m-aware,98,0.001767441875613959,0.0011917467286142285,1.4830683677807557
0.1,adam-m-aware,99,0.0017681320888921367,0.0011922418903239497,1.4830313405710893
0.1,adam-m-aware,100,0.001768723095081344,0.0011927402858441015,1.482907147577077
0.1,adam-m-aware,101,0.0017693303179221406,0.0011932429876396061,1.4827912975395834
0.1,adam-m-aware,102,0.001769919425888287,0.0011937477077959494,1.4826578634074532
0.1,adam-m-aware,103,0.0017704925972044751,0.001194255490460057,1.4825073959027286
0.1,adam-m-aware,104,0.0017711196284725466,0.0011947657577151423,1.4823990535681382
0.1,adam-m-aware,105,0.0017718429802596261,0.0011952804107999825,1.4823659488184528
0.1,adam-m-aware,106,0.0017725965207330682,0.0011957995850149037,1.4823525137040214
0.1,adam-m-aware,107,0.0017733806394714018,0.0011963230419646228,1.4823593438099503
0.1,adam-m-aware,108,0.0017742077057197228,0.0011968503656594638,1.4823972625367712
0.1,adam-m-aware,109,0.0017749886692814295,0.0011973808138742428,1.48239277656227
0.1,adam-m-aware,110,0.0017756093935222782,0.0011979109362698999,1.482254932116437
0.1,adam-m-aware,111,0.0017762843698608038,0.001198445469443316,1.4821570235364123
0.1,adam-m-aware,112,0.0017770024778111049,0.0011989829878922191,1.4820914856640535
0.1,adam-m-aware,113,0.0017778444832359916,0.0011995223246279551,1.482127049021292
0.1,adam-m-aware,114,0.0017786970844649703,0.0012000640784106402,1.4821684245566864
0.1,adam-m-aware,115,0.0017795131335173952,0.0012006084275370688,1.4821761139623957
0.1,adam-m-aware,116,0.0017802418841598253,0.0012011540180925954,1.4821095857355644
0.1,adam-m-aware,117,0.0017809356037913682,0.001201701713747171,1.4820113705571893
0.1,adam-m-aware,118,0.0017816429608320862,0.0012022516334594777,1.4819218466814728
0.1,adam-m-aware,119,0.0017823779507633063,0.0012028046354383068,1.4818515810872317
0.1,adam-m-aware,120,0.0017830673752174655,0.0012033613082982695,1.4817389946989288
0.1,adam-m-aware,121,0.0017838356140452412,0.001203922072336744,1.4816869422311678
0.1,adam-m-aware,122,0.0017846436365160255,0.001204486287880309,1.4816637220974052
0.1,adam-m-aware,123,0.0017854696518727832,0.001205053240736684,1.4816520893145548
0.1,adam-m-aware,124,0.00178639834440044,0.0012056246083695721,1.4817202071018425
0.1,adam-m-aware,125,0.0017871504221055343,0.0012061979452488618,1.4816394184263104
0.1,adam-m-aware,126,0.0017879395617447387,0.0012067725113212146,1.4815879090477817
0.1,adam-m-aware,127,0.0017888046144707887,0.0012073506220050443,1.481594974871612
0.1,adam-m-aware,128,0.001789653671406594,0.0012079322730638436,1.4815844491572785
0.1,adam-m-aware,129,0.0017904884488073852,0.0012085182265575713,1.48155684329854
0.1,adam-m-aware,130,0.0017912905148446039,0.001209106759116483,1.4814990498883105
0.1,adam-m-aware,131,0.0017922483217418764,0.0012096986724467772,1.481565916011807
0.1,adam-m-aware,132,0.001793147866318353,0.0012102948113640406,1.4815794048537798
0.1,adam-m-aware,133,0.0017941855106438336,0.001210894394738379,1.4817027136635463
0.1,adam-m-aware,134,0.0017953249922108797,0.001211496796743572,1.481906511875724
0.1,adam-m-aware,135,0.001796502358211592,0.0012121030569999611,1.4821366449302253
0.1,adam-m-aware,136,0.0017975227747010593,0.0012127116421759433,1.4822342857002688
0.1,adam-m-aware,137,0.0017984047667678152,0.0012133219077231038,1.4822156884504514
0.1,adam-m-aware,138,0.0017992242483726587,0.0012139342696690395,1.4821430561171896
0.1,adam-m-aware,139,0.0018000563396205309,0.001214550192640416,1.4820765337883914
0.1,adam-m-aware,140,0.0018008670235200978,0.001215169253219301,1.4819886355329763
0.1,adam-m-aware,141,0.0018017474545657995,0.0012157920114271503,1.4819536874985952
0.1,adam-m-aware,142,0.0018025779687318663,0.0012164172687369247,1.4818746946955017
0.1,adam-m-aware,143,0.0018033124299113455,0.0012170446285516112,1.481714300039633
0.1,adam-m-aware,144,0.0018039744995778872,0.0012176793950568641,1.4814856085280508
0.1,adam-m-aware,145,0.0018045863632381645,0.001218320242505983,1.4812085527909158
0.1,adam-m-aware,146,0.0018053451511277593,0.0012189682082530337,1.4810436719388216
0.1,adam-m-aware,147,0.0018061822508998737,0.0012196202401350343,1.4809382391849255
0.1,adam-m-aware,148,0.0018070997433211715,0.0012202757661389913,1.4808945596280407
0.1,adam-m-aware,149,0.0018081747947057167,0.0012209350117811668,1.480975463278633
0.1,adam-m-aware,150,0.0018093520131482726,0.0012215949557339775,1.4811390671314206
0.1,adam-m-aware,151,0.0018105650668287841,0.0012222559895819463,1.4813304923529642
0.1,adam-m-aware,152,0.0018117653451624957,0.0012229185068575504,1.4815094669047608
0.1,adam-m-aware,153,0.0018129034122753333,0.0012235834872297462,1.4816344215136774
0.1,adam-m-aware,154,0.0018139025285722633,0.001224248037137625,1.48164626247904
0.1,adam-m-aware,155,0.0018148455760551153,0.0012249138799767289,1.4816107529858296
0.1,adam-m-aware,156,0.0018157898835168414,0.0012255819954630762,1.481573562795984
0.1,adam-m-aware,157,0.0018166534254157349,0.0012262518319447427,1.48146847008959
0.1,adam-m-aware,158,0.001817493575464917,0.0012269243442292286,1.481341195986043
0.1,adam-m-aware,159,0.001818296985942166,0.0012275976578800345,1.4811831663822357
0.1,adam-m-aware,160,0.001819097873747927,0.0012282740233444617,1.4810195763928262
0.1,adam-m-aware,161,0.0018198913301747778,0.0012289531636191042,1.480846775979191
0.1,adam-m-aware,162,0.0018206238395357224,0.001229637432729011,1.480618425461478
0.1,adam-m-aware,163,0.0018214861437513307,0.0012303243641153545,1.4804926220095151
0.1,adam-m-aware,164,0.0018225755166233748,0.0012310183264983043,1.4805429597525048
0.1,adam-m-aware,165,0.00182357486881381,0.0012317119419254568,1.480520572012261
0.1,adam-m-aware,166,0.0018247016712322672,0.0012324112299354044,1.4805948103279676
0.1,adam-m-aware,167,0.001825805167199635,0.0012331137043540383,1.4806462378553127
0.1,adam-m-aware,168,0.0018269234645142355,0.0012338158108314583,1.480710044786253
0.1,adam-m-aware,169,0.0018280437440093918,0.0012345207447598124,1.4807719933171757
0.1,adam-m-aware,170,0.0018292205633183558,0.0012352329500022177,1.4808709266661577
0.1,adam-m-aware,171,0.0018304213652143673,0.001235947574056807,1.4809862518733639
0.1,adam-m-aware,172,0.0018315370845804783,0.0012366657831212745,1.4810283502449484
0.1,adam-m-aware,173,0.0018326056364660322,0.001237385865159493,1.4810300392673537
0.1,adam-m-aware,174,0.001833613616178334,0.0012381086840456104,1.4809795293470263
0.1,adam-m-aware,175,0.0018345028496204489,0.0012388330986246412,1.4808313175173664
0.1,adam-m-aware,176,0.0018353373525738543,0.0012395602333989707,1.4806358764359648
0.1,adam-m-aware,177,0.0018362700226369397,0.0012402878439328404,1.4805192452860731
0.1,adam-m-aware,178,0.0018371375717778685,0.0012410180080077798,1.4803472310019468
0.1,adam-m-aware,179,0.001838096606995503,0.0012417494721391092,1.4802475444818122
0.1,adam-m-aware,180,0.0018390127565942574,0.001242482925978048,1.480111088968597
0.1,adam-m-aware,181,0.0018399990045887635,0.001243220345861787,1.480026457669735
0.1,adam-m-aware,182,0.0018409902566002073,0.0012439611208637563,1.4799419577694664
0.1,adam-m-aware,183,0.001841924044252765,0.001244702954071867,1.4798101331945708
0.1,adam-m-aware,184,0.0018426436049217311,0.001245448403133318,1.4795021618607245
0.1,adam-m-aware,185,0.0018434378413972074,0.0012461961627177455,1.4792517394508562
0.1,adam-m-aware,186,0.0018442401676982325,0.001246947988042528,1.4790032827217918
0.1,adam-m-aware,187,0.0018451887425370204,0.0012477023668611674,1.478869313343489
0.1,adam-m-aware,188,0.0018461011251175799,0.001248460870216308,1.4787016310713246
0.1,adam-m-aware,189,0.0018470716866959087,0.0012492211754127909,1.4785785920460122
0.1,adam-m-aware,190,0.0018482385066791404,0.0012499871882739842,1.4786059601388695
0.1,adam-m-aware,191,0.0018493027375769897,0.0012507557589799506,1.4785482491683124
0.1,adam-m-aware,192,0.0018502543348439236,0.0012515254621591576,1.478399274156058
0.1,adam-m-aware,193,0.0018512113276694415,0.001252298674301715,1.4782506487134004
0.1,adam-m-aware,194,0.0018521119643846195,0.001253075016146558,1.4780535407051791
0.1,adam-m-aware,195,0.0018529913713286527,0.001253853201849435,1.4778375718907828
0.1,adam-m-aware,196,0.0018540762969879792,0.0012546350654393092,1.4777813469917456
0.1,adam-m-aware,197,0.0018551407230826074,0.0012554189439089505,1.47770649159262
0.1,adam-m-aware,198,0.0018563135678207302,0.0012562082246471982,1.4777116813910922
0.1,adam-m-aware,199,0.001857563899492203,0.0012570007938615655,1.477774643073756
0.1,adam-m-aware,200,0.0018589030560070372,0.0012577976031946506,1.4779031628663093
0.1,adam-m-aware,201,0.0018602493487909488,0.0012585966671761083,1.4780345422054537
0.1,adam-m-aware,202,0.001861555434409132,0.0012593980611236735,1.4781310944279167
0.1,adam-m-aware,203,0.0018627452288257538,0.0012602008936455212,1.4781335564976363
0.1,adam-m-aware,204,0.0018638871447880733,0.0012610058687336776,1.478095535479005
0.1,adam-m-aware,205,0.0018650213019467227,0.0012618117649535296,1.4780503350397975
0.1,adam-m-aware,206,0.0018661102217887283,0.001262619215869153,1.4779675442402864
0.1,adam-m-aware,207,0.0018671114631825273,0.0012634297792870172,1.4778118212760363
0.1,adam-m-aware,208,0.001867979889181715,0.0012642437678462807,1.477547239456784
0.1,adam-m-aware,209,0.0018686815728988018,0.0012650606530146009,1.4771478098269761
0.1,adam-m-aware,210,0.0018692193225164138,0.0012658810400029892,1.4766153085853944
0.1,adam-m-aware,211,0.0018698655962548847,0.0012667032246201305,1.4761670767954629
0.1,adam-m-aware,212,0.0018704917610772595,0.0012675322176518697,1.4756956352102713
0.1,adam-m-aware,213,0.0018712624713922846,0.001268363988667316,1.4753355409896498
0.1,adam-m-aware,214,0.0018722208741041755,0.0012691972660053218,1.4751220509612453
0.1,adam-m-aware,215,0.0018731338401928445,0.0012700326924359761,1.474870569355262
0.1,adam-m-aware,216,0.0018741666880622261,0.0012708695853732054,1.4747120472726205
0.1,adam-m-aware,217,0.001875199922175503,0.0012717086110581386,1.4745515646192118
0.1,adam-m-aware,218,0.0018762233300428936,0.0012725516180952013,1.4743789590643785
0.1,adam-m-aware,219,0.0018772502171496709,0.001273397720978214,1.4742057302470921
0.1,adam-m-aware,220,0.0018783594123243964,0.0012742468171023978,1.4740938624400366
0.1,adam-m-aware,221,0.001879432738763679,0.0012750981397832305,1.4739514395991409
0.1,adam-m-aware,222,0.0018805239441891243,0.0012759536244357755,1.4738184117159343
0.1,adam-m-aware,223,0.0018815850100429115,0.001276813386290837,1.4736570200825867
0.1,adam-m-aware,224,0.0018826686502403857,0.001277675604857033,1.473510680710734
0.1,adam-m-aware,225,0.0018837544817398833,0.001278543559063733,1.4733596429982732
0.1,adam-m-aware,226,0.001885021787121712,0.0012794142703654236,1.4733474768757393
0.1,adam-m-aware,227,0.0018862988866622606,0.0012802886523225214,1.473338753132272
0.1,adam-m-aware,228,0.001887383514772506,0.0012811682177884872,1.4731738491222088
0.1,adam-m-aware,229,0.001888529164412575,0.001282052512023203,1.4730513350286198
0.1,adam-m-aware,230,0.001889674029774468,0.0012829379949872417,1.4729270137433728
0.1,adam-m-aware,231,0.0018911294796445004,0.0012838269194328197,1.4730408367507828
0.1,adam-m-aware,232,0.0018929110204975856,0.0012847197676113056,1.4734038256584914
0.1,adam-m-aware,233,0.001894492138313933,0.001285612111468422,1.4736109915377589
0.1,adam-m-aware,234,0.0018959065931490853,0.0012865058899155597,1.4736866795639185
0.1,adam-m-aware,235,0.0018970376308390005,0.001287406350782201,1.4735344669430908
0.1,adam-m-aware,236,0.001898102227382365,0.0012883140331447175,1.4733226360572829
0.1,adam-m-aware,237,0.0018991525209672863,0.0012892256772064582,1.4730954824623415
0.1,adam-m-aware,238,0.0019002186522286421,0.0012901365108785293,1.472881851033479
0.1,adam-m-aware,239,0.0019015260515847204,0.0012910517683662396,1.4728503520745764
0.1,adam-m-aware,240,0.0019029005188223745,0.0012919677647534882,1.4728699668334637
0.1,adam-m-aware,241,0.0019045381944733978,0.0012928884957084613,1.4730877417466477
0.1,adam-m-aware,242,0.0019061040129085289,0.0012938096305263338,1.473249207561632
0.1,adam-m-aware,243,0.001907700310419275,0.0012947303129685777,1.473434499301457
0.1,adam-m-aware,244,0.001909311767357287,0.0012956553171200869,1.473626312591533
0.1,adam-m-aware,245,0.0019106343224014604,0.0012965803950929632,1.4735949499409717
0.1,adam-m-aware,246,0.0019118015525619403,0.0012975080106789891,1.473441039921973
0.1,adam-m-aware,247,0.0019127327982940902,0.0012984369814782763,1.4731040671041542
0.1,adam-m-aware,248,0.0019138677730910693,0.0012993707022421496,1.4729189828495937
0.1,adam-m-aware,249,0.00191500281281702,0.0013003051868224072,1.472733349235318
0.1,adam-m-aware,250,0.0019162800779018887,0.0013012452770290747,1.472650938089877
0.1,adam-m-aware,251,0.001917724479405729,0.0013021915153884293,1.4726900434715957
0.1,adam-m-aware,252,0.0019194030264836053,0.0013031418102772223,1.472904185366659
0.1,adam-m-aware,253,0.0019213749982916635,0.0013040973816580976,1.473337056967883
0.1,adam-m-aware,254,0.0019232335203237447,0.0013050556689058782,1.4736792967123995
0.1,adam-m-aware,255,0.0019250888176573775,0.0013060186119456044,1.474013310414873
0.1,adam-m-aware,256,0.001926712304105852,0.0013069773914458137,1.4741741645388913
0.1,adam-m-aware,257,0.0019282351933523716,0.0013079342462517837,1.4742600393545908
0.1,adam-m-aware,258,0.001929789554447114,0.0013088929488284447,1.4743677519039409
0.1,adam-m-aware,259,0.0019312905915200938,0.0013098533479433702,1.4744326871038318
0.1,adam-m-aware,260,0.0019328852192191193,0.0013108181113429442,1.4745640165429679
0.1,adam-m-aware,261,0.0019343880951721425,0.0013117856747858838,1.4746220608697247
0.1,adam-m-aware,262,0.0019359091309293244,0.001312756181559669,1.474690546594338
0.1,adam-m-aware,263,0.0019374655835546091,0.0013137293723047862,1.4747828772036586
0.1,adam-m-aware,264,0.0019389741470180904,0.001314705921184598,1.4748348781079528
0.1,adam-m-aware,265,0.0019404911534010765,0.0013156850342694,1.4748903444650272
0.1,adam-m-aware,266,0.0019419721039964483,0.0013166647375422059,1.4749176830097936
0.1,adam-m-aware,267,0.0019435121926779254,0.0013176482543914056,1.474985593613975
0.1,adam-m-aware,268,0.0019449059475620991,0.0013186344371521335,1.4749394470256136
0.1,adam-m-aware,269,0.001946431060564624,0.0013196259988562417,1.474986899509143
0.1,adam-m-aware,270,0.0019476624310452264,0.0013206179015771426,1.474811471750639
0.1,adam-m-aware,271,0.0019488422236202197,0.0013216127054162,1.4745940438023357
0.1,adam-m-aware,272,0.0019498745643161956,0.0013226135985102334,1.474258669737327
0.1,adam-m-aware,273,0.001950883432641533,0.0013236125570387763,1.4739082235711825
0.1,adam-m-aware,274,0.001951970880792521,0.0013246150901170014,1.4736136522649053
0.1,adam-m-aware,275,0.001952936291624993,0.001325620962218301,1.4732237549690972
0.1,adam-m-aware,276,0.001953803955811091,0.001326631491015149,1.4727555987051268
0.1,adam-m-aware,277,0.0019545956466647248,0.0013276444780979534,1.4722282048466555
0.1,adam-m-aware,278,0.0019554746119550036,0.0013286611428287589,1.47176322759898
0.1,adam-m-aware,279,0.0019563767139955312,0.0013296800343830175,1.4713138976350097
0.1,adam-m-aware,280,0.001957506611595659,0.0013307017630200817,1.4710333043769463
0.1,adam-m-aware,281,0.001958606017501119,0.0013317276353288392,1.470725669079839
0.1,adam-m-aware,282,0.00195968862540904,0.0013327563086287506,1.4704028131184228
0.1,adam-m-aware,283,0.001960531203600581,0.0013337879177673455,1.4698972583904897
0.1,adam-m-aware,284,0.0019614479592247485,0.0013348229687112695,1.4694442672937118
0.1,adam-m-aware,285,0.001962480411444466,0.0013358606986206539,1.4690756404996643
0.1,adam-m-aware,286,0.0019635303459032624,0.0013369022522047515,1.4687164620039406
0.1,adam-m-aware,287,0.0019643935007762044,0.0013379459435654403,1.468215894837551
0.1,adam-m-aware,288,0.001965187996625944,0.00133899146756249,1.467662822529696
0.1,adam-m-aware,289,0.001966147940106278,0.0013400389948925544,1.4672318847437165
0.1,adam-m-aware,290,0.0019670520439689426,0.0013410937201291887,1.4667521101951433
0.1,adam-m-aware,291,0.0019683641364278428,0.001342155320200265,1.4665695592773422
0.1,adam-m-aware,292,0.0019695873620083322,0.001343221924874185,1.4663156739291736
0.1,adam-m-aware,293,0.0019710798188529157,0.001344291930502919,1.4662587598182684
0.1,adam-m-aware,294,0.0019724685625796662,0.0013453629733371582,1.4661237165513628
0.1,adam-m-aware,295,0.0019737535966734593,0.0013464370142312696,1.4659085986286167
0.1,adam-m-aware,296,0.001974895723063723,0.0013475137667984928,1.4655848212636842
0.1,adam-m-aware,297,0.001976189326173961,0.0013485903061163061,1.4653741148896624
0.1,adam-m-aware,298,0.0019773272407714155,0.001349672544832863,1.4650422047492107
0.1,adam-m-aware,299,0.0019786527161979334,0.001350758344237215,1.4648458213414153
0.1,adam-m-aware,300,0.0019799411812462526,0.0013518470056475744,1.4646192749436189
0.1,adam-m-aware,301,0.0019811982297158206,0.0013529379078068623,1.4643674467865122
0.1,adam-m-aware,302,0.0019824227742492578,0.001354032986097342,1.4640875034832723
0.1,adam-m-aware,303,0.0019837496710664055,0.0013551311255741096,1.4638802353727782
0.1,adam-m-aware,304,0.00198496216897689,0.0013562341135254664,1.4635837199353987
0.1,adam-m-aware,305,0.0019862157680388074,0.0013573374603138917,1.4633175802718095
0.1,adam-m-aware,306,0.0019876235159950934,0.0013584436265474226,1.4631623110093825
0.1,adam-m-aware,307,0.0019890401026479024,0.0013595536910080027,1.4630096007265332
0.1,adam-m-aware,308,0.001990288794927903,0.001360669176366379,1.4627279205683938
0.1,adam-m-aware,309,0.0019915173118041367,0.0013617872853603455,1.4624290689255164
0.1,adam-m-aware,310,0.00199288700876454,0.0013629082209382622,1.462231262639669
0.1,adam-m-aware,311,0.0019941243928482157,0.0013640376229907866,1.4619277058325575
0.1,adam-m-aware,312,0.001995443821235109,0.0013651787561373594,1.4616721892750684
0.1,adam-m-aware,313,0.001996960637165962,0.001366316867263814,1.4615647987754663
0.1,adam-m-aware,314,0.0019985280327525327,0.00136745601159883,1.4614934709423326
0.1,adam-m-aware,315,0.00199992825707791,0.001368591970857697,1.461303514607465
0.1,adam-m-aware,316,0.002001324499777133,0.0013697289741586025,1.4611098527769022
0.1,adam-m-aware,317,0.002002736768614307,0.0013708700579192102,1.4609238541938705
0.1,adam-m-aware,318,0.002004092305558197,0.001372009949974231,1.4606980842929294
0.1,adam-m-aware,319,0.0020053988048413943,0.0013731516732091804,1.4604350298424025
0.1,adam-m-aware,320,0.002006565744205547,0.001374294956550103,1.4600692046797838
0.1,adam-m-aware,321,0.0020076115346170545,0.0013754437282272106,1.4596100832162984
0.1,adam-m-aware,322,0.0020087652309018463,0.0013765968926680036,1.459225457794422
0.1,adam-m-aware,323,0.0020098417706710596,0.001377751376222441,1.4587840777061698
0.1,adam-m-aware,324,0.0020111267543735014,0.0013789052203879216,1.4584952791807688
0.1,adam-m-aware,325,0.002012390710682259,0.0013800641818091483,1.458186320033452
0.1,adam-m-aware,326,0.0020138674294150898,0.0013812320831419,1.4580224815181884
0.1,adam-m-aware,327,0.0020151821726378197,0.0013824022923054193,1.4577393164453738
0.1,adam-m-aware,328,0.0020167807436740092,0.0013835734882019462,1.4576607320619894
0.1,adam-m-aware,329,0.002018389904789933,0.0013847517013132788,1.4575825419645418
0.1,adam-m-aware,330,0.002020007950823655,0.0013859305676696783,1.457510208624753
0.1,adam-m-aware,331,0.002021565755921301,0.001387109979523304,1.4573939959800701
0.1,adam-m-aware,332,0.0020231602318491345,0.001388291142623607,1.4573025568871276
0.1,adam-m-aware,333,0.0020248741214518775,0.0013894810754222788,1.4572880172811966
0.1,adam-m-aware,334,0.002026467587790237,0.0013906799055432534,1.4571775860949256
0.1,adam-m-aware,335,0.0020278858598845122,0.0013918756757567285,1.456944679187673
0.1,adam-m-aware,336,0.0020290462186730194,0.0013930719531750453,1.4565265017707678
0.1,adam-m-aware,337,0.002030027107878802,0.0013942717381009283,1.4559766596458492
0.1,adam-m-aware,338,0.0020308352534104787,0.0013954706585701119,1.455304875769586
0.1,adam-m-aware,339,0.002031720763626659,0.0013966729420536578,1.45468613477915
0.1,adam-m-aware,340,0.0020330105494236364,0.0013978987516407562,1.454333189036352
0.1,adam-m-aware,341,0.0020343251760457544,0.0013991325907772732,1.4539902718695208
0.1,adam-m-aware,342,0.0020355818443115537,0.001400382098069473,1.453590307329513
0.1,adam-m-aware,343,0.002037051442627556,0.0014016156572272205,1.453359508452839
0.1,adam-m-aware,344,0.0020387024229895196,0.0014028584458557899,1.4532488498836702
0.1,adam-m-aware,345,0.0020400665509673543,0.001404101027988745,1.4529343047982635
0.1,adam-m-aware,346,0.0020420541785206594,0.0014053557314698023,1.4530514465436883
0.1,adam-m-aware,347,0.002043659279630913,0.0014066066719806178,1.4529003170113453
0.1,adam-m-aware,348,0.002045484124578937,0.00140785960353393,1.4529034851518416
0.1,adam-m-aware,349,0.002047063230559888,0.0014091063452593912,1.4527386364036707
0.1,adam-m-aware,350,0.0020487494532641965,0.001410350250592021,1.4526529508568495
0.1,adam-m-aware,351,0.0020501856133750907,0.0014116023730641452,1.4523818126805652
0.1,adam-m-aware,352,0.002051424896378593,0.001412856987662005,1.4519692469181116
0.1,adam-m-aware,353,0.002052592365704303,0.0014141101996548412,1.451508069318292
0.1,adam-m-aware,354,0.002054083392153874,0.0014153686916818795,1.4512708979827802
0.1,adam-m-aware,355,0.0020557943310940546,0.0014166255365991689,1.4511910720099754
0.1,adam-m-aware,356,0.0020581666736527292,0.0014178884333939904,1.4515716647226673
0.1,adam-m-aware,357,0.002060562767909398,0.0014191492526317165,1.451970442212631
0.1,adam-m-aware,358,0.002062843413803629,0.001420408748215101,1.452288586926698
0.1,adam-m-aware,359,0.002064751441593995,0.001421666878272229,1.4523454637300934
0.1,adam-m-aware,360,0.0020671181254823647,0.0014229395303130073,1.4527097472846622
0.1,adam-m-aware,361,0.0020693312870835984,0.001424210121721763,1.4529676875080288
0.1,adam-m-aware,362,0.0020711644971606546,0.0014254848625689194,1.4529543957612654
0.1,adam-m-aware,363,0.0020729249652999063,0.0014267575880547968,1.4528921960219443
0.1,adam-m-aware,364,0.002074847540918059,0.001428029807766057,1.4529441399853222
0.1,adam-m-aware,365,0.002076960314773348,0.0014293030456452582,1.4531280270488092
0.1,adam-m-aware,366,0.0020792904307159934,0.0014305807934628942,1.453458930958257
0.1,adam-m-aware,367,0.0020817028787938566,0.001431860516164389,1.4538447392698832
0.1,adam-m-aware,368,0.0020835377296940416,0.0014331395349539296,1.453827543569245
0.1,adam-m-aware,369,0.002085375759022788,0.0014344197686047323,1.4538113630790548
0.1,adam-m-aware,370,0.0020870398654514806,0.00143570289505051,1.4536711409069463
0.1,adam-m-aware,371,0.002088807701122011,0.001436987991619776,1.453601361530866
0.1,adam-m-aware,372,0.0020906300206250533,0.001438275345988088,1.4535673064664827
0.1,adam-m-aware,373,0.002092276374087329,0.0014395651139587028,1.4534086397340626
0.1,adam-m-aware,374,0.00209382288159821,0.0014408560820388838,1.4531797503574024
0.1,adam-m-aware,375,0.0020952860952240145,0.001442148307077891,1.4528922475868824
0.1,adam-m-aware,376,0.0020963567365293004,0.0014434431301937661,1.452330675644899
0.1,adam-m-aware,377,0.0020974285738526483,0.0014447386392212962,1.4517702488964699
0.1,adam-m-aware,378,0.002098456113109871,0.0014460377932260567,1.4511765342095888
0.1,adam-m-aware,379,0.002099429299216375,0.001447341035932082,1.4505422337205762
0.1,adam-m-aware,380,0.002100471354095844,0.0014486482701004698,1.4499526195894104
0.1,adam-m-aware,381,0.002101690740616135,0.0014499668717733233,1.4494750063122113
0.1,adam-m-aware,382,0.0021028316028842945,0.0014512841587841605,1.4489454667830037
0.1,adam-m-aware,383,0.0021040986211765395,0.0014526026419097366,1.4485025432765846
0.1,adam-m-aware,384,0.0021055943045489417,0.0014539254089994456,1.4482134306999683
0.1,adam-m-aware,385,0.0021071746958247002,0.001455250657065777,1.4479805836840496
0.1,adam-m-aware,386,0.0021087391158647385,0.0014565770678677773,1.4477360397768957
0.1,adam-m-aware,387,0.0021101277653801306,0.0014579064493329787,1.4473684277516956
0.1,adam-m-aware,388,0.002111397824949456,0.0014592387970380767,1.4469172757982547
0.1,adam-m-aware,389,0.0021126070929554847,0.0014605722669220013,1.4464242138511754
0.1,adam-m-aware,390,0.00211394193154572,0.001461910312804961,1.4460134202690649
0.1,adam-m-aware,391,0.0021152917831249365,0.0014632509995304269,1.4456110290057937
0.1,adam-m-aware,392,0.0021166770820366227,0.0014645917735927067,1.44523349113475
0.1,adam-m-aware,393,0.0021183435009014743,0.0014659439842009102,1.4450371390256012
0.1,adam-m-aware,394,0.0021197630825809917,0.0014673006729796652,1.4446685138338846
0.1,adam-m-aware,395,0.002121169442157504,0.0014686583542667727,1.4442905907933214
0.1,adam-m-aware,396,0.0021225707526379206,0.0014700197351413032,1.443906297240215
0.1,adam-m-aware,397,0.0021238345473182365,0.0014713806153334693,1.4434297456317222
0.1,adam-m-aware,398,0.002125029907483852,0.0014727439844590508,1.442905168792382
0.1,adam-m-aware,399,0.002126545289364619,0.0014741130585691885,1.442593074528963
0.1,adam-m-aware,400,0.0021280521791595696,0.001475483365938601,1.4422745984708878
0.1,adam-m-aware,401,0.002129672115241985,0.0014768575425121533,1.442029480798389
0.1,adam-m-aware,402,0.002131117913788802,0.0014782339721503316,1.4416648202779054
0.1,adam-m-aware,403,0.002132556155357961,0.001479616926081014,1.4412893754915024
0.1,adam-m-aware,404,0.002134118765604994,0.001481006112296774,1.4409925441127043
0.1,adam-m-aware,405,0.0021356192113153732,0.0014823966420448888,1.4406530281729444
0.1,adam-m-aware,406,0.002137254149606211,0.0014837880679068655,1.4404039200970056
0.1,adam-m-aware,407,0.0021392206182464847,0.0014851846411867646,1.440373512438898
0.1,adam-m-aware,408,0.0021410427429674156,0.0014865814078411923,1.4402458766631754
0.1,adam-m-aware,409,0.0021431196547953397,0.0014879800918667033,1.4402878549986173
0.1,adam-m-aware,410,0.0021454606989858467,0.0014893867796147734,1.4404993574206193
0.1,adam-m-aware,411,0.002147373779512995,0.0014907956467437686,1.4404212838985277
0.1,adam-m-aware,412,0.002149137736053334,0.0014922037319388595,1.4402441771546188
0.1,adam-m-aware,413,0.002150976952174112,0.0014936131019178411,1.4401165532172937
0.1,adam-m-aware,414,0.0021527410345169853,0.0014950299684859006,1.4399316936082458
0.1,adam-m-aware,415,0.0021543653668339366,0.001496450745043307,1.439650034570025
0.1,adam-m-aware,416,0.002155933814726513,0.0014978736465257824,1.4393295587562123
0.1,adam-m-aware,417,0.002157854251254566,0.0014992979342542986,1.439243129703778
0.1,adam-m-aware,418,0.0021598978856194264,0.0015007244947301635,1.4392367774391428
0.1,adam-m-aware,419,0.0021619133336491275,0.0015021539232792404,1.439208925360735
0.1,adam-m-aware,420,0.0021639645282331417,0.0015035865744092132,1.4392018158870585
0.1,adam-m-aware,421,0.002165991189042495,0.001505023732498485,1.4391741088672005
0.1,adam-m-aware,422,0.0021680136964125213,0.0015064672098361348,1.4391376607847612
0.1,adam-m-aware,423,0.0021702126523636526,0.0015079144127690346,1.4392147418887105
0.1,adam-m-aware,424,0.002172579326690187,0.001509364077860753,1.4394004458946845
0.1,adam-m-aware,425,0.0021749956371437816,0.0015108174317793818,1.4396151324400306
0.1,adam-m-aware,426,0.002177270721962993,0.0015122700951852317,1.4397366772608886
0.1,adam-m-aware,427,0.0021794526936885356,0.00151372496120757,1.4397943811073068
0.1,adam-m-aware,428,0.0021813299502075998,0.0015151828423236046,1.4396480010705686
0.1,adam-m-aware,429,0.0021833455157812213,0.0015166447799068216,1.4395892464123075
0.1,adam-m-aware,430,0.0021854161197101896,0.0015181080435808807,1.439565602034014
0.1,adam-m-aware,431,0.0021874165893271745,0.00151957671733363,1.439490724209956
0.1,adam-m-aware,432,0.00218908691353611,0.001521044321223457,1.4391999516327774
0.1,adam-m-aware,433,0.002190790073718733,0.0015225122085021968,1.43893103876912
0.1,adam-m-aware,434,0.002192280283680416,0.0015239848290804576,1.4385184431285938
0.1,adam-m-aware,435,0.002193869124022508,0.0015254602644657867,1.4381686466220718
0.1,adam-m-aware,436,0.002195225706834478,0.0015269391229193391,1.4376641962237817
0.1,adam-m-aware,437,0.002196692054467236,0.001528425141186997,1.4372258053549507
0.1,adam-m-aware,438,0.0021979953789764794,0.001529916893587892,1.4366763241772174
0.1,adam-m-aware,439,0.002199690781669098,0.0015314132468541505,1.4363796226705836
0.1,adam-m-aware,440,0.0022015708269257253,0.0015329175131512068,1.4361965389774776
0.1,adam-m-aware,441,0.002203528864312804,0.0015344260310836484,1.4360606635150859
0.1,adam-m-aware,442,0.002205468103477674,0.001535937645872414,1.4359099208255723
0.1,adam-m-aware,443,0.0022073894497362224,0.0015374497157778725,1.4357474114978739
0.1,adam-m-aware,444,0.002209098887505048,0.0015389643628592432,1.4354451219395108
0.1,adam-m-aware,445,0.0022108589214374984,0.0015404869318944975,1.435168890863991
0.1,adam-m-aware,446,0.0022128784381093484,0.0015420130588195261,1.435058169872697
0.1,adam-m-aware,447,0.00221482887801059,0.0015435412102258754,1.4349010336345223
0.1,adam-m-aware,448,0.0022165060903017947,0.0015450702367791548,1.4345665572604074
0.1,adam-m-aware,449,0.0022180843178541397,0.0015465945456252246,1.4341731154608848
0.1,adam-m-aware,450,0.002219538690655586,0.0015481236523906853,1.4336960017554607
0.1,adam-m-aware,451,0.0022209408596455373,0.0015496578468923985,1.433181436856719
0.1,adam-m-aware,452,0.002222271796039861,0.001551191662771364,1.4326223182953053
0.1,adam-m-aware,453,0.0022235837750188754,0.0015527362314219787,1.432042178202116
0.1,adam-m-aware,454,0.0022254539598788514,0.0015542866980963012,1.4318168987771687
0.1,adam-m-aware,455,0.0022275809913026787,0.001555840776619386,1.4317538303263178
0.1,adam-m-aware,456,0.002229208311214614,0.0015573903700372724,1.4313741462015481
0.1,adam-m-aware,457,0.0022316256752523134,0.0015589493542456877,1.4314933767249332
0.1,adam-m-aware,458,0.0022340593887237533,0.0015605139475431433,1.4316177002076995
0.1,adam-m-aware,459,0.002236297377481225,0.0015620809092824332,1.4316143063988305
0.1,adam-m-aware,460,0.0022382761123990705,0.0015636489804087175,1.431444103147763
0.1,adam-m-aware,461,0.0022398753344754635,0.0015652132365915252,1.4310352622324554
0.1,adam-m-aware,462,0.0022411740944568333,0.0015667869267546634,1.4304268539558533
0.1,adam-m-aware,463,0.0022433741313343447,0.00156838695830828,1.4303703046307723
0.1,adam-m-aware,464,0.002245352886689904,0.0015699846805261322,1.430175029438786
0.1,adam-m-aware,465,0.0022468950787720428,0.0015715862950215918,1.4296988246141284
0.1,adam-m-aware,466,0.0022486938163538924,0.0015731872076316527,1.4293873007899536
0.1,adam-m-aware,467,0.0022505289193618413,0.0015747842314569162,1.4291030316450133
0.1,adam-m-aware,468,0.002252503071283091,0.0015763790402417252,1.4289095539723031
0.1,adam-m-aware,469,0.0022544072176901415,0.0015779748893010904,1.428671161357107
0.1,adam-m-aware,470,0.0022563382611201716,0.0015795705446441266,1.428450453682345
0.1,adam-m-aware,471,0.0022585181244761617,0.001581166584251438,1.4283872091474779
0.1,adam-m-aware,472,0.002260465305825694,0.0015827611854058756,1.4281783800795136
0.1,adam-m-aware,473,0.0022623178853659704,0.0015843559427810717,1.4279101206228002
0.1,adam-m-aware,474,0.0022639839007116414,0.0015859582518980367,1.4275179677662764
0.1,adam-m-aware,475,0.002265843519265782,0.0015875701967860245,1.4272398939290345
0.1,adam-m-aware,476,0.0022679291347600956,0.0015891799370406038,1.4271065735850337
0.1,adam-m-aware,477,0.002269951596833764,0.0015907917378263424,1.4269319753542506
0.1,adam-m-aware,478,0.002272005474232021,0.0015924060518636273,1.4267752069725204
0.1,adam-m-aware,479,0.002274075487454497,0.0015940250955041768,1.4266246459157694
0.1,adam-m-aware,480,0.0022759562966242677,0.0015956495582414075,1.4263509709065678
0.1,adam-m-aware,481,0.0022777376683454768,0.0015972761780634606,1.42601367229242
0.1,adam-m-aware,482,0.0022797205496953364,0.0015989061228055905,1.425800124959885
0.1,adam-m-aware,483,0.0022814314213815117,0.0016005380379926803,1.4254153086188293
0.1,adam-m-aware,484,0.0022833604424209483,0.001602173675147857,1.4251641241142148
0.1,adam-m-aware,485,0.0022849616404444733,0.0016038090099796867,1.42470931777183
0.1,adam-m-aware,486,0.0022862169256649394,0.0016054498404704687,1.4240351009627155
0.1,adam-m-aware,487,0.0022870534033336784,0.0016070905940910375,1.4231017291388135
0.1,adam-m-aware,488,0.0022881353628443537,0.0016087390917194247,1.4223160079977843
1.0,decayed-prefix,1,0.007358213058306169,0.007358213058306169,1.0
1.0,decayed-prefix,2,0.01323125728857066,0.009728177088241401,1.3600962614633616
1.0,decayed-prefix,3,0.01710966638256036,0.010787123186162439,1.586119495187409
1.0,decayed-prefix,4,0.019448072128021812,0.011325102805066115,1.7172534733478984
1.0,decayed-prefix,5,0.020889530104291395,0.011610485607403145,1.7991952111780485
1.0,decayed-prefix,6,0.02194258810739682,0.011792488937506132,1.860725774150035
1.0,decayed-prefix,7,0.02293874719629434,0.011958713418325002,1.9181617949924297
1.0,decayed-prefix,8,0.023931288940084547,0.012104346115707543,1.9770823397911137
1.0,decayed-prefix,9,0.024900505582085793,0.012231917614703467,2.0356992555405995
1.0,decayed-prefix,10,0.025831441917468438,0.012345016663762922,2.0924590562354637
1.0,decayed-prefix,11,0.02672619089595687,0.012444447252095727,2.147639855314265
1.0,decayed-prefix,12,0.027535326261858006,0.012530141073322848,2.1975272345881067
1.0,decayed-prefix,13,0.028358023450353584,0.012612833082176172,2.248346843694279
1.0,decayed-prefix,14,0.02917709336032901,0.012691756826057101,2.2989010710027404
1.0,decayed-prefix,15,0.02988031510394155,0.012755645937950883,2.3425168156354177
1.0,decayed-prefix,16,0.030540279475830222,0.012814710130793883,2.3832204680495748
1.0,decayed-prefix,17,0.031152505232647204,0.012866943841932378,2.421127006952777
1.0,decayed-prefix,18,0.03172240580079025,0.012915260047065839,2.456195669710663
1.0,decayed-prefix,19,0.03225277243185025,0.012959772783670016,2.4886834800445277
1.0,decayed-prefix,20,0.03277033676688045,0.013000968769561012,2.5206072984041916
1.0,decayed-prefix,21,0.0332810065747587,0.01304066362454687,2.552094550779821
1.0,decayed-prefix,22,0.03381290459936114,0.013080527017332595,2.584980295867034
1.0,decayed-prefix,23,0.03431123339777866,0.013116917217272922,2.6158001022218964
1.0,decayed-prefix,24,0.03481590805244932,0.013152485222923607,2.6470972947202633
1.0,decayed-prefix,25,0.0352996482955802,0.013186841571850547,2.6768842336691927
1.0,decayed-prefix,26,0.03577619637288115,0.013220766999522019,2.7060605768314803
1.0,decayed-prefix,27,0.03622840027801186,0.013253501982609892,2.733496424231698
1.0,decayed-prefix,28,0.03669279921729275,0.013286429911834702,2.761674841230988
1.0,decayed-prefix,29,0.037175643559250904,0.013319788397207563,2.7910085694037465
1.0,decayed-prefix,30,0.03762494949624523,0.013351964389325073,2.8179336312734975
1.0,decayed-prefix,31,0.03805123493628884,0.013382936341118685,2.8432650329044398
1.0,decayed-prefix,32,0.03843558425995217,0.013412740971706359,2.8656025148797326
1.0,decayed-prefix,33,0.03881486098969617,0.01344143326463412,2.8877025407567447
1.0,decayed-prefix,34,0.039148257731877974,0.013469007587343219,2.9065435948425375
1.0,decayed-prefix,35,0.03948045638407137,0.01349690948914724,2.9251478952138856
1.0,decayed-prefix,36,0.03982421225508354,0.013526292229492675,2.944207590624945
1.0,decayed-prefix,37,0.04017023387090208,0.013554774211068413,2.9635487279530115
1.0,decayed-prefix,38,0.04047439245219311,0.013582669563009592,2.979855488969501
1.0,decayed-prefix,39,0.04078264740207696,0.01361158546911157,2.99617171670589
1.0,decayed-prefix,40,0.041083523195315864,0.013639176576585343,3.0121703436147897
1.0,decayed-prefix,41,0.04136891626557366,0.013666026221182547,3.0271357303157527
1.0,decayed-prefix,42,0.04164420057515257,0.013692733135270491,3.0413358796778973
1.0,decayed-prefix,43,0.041941103854565655,0.013721239770458185,3.056655561464993
1.0,decayed-prefix,44,0.04223086539674513,0.013748290312803758,3.0717176053094835
1.0,decayed-prefix,45,0.04249761092239326,0.013774984330111085,3.0851295292943934
1.0,decayed-prefix,46,0.04274805072592099,0.013802678253394351,3.0970837645518836
1.0,decayed-prefix,47,0.04298128513662021,0.013829951879697254,3.107840541348369
1.0,decayed-prefix,48,0.043244150307342105,0.013857555344977804,3.120618985874335
1.0,decayed-prefix,49,0.043523671820172125,0.013884959841516713,3.134591119956588
1.0,decayed-prefix,50,0.04384867380553253,0.013912994146852247,3.151634604507693
1.0,decayed-prefix,51,0.04417756579246932,0.013941161657349118,3.168858297341456
1.0,decayed-prefix,52,0.04443970879275841,0.013968014144848625,3.181533776520958
1.0,decayed-prefix,53,0.04465214973202187,0.013994329961366259,3.190731521644249
1.0,decayed-prefix,54,0.04484945088884634,0.014021432932417224,3.1986353395561635
1.0,decayed-prefix,55,0.04505410665273214,0.01404877495853947,3.2069776037907314
1.0,decayed-prefix,56,0.04527960966573516,0.01407576811241823,3.216848224843062
1.0,decayed-prefix,57,0.045549834598110066,0.014102402145148771,3.229934455796186
1.0,decayed-prefix,58,0.04584027242628857,0.014128807297638426,3.2444545006959356
1.0,decayed-prefix,59,0.04612928467403599,0.014155538799381882,3.2587445329915865
1.0,decayed-prefix,60,0.04642283815560972,0.014182665159711168,3.273209769309334
1.0,decayed-prefix,61,0.04668909131154635,0.014209693120248001,3.2857212971768592
1.0,decayed-prefix,62,0.046949416799077666,0.014236191359316622,3.2978916631625954
1.0,decayed-prefix,63,0.04717554756406809,0.014262532188369497,3.307655817424748
1.0,decayed-prefix,64,0.047401729934564776,0.014288840807254524,3.317395061921234
1.0,decayed-prefix,65,0.04762482942056006,0.014314922845398568,3.3269358092187504
1.0,decayed-prefix,66,0.04785073834192193,0.014341076751639875,3.336621034152843
1.0,decayed-prefix,67,0.04806365990441624,0.01436765040406381,3.345269306582077
1.0,decayed-prefix,68,0.04827170422921498,0.014394511797845804,3.3534797780664594
1.0,decayed-prefix,69,0.04848587749594932,0.01442145444419221,3.3620657114425443
1.0,decayed-prefix,70,0.04872279088740867,0.014448916855211796,3.3720722027571304
1.0,decayed-prefix,71,0.04895590194204267,0.014476515527984514,3.3817462391005724
1.0,decayed-prefix,72,0.04920821207480228,0.014505311901259362,3.3924270232706943
1.0,decayed-prefix,73,0.04950290066850871,0.014534870742511153,3.4058026070864265
1.0,decayed-prefix,74,0.049797087961524156,0.01456400917424757,3.4191881758476614
1.0,decayed-prefix,75,0.0500548552764579,0.014592498318577124,3.430177217340164
1.0,decayed-prefix,76,0.05028427145231827,0.014620667708324412,3.439259577980044
1.0,decayed-prefix,77,0.05053052026965825,0.014649192324677013,3.449372439771853
1.0,decayed-prefix,78,0.05077376492413993,0.014677644153184314,3.459258474605038
1.0,decayed-prefix,79,0.05099315682112504,0.014705690528755387,3.4675798951034253
1.0,decayed-prefix,80,0.05119657537138813,0.014734597611305801,3.4745825248804345
1.0,decayed-prefix,81,0.05141879970528496,0.014763574034171318,3.4828151764791215
1.0,decayed-prefix,82,0.051643014901353465,0.014792372170392858,3.491192237896616
1.0,decayed-prefix,83,0.051860253860413034,0.01482162942958136,3.4989576623005503
1.0,decayed-prefix,84,0.052057253157213185,0.01485026884317186,3.505475470307668
1.0,decayed-prefix,85,0.05222967992866653,0.01487853714552911,3.5104042432263682
1.0,decayed-prefix,86,0.052389198011622576,0.014906946933204051,3.5144150070682656
1.0,decayed-prefix,87,0.05252467861529045,0.014935453431343962,3.5167783058437774
1.0,decayed-prefix,88,0.05266078827141778,0.014963777511916444,3.519217539119465
1.0,decayed-prefix,89,0.052823466859054084,0.0149920760710165,3.523425748964501
1.0,decayed-prefix,90,0.052991267556067936,0.015020937375043647,3.5278269413538488
1.0,decayed-prefix,91,0.05315993455737919,0.015050025573210954,3.532215563274781
1.0,decayed-prefix,92,0.0533214999128935,0.015080326926005942,3.535831827421517
1.0,decayed-prefix,93,0.05348306364175104,0.015110159435153035,3.5395433033833745
1.0,decayed-prefix,94,0.05364971095794614,0.015140487249848783,3.5434600005017654
1.0,decayed-prefix,95,0.053817702919533174,0.015170979327712858,3.547411261791404
1.0,decayed-prefix,96,0.054030480025604774,0.015202759781687876,3.5539915647871982
1.0,decayed-prefix,97,0.05426374436083263,0.015235147514958193,3.561747223488012
1.0,decayed-prefix,98,0.054543776339068845,0.015267510332426362,3.5725390159536623
1.0,decayed-prefix,99,0.05480053529899669,0.015299435458980113,3.5818664973570074
1.0,decayed-prefix,100,0.054997280244110956,0.015331243093357828,3.587268162745277
1.0,decayed-prefix,101,0.05519765225591031,0.01536324394500723,3.592838364963183
1.0,decayed-prefix,102,0.05537654323848139,0.015394333188528614,3.5972031110607827
1.0,decayed-prefix,103,0.0555627492182,0.015425052235655145,3.602110927687247
1.0,decayed-prefix,104,0.05577548158122834,0.015455938727119952,3.6086764166165595
1.0,decayed-prefix,105,0.05598433424951132,0.015487882373233881,3.614718455394735
1.0,decayed-prefix,106,0.056199515516363194,0.015520150786007787,3.6210676230690972
1.0,decayed-prefix,107,0.056431554185063744,0.015553001919079074,3.6283384055806236
1.0,decayed-prefix,108,0.056688153962600615,0.015586075899855886,3.6371023936258884
1.0,decayed-prefix,109,0.056935233166955375,0.015619524615512678,3.6451322667278627
1.0,decayed-prefix,110,0.05713870033149093,0.015651990883239406,3.6505707649419006
1.0,decayed-prefix,111,0.05736434964415405,0.015684442639430966,3.657404407851833
1.0,decayed-prefix,112,0.057619541593152614,0.015717434374020005,3.6659635549930676
1.0,decayed-prefix,113,0.057912546249802986,0.015750663206977808,3.6768322380321585
1.0,decayed-prefix,114,0.058196532989223684,0.015783676338315508,3.6871342101680877
1.0,decayed-prefix,115,0.05844759812401403,0.015816218540511337,3.6954217580079307
1.0,decayed-prefix,116,0.05867202699913597,0.015847917945623163,3.702191492942444
1.0,decayed-prefix,117,0.05888263125792937,0.015879833477309393,3.7080131439707125
1.0,decayed-prefix,118,0.05909832790537205,0.015911810407854072,3.714117148869566
1.0,decayed-prefix,119,0.0593404845424711,0.0159446851318853,3.7216466836215707
1.0,decayed-prefix,120,0.0595571651623573,0.01597732245392432,3.7276061326363843
1.0,decayed-prefix,121,0.059806142837960125,0.016010264827824805,3.7354874189226974
1.0,decayed-prefix,122,0.06006610957020725,0.016044703726513485,3.7436720923023
1.0,decayed-prefix,123,0.06034077074207514,0.016080072096119686,3.752518669156719
1.0,decayed-prefix,124,0.0606451378540462,0.016115943433307207,3.763052290733997
1.0,decayed-prefix,125,0.0608902857466757,0.01615015450331457,3.770260261855632
1.0,decayed-prefix,126,0.06115597152095945,0.01618412196983472,3.778763632339581
1.0,decayed-prefix,127,0.06142871330397865,0.01621829981507413,3.7876173214459636
1.0,decayed-prefix,128,0.06166483260935794,0.016252991284549788,3.7940605227529396
1.0,decayed-prefix,129,0.06191664311541403,0.0162887498811454,3.8011906111397753
1.0,decayed-prefix,130,0.0621861199997265,0.016324154652466016,3.8094542304726526
1.0,decayed-prefix,131,0.062479488517590456,0.016359816546945242,3.8190824657662086
1.0,decayed-prefix,132,0.06272316450243383,0.0163954130061211,3.825653216482965
1.0,decayed-prefix,133,0.06301631044702241,0.01643044678715876,3.835337606051766
1.0,decayed-prefix,134,0.06335046272451762,0.01646558217026278,3.8474474858793646
1.0,decayed-prefix,135,0.06369280758599619,0.016500935755620328,3.859951249389114
1.0,decayed-prefix,136,0.06397726257806498,0.01653675080175302,3.8687928085173118
1.0,decayed-prefix,137,0.06421212262904637,0.016572476508691276,3.8746244470686646
1.0,decayed-prefix,138,0.06446214037306781,0.016608105866224417,3.881366176992117
1.0,decayed-prefix,139,0.06472283843108122,0.016643495791253255,3.888776687473034
1.0,decayed-prefix,140,0.0649900004017689,0.01667870950810596,3.8965844671725556
1.0,decayed-prefix,141,0.06529027628771744,0.016714066112564433,3.906307169542479
1.0,decayed-prefix,142,0.0655814020416261,0.016749435517405133,3.915439536662436
1.0,decayed-prefix,143,0.06584290455466772,0.01678493395048907,3.922738376503961
1.0,decayed-prefix,144,0.06607649592436263,0.016821089617354568,3.9281935610277308
1.0,decayed-prefix,145,0.06627755528937417,0.01685886798977247,3.931317056968584
1.0,decayed-prefix,146,0.06653759964341513,0.01689745972919545,3.9377279608751716
1.0,decayed-prefix,147,0.06681082729833937,0.01693560816560765,3.9449913250837305
1.0,decayed-prefix,148,0.06709649567256484,0.016973549632438845,3.953003179979159
1.0,decayed-prefix,149,0.06743209191720331,0.01701084826438883,3.964064041319343
1.0,decayed-prefix,150,0.06779744063163246,0.01704774399928655,3.976915692449968
1.0,decayed-prefix,151,0.0681824363356409,0.017084487784928073,3.990897309534291
1.0,decayed-prefix,152,0.06856980777694013,0.017121667888020692,4.0048556148502055
1.0,decayed-prefix,153,0.06891494136012628,0.017157969693980073,4.0164974405045895
1.0,decayed-prefix,154,0.06922981054711108,0.01719437878452531,4.026304841522795
1.0,decayed-prefix,155,0.06952929267192144,0.01723103932610265,4.035118912797915
1.0,decayed-prefix,156,0.06984310992912222,0.01726749469556927,4.0447737880031625
1.0,decayed-prefix,157,0.07009491973133931,0.017303318922315056,4.050952308400332
1.0,decayed-prefix,158,0.07032688277422687,0.017339301701303784,4.0559235882572375
1.0,decayed-prefix,159,0.0705490696307977,0.01737575418651843,4.060201869426514
1.0,decayed-prefix,160,0.07080140665363775,0.01741233095634618,4.066164767436444
1.0,decayed-prefix,161,0.07107040494373608,0.01744877355850531,4.073088845209593
1.0,decayed-prefix,162,0.07131853100374273,0.017485865388235943,4.078638913217533
1.0,decayed-prefix,163,0.07156531001202683,0.017522702220001584,4.084148044833941
1.0,decayed-prefix,164,0.07183062235726774,0.017560317666693803,4.0905081400382075
1.0,decayed-prefix,165,0.07207958344326545,0.017597361605742077,4.096044910490766
1.0,decayed-prefix,166,0.07234838803145018,0.01763535339021541,4.102463184638596
1.0,decayed-prefix,167,0.07262345456972982,0.017673937157804593,4.109070543891812
1.0,decayed-prefix,168,0.07294194162238711,0.017712470969904935,4.118112133892666
1.0,decayed-prefix,169,0.07328792883187216,0.017750196569139787,4.128851674763388
1.0,decayed-prefix,170,0.07364955617838102,0.017788786976273098,4.140223629447904
1.0,decayed-prefix,171,0.07402421924263476,0.017828019371240407,4.152128046374477
1.0,decayed-prefix,172,0.07435712138405655,0.017867475278909032,4.161590836049933
1.0,decayed-prefix,173,0.07465515260896372,0.017906313819884705,4.169208322824111
1.0,decayed-prefix,174,0.07491784057726453,0.017945273374030724,4.174795168385728
1.0,decayed-prefix,175,0.07512612317116549,0.017983430463655296,4.17751904026299
1.0,decayed-prefix,176,0.07532866665288639,0.018021698557997526,4.17988717381235
1.0,decayed-prefix,177,0.0755901214443871,0.018060371416485355,4.185413450323014
1.0,decayed-prefix,178,0.07583961999436842,0.018098824411604292,4.1903064127050635
1.0,decayed-prefix,179,0.07613629900355151,0.018137606916490967,4.197703663669507
1.0,decayed-prefix,180,0.07640924787456056,0.018176461277684228,4.203747181986982
1.0,decayed-prefix,181,0.07669221710615942,0.018216128921683304,4.210127049269505
1.0,decayed-prefix,182,0.07698393275041308,0.01825546912150735,4.217033933119574
1.0,decayed-prefix,183,0.07724634264322999,0.018293893828777833,4.222520550639416
1.0,decayed-prefix,184,0.0774067640518661,0.01833228032783295,4.222429652373547
1.0,decayed-prefix,185,0.07755654643222831,0.018370832747652166,4.221721872795354
1.0,decayed-prefix,186,0.0777129233537783,0.018409720582564775,4.221298362745254
1.0,decayed-prefix,187,0.07793796725178022,0.018449906899421477,4.2243013841020565
1.0,decayed-prefix,188,0.07819541314942928,0.018489560729905957,4.229165543286923
1.0,decayed-prefix,189,0.07848447023545897,0.0185287745326429,4.235815493204349
1.0,decayed-prefix,190,0.07884268811113543,0.018568933036391722,4.245946062523794
1.0,decayed-prefix,191,0.07919596115390863,0.018608531939578694,4.255895167391785
1.0,decayed-prefix,192,0.07950395294467599,0.01864732334508748,4.263558446076971
1.0,decayed-prefix,193,0.07976835004790593,0.018686062406212713,4.268868866743412
1.0,decayed-prefix,194,0.08001786943579535,0.01872576850712443,4.273142082545325
1.0,decayed-prefix,195,0.08027226456974768,0.018765551424348798,4.277639529717859
1.0,decayed-prefix,196,0.08058090983066668,0.018805189538234537,4.285035769877795
1.0,decayed-prefix,197,0.08087030465839208,0.018844454646732265,4.2914643153345615
1.0,decayed-prefix,198,0.08119534783499541,0.018885102415420567,4.299439105434536
1.0,decayed-prefix,199,0.08156010972544292,0.01892714159652122,4.309161492215684
1.0,decayed-prefix,200,0.08198882999043522,0.0189710971089563,4.321775884628628
1.0,decayed-prefix,201,0.08244106357710419,0.019015308443320795,4.335510192897342
1.0,decayed-prefix,202,0.08287841996390789,0.019057832338421964,4.348785239170093
1.0,decayed-prefix,203,0.08328016515945069,0.01909916222544677,4.360409329813031
1.0,decayed-prefix,204,0.08366471795403709,0.019139907516250176,4.371218506829462
1.0,decayed-prefix,205,0.08404941251075547,0.019179734071315485,4.382199054389222
1.0,decayed-prefix,206,0.08442932780523438,0.019219369026160456,4.392929221053685
1.0,decayed-prefix,207,0.08478619397199287,0.019259723931966254,4.402253857401835
1.0,decayed-prefix,208,0.08512346279421201,0.01930030919978375,4.410471454787148
1.0,decayed-prefix,209,0.08538983661527572,0.01934117552292902,4.414924858835277
1.0,decayed-prefix,210,0.08561416788021074,0.019382174604441534,4.417160077620587
1.0,decayed-prefix,211,0.0858663261611574,0.019423934554014626,4.4206453601034275
1.0,decayed-prefix,212,0.08612794539992298,0.019468275595426018,4.424015110005858
1.0,decayed-prefix,213,0.08641494611382253,0.019512872477296928,4.428612251444047
1.0,decayed-prefix,214,0.08673908827890006,0.019556028065210174,4.435414389346646
1.0,decayed-prefix,215,0.08702982507174775,0.0195979273120154,4.4407668059055485
1.0,decayed-prefix,216,0.08732802533860692,0.01963857258943181,4.44676032033006
1.0,decayed-prefix,217,0.08764850872160702,0.019679554657866933,4.453785171737583
1.0,decayed-prefix,218,0.08800307445334142,0.019721585260393346,4.462271835219914
1.0,decayed-prefix,219,0.0884046689019248,0.01976391595372429,4.473034043906968
1.0,decayed-prefix,220,0.08881852588686223,0.019806058556096153,4.484411960880756
1.0,decayed-prefix,221,0.08921087549999919,0.01984878086784042,4.494526696324271
1.0,decayed-prefix,222,0.08960088193574164,0.01989092792404365,4.504610457485715
1.0,decayed-prefix,223,0.08996737115008334,0.019933729992952325,4.513323456367262
1.0,decayed-prefix,224,0.09030978965014642,0.019977116742167705,4.52066185604855
1.0,decayed-prefix,225,0.09063862642364812,0.020019705395800395,4.527470541232924
1.0,decayed-prefix,226,0.09102118248603837,0.020063206258241106,4.536721664247994
1.0,decayed-prefix,227,0.09143114870555495,0.020108530068372384,4.546883755036975
1.0,decayed-prefix,228,0.09179171981487905,0.020155700764557947,4.554131899809052
1.0,decayed-prefix,229,0.09216080889349529,0.02020256582266225,4.5618368331270975
1.0,decayed-prefix,230,0.09255435112068382,0.020248238330842428,4.570982897791341
1.0,decayed-prefix,231,0.09304825126288645,0.020294835872371936,4.584824033465393
1.0,decayed-prefix,232,0.09363298908960438,0.02034248721447021,4.602828951171737
1.0,decayed-prefix,233,0.09413718304290912,0.02038829560696887,4.617216900206819
1.0,decayed-prefix,234,0.0945898002745144,0.02043364384412393,4.629120532592401
1.0,decayed-prefix,235,0.09496709459563589,0.020479804713571945,4.637109382820496
1.0,decayed-prefix,236,0.09525348239284154,0.020525684737930056,4.640696941857421
1.0,decayed-prefix,237,0.09548842834165154,0.02057160087257227,4.641759721722215
1.0,decayed-prefix,238,0.09573618005727075,0.020616199101452713,4.6437357141416395
1.0,decayed-prefix,239,0.09608371227075828,0.02066003891305252,4.650703354196244
1.0,decayed-prefix,240,0.09647238664019851,0.02070302304771872,4.659821245324309
1.0,decayed-prefix,241,0.0969445069688161,0.020747244677166207,4.6726448970600085
1.0,decayed-prefix,242,0.09742002735648296,0.02079101728804119,4.685678723980384
1.0,decayed-prefix,243,0.09791598851558139,0.020834152711653377,4.699782605549063
1.0,decayed-prefix,244,0.09840486793936122,0.020876943484330442,4.713566811790276
1.0,decayed-prefix,245,0.0988162989455285,0.02091931956946989,4.723686093965655
1.0,decayed-prefix,246,0.09915581484780485,0.020962071691838592,4.730248818222024
1.0,decayed-prefix,247,0.09940041333853829,0.021005030984819137,4.732219315000176
1.0,decayed-prefix,248,0.09973482830429618,0.021047959410655726,4.738455940474899
1.0,decayed-prefix,249,0.1001130452865003,0.02109101349347216,4.746715719350617
1.0,decayed-prefix,250,0.10051607988521462,0.021134566336608117,4.756003898272863
1.0,decayed-prefix,251,0.10093378783769939,0.02117850878295791,4.765859054199302
1.0,decayed-prefix,252,0.1013484899943043,0.02122308947643506,4.775388150101145
1.0,decayed-prefix,253,0.10177341947713475,0.021267961455752212,4.785292642591692
1.0,decayed-prefix,254,0.10220810689028835,0.021313619418763884,4.795436424106707
1.0,decayed-prefix,255,0.10264774586395121,0.021358571681163094,4.805927446659742
1.0,decayed-prefix,256,0.10301878860777619,0.021402668174337232,4.813361949483494
1.0,decayed-prefix,257,0.10337752621888696,0.021445931388587528,4.820379415831733
1.0,decayed-prefix,258,0.10374117652443823,0.02148925756796732,4.827583093381442
1.0,decayed-prefix,259,0.10408240963052527,0.02153120387346684,4.834026478137958
1.0,decayed-prefix,260,0.10444487249052319,0.021573616746669404,4.841324183931639
1.0,decayed-prefix,261,0.10477774621556088,0.02161564498600546,4.847310653158708
1.0,decayed-prefix,262,0.10515281255929998,0.021658668288930687,4.854998985004147
1.0,decayed-prefix,263,0.10557468646123189,0.02170210388118597,4.864721274915512
1.0,decayed-prefix,264,0.1059794266047789,0.02174508735677862,4.873718135316748
1.0,decayed-prefix,265,0.10639079958787313,0.021788545532702104,4.882877538943238
1.0,decayed-prefix,266,0.10679386667091195,0.02183106258472376,4.8918309063728636
1.0,decayed-prefix,267,0.107204232888824,0.02187454232849936,4.900867468625957
1.0,decayed-prefix,268,0.10758094386991901,0.021917443632338527,4.908462212773143
1.0,decayed-prefix,269,0.10799925980876052,0.021960977173998603,4.917780249625216
1.0,decayed-prefix,270,0.10836134345260139,0.022004713974210006,4.924460439685932
1.0,decayed-prefix,271,0.10865001436259059,0.022047655074448613,4.927962361335508
1.0,decayed-prefix,272,0.1088431596517502,0.022090606957697535,4.927123997098843
1.0,decayed-prefix,273,0.10900956527436494,0.022133517439512376,4.925089994045091
1.0,decayed-prefix,274,0.10916172053312065,0.022176850182411865,4.92232754585208
1.0,decayed-prefix,275,0.10930868438455131,0.022219764138759285,4.919434954481696
1.0,decayed-prefix,276,0.10949846794723996,0.022263523560974992,4.918290119142518
1.0,decayed-prefix,277,0.10964414284367086,0.022306572919301586,4.915328914052827
1.0,decayed-prefix,278,0.10978712546765372,0.022350514635001612,4.91206253012732
1.0,decayed-prefix,279,0.10993196160262408,0.022393671861695736,4.909063698064727
1.0,decayed-prefix,280,0.11009742171464956,0.022436663115345798,4.907031903480658
1.0,decayed-prefix,281,0.11026739264447645,0.02247941327962177,4.9052611504072035
1.0,decayed-prefix,282,0.11041839460639856,0.02252257386599959,4.902565544388681
1.0,decayed-prefix,283,0.11052281958403387,0.02256618125586038,4.897719216685427
1.0,decayed-prefix,284,0.1106393380107587,0.022609486926356167,4.893491761716406
1.0,decayed-prefix,285,0.11077941510353345,0.02265272064909892,4.890335991846526
1.0,decayed-prefix,286,0.1109445172714685,0.022696514810488063,4.88817416232562
1.0,decayed-prefix,287,0.11111980332941535,0.02273945862372527,4.886651224558101
1.0,decayed-prefix,288,0.11130095532350405,0.022782819913614173,4.885301983930211
1.0,decayed-prefix,289,0.11155558264976868,0.02282629755905089,4.887151863379421
1.0,decayed-prefix,290,0.11186493112657053,0.02287170515671293,4.890974693845148
1.0,decayed-prefix,291,0.11226554379838592,0.02291899860333032,4.898361649276981
1.0,decayed-prefix,292,0.11262915525126635,0.022965809823289704,4.9042100460593705
1.0,decayed-prefix,293,0.1130201466966369,0.023012053293881354,4.911345600207161
1.0,decayed-prefix,294,0.11343582260910391,0.023057482425101736,4.919696804609118
1.0,decayed-prefix,295,0.11383428151290752,0.023102267120408387,4.927407380392856
1.0,decayed-prefix,296,0.11416075265183792,0.023147920068220376,4.931793107777681
1.0,decayed-prefix,297,0.11450858570222597,0.023193213691608594,4.937159085618897
1.0,decayed-prefix,298,0.11490898745306888,0.023240163509432706,4.944413898225358
1.0,decayed-prefix,299,0.11528164167829462,0.023287033031659642,4.95046498716967
1.0,decayed-prefix,300,0.11562838344439239,0.023338284206243187,4.954450910896904
1.0,decayed-prefix,301,0.11598250213841187,0.023388189424873047,4.959020128982961
1.0,decayed-prefix,302,0.11635132783989086,0.02343886107395883,4.964035047298443
1.0,decayed-prefix,303,0.11676006397969298,0.023489114805144554,4.970815841647653
1.0,decayed-prefix,304,0.11714869779275713,0.02353955027738159,4.976675272565492
1.0,decayed-prefix,305,0.11751569636149115,0.023588622919018,4.981880322769743
1.0,decayed-prefix,306,0.11789094690387085,0.023637282415611926,4.9875000362142465
1.0,decayed-prefix,307,0.11824460947034363,0.023685219801526724,4.992337434956871
1.0,decayed-prefix,308,0.11860360664705649,0.023733705144485587,4.997264688552578
1.0,decayed-prefix,309,0.11897497662999877,0.023781690448993083,5.002797294211529
1.0,decayed-prefix,310,0.1193890908232795,0.023828412674340247,5.010366928546788
1.0,decayed-prefix,311,0.11983330942235744,0.023878186833983597,5.018526333490693
1.0,decayed-prefix,312,0.12022906194658507,0.02393024360050351,5.024147014702992
1.0,decayed-prefix,313,0.12068577528524692,0.023981862277763128,5.032377130993336
1.0,decayed-prefix,314,0.12110842967946128,0.02403259815153102,5.039339854802422
1.0,decayed-prefix,315,0.12148174782308009,0.024081563092992156,5.044595625041957
1.0,decayed-prefix,316,0.1218359508368793,0.024129888120525987,5.049171808353312
1.0,decayed-prefix,317,0.1221618545271134,0.024179126058383984,5.052368486443058
1.0,decayed-prefix,318,0.12248050230113172,0.024227090549640923,5.055518410275932
1.0,decayed-prefix,319,0.12282702460607402,0.024275563288066043,5.059698230213931
1.0,decayed-prefix,320,0.12314726272475636,0.02432317195025896,5.062960660582974
1.0,decayed-prefix,321,0.1234812324173162,0.024371398221860255,5.0666453887146305
1.0,decayed-prefix,322,0.12383224001656887,0.024418681504296443,5.0712091066334075
1.0,decayed-prefix,323,0.1241711317359096,0.024466727115058276,5.075101837363745
1.0,decayed-prefix,324,0.12449354658775975,0.02451442007626456,5.078380243157265
1.0,decayed-prefix,325,0.12478170174465263,0.024562132135051203,5.080247148682335
1.0,decayed-prefix,326,0.1250607851634784,0.024610478234841523,5.081607271915077
1.0,decayed-prefix,327,0.12526167477964534,0.024659175154267576,5.079718765774177
1.0,decayed-prefix,328,0.12553624020702842,0.024708261711865583,5.08073945755328
1.0,decayed-prefix,329,0.12590405351453185,0.02475954638109729,5.085071090424075
1.0,decayed-prefix,330,0.12624619257496864,0.024810263850816024,5.088466343368466
1.0,decayed-prefix,331,0.12654271964742528,0.0248602794771466,5.090156760456079
1.0,decayed-prefix,332,0.1268665371648353,0.02490968957712781,5.093059741753055
1.0,decayed-prefix,333,0.12721917920695275,0.024959947819330235,5.0969328993720024
1.0,decayed-prefix,334,0.12755613251433312,0.02501028231585649,5.100147647412308
1.0,decayed-prefix,335,0.12788297576666183,0.025059510337032197,5.103171372733496
1.0,decayed-prefix,336,0.12821119915526813,0.025109270578611623,5.106129975136751
1.0,decayed-prefix,337,0.128539825002968,0.02515990523620399,5.108915307757395
1.0,decayed-prefix,338,0.12887831205872824,0.02521042805092706,5.112103285132004
1.0,decayed-prefix,339,0.12924810821957036,0.025260656336014674,5.116577594038936
1.0,decayed-prefix,340,0.1296352251217751,0.02531346839643985,5.121195684902957
1.0,decayed-prefix,341,0.1300409155586511,0.02536580831705631,5.12662218105661
1.0,decayed-prefix,342,0.13042301620352273,0.025417491346788283,5.131230868698724
1.0,decayed-prefix,343,0.13083073017523394,0.025467508838042247,5.137162453039174
1.0,decayed-prefix,344,0.1312009342077564,0.025518820024711605,5.14134015917294
1.0,decayed-prefix,345,0.1315371659412573,0.025569900559064863,5.1442189083768515
1.0,decayed-prefix,346,0.13188156556306016,0.025622784848632996,5.147042616255516
1.0,decayed-prefix,347,0.13213955763573884,0.025674336176965865,5.146756540264123
1.0,decayed-prefix,348,0.132389009148874,0.02572483911672141,5.146349353175149
1.0,decayed-prefix,349,0.13260135190568503,0.025776937087748704,5.144185729060416
1.0,decayed-prefix,350,0.13282848968662125,0.025828780917053526,5.142654239593664
1.0,decayed-prefix,351,0.13299338393873955,0.02588106733894982,5.1386359842505644
1.0,decayed-prefix,352,0.13313646627800418,0.025932257660292907,5.134009850667988
1.0,decayed-prefix,353,0.1333073025975145,0.02598222624730697,5.130711330455436
1.0,decayed-prefix,354,0.13354782085208014,0.02603314639110438,5.129914718941307
1.0,decayed-prefix,355,0.13383063846369408,0.026083656606902712,5.130823506865118
1.0,decayed-prefix,356,0.13421412870639277,0.026134733746030637,5.135469525369751
1.0,decayed-prefix,357,0.13464762208190245,0.026185846499990822,5.141999976282976
1.0,decayed-prefix,358,0.1350456278708785,0.026236277979310968,5.147286058539663
1.0,decayed-prefix,359,0.13540166239642107,0.026286222145202237,5.1510506777458165
1.0,decayed-prefix,360,0.13581077252362134,0.02633879907429459,5.156300867800999
1.0,decayed-prefix,361,0.1362568937821109,0.026392005394995765,5.162809409244316
1.0,decayed-prefix,362,0.13668293812336463,0.026446314163550446,5.168317115121754
1.0,decayed-prefix,363,0.13713586627799373,0.026499338405915653,5.175067549889466
1.0,decayed-prefix,364,0.13762421524278634,0.026551722822081927,5.183249921859315
1.0,decayed-prefix,365,0.13816648836914525,0.026603242472064356,5.193595799994369
1.0,decayed-prefix,366,0.13872397150168095,0.02665492421518888,5.204440664762098
1.0,decayed-prefix,367,0.1393460481332215,0.026706500227750497,5.217682846681206
1.0,decayed-prefix,368,0.1398406827300418,0.026758541093070385,5.226020441236092
1.0,decayed-prefix,369,0.14034340361459144,0.026810356765813996,5.234671244417901
1.0,decayed-prefix,370,0.14076629659273182,0.026861213285441537,5.240504034455715
1.0,decayed-prefix,371,0.14113403542875602,0.026911449289616817,5.244386279976733
1.0,decayed-prefix,372,0.141494262121145,0.0269631971185903,5.24768118182799
1.0,decayed-prefix,373,0.14182417164260655,0.027015166993435234,5.249798073692094
1.0,decayed-prefix,374,0.14209214647056942,0.027067096444258594,5.24962648886965
1.0,decayed-prefix,375,0.14238295998733108,0.027117935110583715,5.2505089125226645
1.0,decayed-prefix,376,0.14262522429132668,0.027167929055169664,5.249764308560249
1.0,decayed-prefix,377,0.14288426597216725,0.027217259358348355,5.249766851648137
1.0,decayed-prefix,378,0.14313386055720176,0.027265627286389968,5.249608199135367
1.0,decayed-prefix,379,0.14339544210976266,0.027314313124882375,5.249827863294665
1.0,decayed-prefix,380,0.14370417729863086,0.027364200652502186,5.251539378896147
1.0,decayed-prefix,381,0.14402926705595914,0.027416099445976443,5.253455814886049
1.0,decayed-prefix,382,0.1443195741036462,0.02746641054960292,5.254402421569156
1.0,decayed-prefix,383,0.14455291922966843,0.02751600562733888,5.253412184435884
1.0,decayed-prefix,384,0.1448231680161402,0.027566606230021346,5.253572630874702
1.0,decayed-prefix,385,0.1450653049445582,0.027617333864906713,5.252690417335772
1.0,decayed-prefix,386,0.14529358172569481,0.027666759936961625,5.251557538965331
1.0,decayed-prefix,387,0.14545006746688727,0.02771620047177476,5.247835741952028
1.0,decayed-prefix,388,0.14563128267693173,0.02776526644416848,5.245088606290633
1.0,decayed-prefix,389,0.1458279139905866,0.02781413835932593,5.242941992545719
1.0,decayed-prefix,390,0.14605794412791281,0.02786243232856127,5.242110322801627
1.0,decayed-prefix,391,0.1463523541726962,0.02791081586333662,5.2435713412786065
1.0,decayed-prefix,392,0.14660954793131353,0.027958787093284584,5.243773538607033
1.0,decayed-prefix,393,0.14683968459235563,0.028008599489659138,5.2426642983905465
1.0,decayed-prefix,394,0.14703608936748672,0.028058858210767337,5.240273437465211
1.0,decayed-prefix,395,0.14718368548052446,0.02810884784658241,5.236204852075417
1.0,decayed-prefix,396,0.14732327046896637,0.02815881222425867,5.231870907610519
1.0,decayed-prefix,397,0.14745340068190071,0.02820795079592951,5.227370174765714
1.0,decayed-prefix,398,0.14758366640597026,0.028256973663735384,5.222911277132877
1.0,decayed-prefix,399,0.1477401582547715,0.028306078322530168,5.219379264459182
1.0,decayed-prefix,400,0.14791122733670747,0.028354246416395203,5.216545880449891
1.0,decayed-prefix,401,0.1481274602312839,0.028402397778418045,5.215315319041148
1.0,decayed-prefix,402,0.14834839424979984,0.02845050603120912,5.2142620622307145
1.0,decayed-prefix,403,0.14863185592757777,0.028499854450897824,5.215179473412905
1.0,decayed-prefix,404,0.14897162672938222,0.028551532579462725,5.217640290053583
1.0,decayed-prefix,405,0.14931677987280007,0.02860332454402763,5.220259611534471
1.0,decayed-prefix,406,0.14969351956110571,0.028654713213022653,5.224045288754619
1.0,decayed-prefix,407,0.15017582737580326,0.028706400227625738,5.2314405911222845
1.0,decayed-prefix,408,0.15061113038693358,0.02875727919230237,5.2373219795859045
1.0,decayed-prefix,409,0.15110282682889875,0.02880794422387251,5.245179095552509
1.0,decayed-prefix,410,0.15159177600093202,0.028859077707748974,5.252828158130223
1.0,decayed-prefix,411,0.15199599587679644,0.028909284530715524,5.257687913905437
1.0,decayed-prefix,412,0.1524158137102506,0.02895831433569355,5.263283350798679
1.0,decayed-prefix,413,0.15279825019420473,0.029006957501481235,5.267641399012707
1.0,decayed-prefix,414,0.15312302243694548,0.029056314449997102,5.269870778018124
1.0,decayed-prefix,415,0.15346799313386095,0.029107423695661737,5.272469138405207
1.0,decayed-prefix,416,0.1538513452712457,0.02915857906369813,5.276366346081234
1.0,decayed-prefix,417,0.15425470251019102,0.02920903921301377,5.281060475329313
1.0,decayed-prefix,418,0.15464719747591882,0.029258561793534265,5.285536540285234
1.0,decayed-prefix,419,0.1549935371520284,0.029307541990054527,5.288520518186931
1.0,decayed-prefix,420,0.15532968060239852,0.029356320276304665,5.291183606815153
1.0,decayed-prefix,421,0.15565723378234272,0.02940451835027722,5.293650177435238
1.0,decayed-prefix,422,0.15601868026159538,0.029453903134741905,5.297046016205774
1.0,decayed-prefix,423,0.15640126333390283,0.02950276839460156,5.301240251152881
1.0,decayed-prefix,424,0.15677970522208115,0.02955105270159058,5.305384779529107
1.0,decayed-prefix,425,0.1571207103522651,0.02959949821946129,5.308222091716415
1.0,decayed-prefix,426,0.15744262590186975,0.029647373162703966,5.310508456780605
1.0,decayed-prefix,427,0.15775506070572454,0.02969543521084822,5.31243470875598
1.0,decayed-prefix,428,0.1580838891783067,0.029744460344452703,5.314733814217245
1.0,decayed-prefix,429,0.15847217108274161,0.02979306706717138,5.319095570974637
1.0,decayed-prefix,430,0.15884332662609674,0.02984163810130096,5.322875576966798
1.0,decayed-prefix,431,0.15918474899174018,0.02989099887493195,5.325507844612054
1.0,decayed-prefix,432,0.15948456125389796,0.029939422689,5.326908367959077
1.0,decayed-prefix,433,0.15975117563947422,0.02998775609077185,5.327213385220062
1.0,decayed-prefix,434,0.15995678683745593,0.03003692098734085,5.325339002119098
1.0,decayed-prefix,435,0.16012079725055203,0.030085928677198916,5.322115829248178
1.0,decayed-prefix,436,0.16024182339740548,0.030134897177178186,5.317483662056763
1.0,decayed-prefix,437,0.16045650918838317,0.030184205073746362,5.315909721536617
1.0,decayed-prefix,438,0.16072985519481786,0.03023534460281073,5.315959097085209
1.0,decayed-prefix,439,0.1610374650949796,0.030286852786333467,5.317074911383515
1.0,decayed-prefix,440,0.16139723931594577,0.03034023878434594,5.319577095722092
1.0,decayed-prefix,441,0.1617598872447375,0.030393483396060666,5.322189797622979
1.0,decayed-prefix,442,0.16213838767191857,0.03044585634941245,5.325466487496173
1.0,decayed-prefix,443,0.16260089631551086,0.030498275832389465,5.331478317303011
1.0,decayed-prefix,444,0.16304284143182093,0.030550044746529458,5.336910069512841
1.0,decayed-prefix,445,0.1634468171266176,0.03060084422009367,5.3412518932824815
1.0,decayed-prefix,446,0.16386503449757353,0.030651221873135546,5.346117527575436
1.0,decayed-prefix,447,0.1642309371960813,0.03070133459829085,5.34930938165874
1.0,decayed-prefix,448,0.16458883422314033,0.030750540967827,5.352388252139782
1.0,decayed-prefix,449,0.1649281333256426,0.030799541577572368,5.354889224901324
1.0,decayed-prefix,450,0.16530636295110376,0.030848438181369706,5.358662308257059
1.0,decayed-prefix,451,0.1655993536031529,0.03089902101626959,5.359372179330799
1.0,decayed-prefix,452,0.16591334251682602,0.030949044511936415,5.360855080771125
1.0,decayed-prefix,453,0.16624460567449398,0.031000752169262454,5.3625990997511055
1.0,decayed-prefix,454,0.1666294813507118,0.031052124218181033,5.366121820843102
1.0,decayed-prefix,455,0.16699922797546113,0.031102756886213088,5.369274131756688
1.0,decayed-prefix,456,0.16730174878267945,0.03115314516131453,5.370300427657367
1.0,decayed-prefix,457,0.16771988912327662,0.03120528461169568,5.374727108254463
1.0,decayed-prefix,458,0.16810837764231146,0.03125910823580099,5.377900622570458
1.0,decayed-prefix,459,0.16855173133208015,0.03131393066396048,5.382643691105443
1.0,decayed-prefix,460,0.16895987756943828,0.03136885284627575,5.386230679120865
1.0,decayed-prefix,461,0.16928567897947258,0.03142265659686876,5.38737641286325
1.0,decayed-prefix,462,0.16955658804370435,0.03147658496134578,5.386752986447706
1.0,decayed-prefix,463,0.16993376741466643,0.03153324583572995,5.389035061595735
1.0,decayed-prefix,464,0.17029129620918337,0.03158918843968109,5.390809470599447
1.0,decayed-prefix,465,0.17061400838791974,0.03164511402681538,5.391480284866256
1.0,decayed-prefix,466,0.17091173758958905,0.03169993942044585,5.391547766787033
1.0,decayed-prefix,467,0.17121856951283504,0.03175390848635513,5.392047079382648
1.0,decayed-prefix,468,0.1715084913519455,0.031807627400003556,5.392055471321521
1.0,decayed-prefix,469,0.1718295962038549,0.03186154956731596,5.393008141076735
1.0,decayed-prefix,470,0.1721600682582306,0.03191403674278173,5.394493640707157
1.0,decayed-prefix,471,0.17248621020206178,0.03196646244426469,5.395849181084742
1.0,decayed-prefix,472,0.17277919679659823,0.03201719172960616,5.396450702352825
1.0,decayed-prefix,473,0.1730704006819842,0.03206834133179956,5.396923990900783
1.0,decayed-prefix,474,0.17331013295194592,0.03211995728221624,5.3957149266789965
1.0,decayed-prefix,475,0.17357994352020475,0.032173419420261716,5.395135072614944
1.0,decayed-prefix,476,0.17387430656442251,0.03222553248735095,5.395544872149778
1.0,decayed-prefix,477,0.1741359503664849,0.03227631759668937,5.395161633443163
1.0,decayed-prefix,478,0.17440440094610424,0.032327957734599594,5.394847468494575
1.0,decayed-prefix,479,0.17465521594272768,0.032380813895371806,5.3937870896966915
1.0,decayed-prefix,480,0.1749012469901209,0.03243505570165835,5.392352293114099
1.0,decayed-prefix,481,0.17515184212924612,0.032488712199984005,5.39115989119853
1.0,decayed-prefix,482,0.1754583040631762,0.032542321515641376,5.391695978998999
1.0,decayed-prefix,483,0.17567000557467863,0.0325953306607787,5.389422411537575
1.0,decayed-prefix,484,0.17592071229183734,0.03264803801006593,5.388400743640339
1.0,decayed-prefix,485,0.1761799012307288,0.03269966647848215,5.3878195163447025
1.0,decayed-prefix,486,0.1763895075230732,0.03275084508893951,5.38580018451624
1.0,decayed-prefix,487,0.17654118336702804,0.03280273961486603,5.381903628775582
1.0,decayed-prefix,488,0.17670067295432926,0.03285596864021598,5.378038763345001
1.0,adam-m-aware,1,0.0073603338285919764,0.0073603338285919764,1.0
1.0,adam-m-aware,2,0.013209515023022894,0.009725649409109933,1.3582141888283217
1.0,adam-m-aware,3,0.01690522542602368,0.010771472041487522,1.5694443025903355
1.0,adam-m-aware,4,0.019165813198457372,0.011303022748458688,1.6956360811598716
1.0,adam-m-aware,5,0.020574370062839666,0.011585300371109263,1.7759030326176792
1.0,adam-m-aware,6,0.02161354948109988,0.011765950774479395,1.8369573267279127
1.0,adam-m-aware,7,0.022607051570290287,0.011931288956457117,1.8947702677216223
1.0,adam-m-aware,8,0.023602786391567585,0.012076603953068274,1.9544224918935824
1.0,adam-m-aware,9,0.024574324148136668,0.012203060621491442,2.013783665456644
1.0,adam-m-aware,10,0.025508933658817814,0.01231507135866855,2.071358980868766
1.0,adam-m-aware,11,0.02640828791264172,0.012413698855269316,2.127350455374712
1.0,adam-m-aware,12,0.02722185600116003,0.012498598405957751,2.17799269301941
1.0,adam-m-aware,13,0.028049199869183083,0.012580640772732347,2.2295525622174783
1.0,adam-m-aware,14,0.02887300318116803,0.012658989935949126,2.2808299340829863
1.0,adam-m-aware,15,0.029580715651736044,0.012722287680871814,2.3251097910803553
1.0,adam-m-aware,16,0.030245050529690752,0.012780823749048025,2.3664398417154873
1.0,adam-m-aware,17,0.030861084307083,0.012832528297505204,2.404910676338252
1.0,adam-m-aware,18,0.03143470759933326,0.012880326267689026,2.440521066472429
1.0,adam-m-aware,19,0.03196895945654217,0.012924436018210412,2.473528393153728
1.0,adam-m-aware,20,0.032490050243427215,0.012965183760774001,2.505945989113201
1.0,adam-m-aware,21,0.03300401406331752,0.013004412804702012,2.5379088282543787
1.0,adam-m-aware,22,0.03353901930982397,0.013043808661440254,2.571259681918755
1.0,adam-m-aware,23,0.03404041416460638,0.013079753881040669,2.6025271174214186
1.0,adam-m-aware,24,0.03454800597266789,0.013114883850134753,2.6342593931789122
1.0,adam-m-aware,25,0.035034532452512625,0.013148792928922638,2.664467578270945
1.0,adam-m-aware,26,0.03551365824288456,0.01318226423011315,2.6940484292340523
1.0,adam-m-aware,27,0.03596838152664257,0.013214554773223244,2.7218761542784313
1.0,adam-m-aware,28,0.036435196242215605,0.013247031909868985,2.75044224926125
1.0,adam-m-aware,29,0.03692034902291834,0.013279939957123234,2.7801593337110395
1.0,adam-m-aware,30,0.0373718867373102,0.013311671491314727,2.8074525999002975
1.0,adam-m-aware,31,0.037800231054030166,0.013342200834229111,2.8331331182674555
1.0,adam-m-aware,32,0.03818654980028284,0.013371555817875018,2.855804539157312
1.0,adam-m-aware,33,0.03856771521593976,0.0133998095817985,2.878228603212977
1.0,adam-m-aware,34,0.038902944043440704,0.013426942995469957,2.8973791023441415
1.0,adam-m-aware,35,0.03923674719819534,0.013454399895841383,2.916276274077673
1.0,adam-m-aware,36,0.03958214476879746,0.01348333379792639,2.935634863158607
1.0,adam-m-aware,37,0.03992975612439555,0.013511380451708155,2.955268432201352
1.0,adam-m-aware,38,0.04023536142875247,0.013538836003205067,2.9718479062178975
1.0,adam-m-aware,39,0.040545041883745865,0.013567312375743261,2.988435790439643
1.0,adam-m-aware,40,0.04084735013370929,0.013594449100221345,3.004708012260991
1.0,adam-m-aware,41,0.04113407185965332,0.01362084937237242,3.0199344207628345
1.0,adam-m-aware,42,0.0414106857898929,0.01364710347979578,3.0343937708980118
1.0,adam-m-aware,43,0.041708871373690636,0.013675155714071206,3.0499741462376053
1.0,adam-m-aware,44,0.04199983345826004,0.013701744592121262,3.0652909325437774
1.0,adam-m-aware,45,0.0422676989472353,0.013727977930413388,3.0789457239433737
1.0,adam-m-aware,46,0.04251923053348045,0.01375520484064353,3.091137574908787
1.0,adam-m-aware,47,0.04275353714620878,0.013782012743855605,3.1021257882140234
1.0,adam-m-aware,48,0.043017495255090514,0.013809149754063835,3.1151443804446455
1.0,adam-m-aware,49,0.04329806256845683,0.013836078031802635,3.1293595243489483
1.0,adam-m-aware,50,0.04362402342089049,0.013863645600058035,3.146648773300139
1.0,adam-m-aware,51,0.04395392359047351,0.013891334007351396,3.1641254588805348
1.0,adam-m-aware,52,0.04421697995745845,0.01391770973923568,3.1770298983032763
1.0,adam-m-aware,53,0.044430325004621324,0.013943547509768384,3.186443404986781
1.0,adam-m-aware,54,0.044628489692531345,0.013970172879127324,3.194555291381559
1.0,adam-m-aware,55,0.044834116876446006,0.013997047675366785,3.2031123931476606
1.0,adam-m-aware,56,0.04506057491094351,0.01402355757447484,3.213205684195364
1.0,adam-m-aware,57,0.04533171326809493,0.014049703729098325,3.2265244977521106
1.0,adam-m-aware,58,0.04562309160266691,0.014075616360307505,3.2412855277387083
1.0,adam-m-aware,59,0.04591295176818211,0.014101855330256955,3.255809302600859
1.0,adam-m-aware,60,0.046207390255352414,0.014128484635086891,3.2705128291395305
1.0,adam-m-aware,61,0.04647447947582718,0.014155013258014036,3.2832522745618116
1.0,adam-m-aware,62,0.04673556255317293,0.014181007626224967,3.2956446950035314
1.0,adam-m-aware,63,0.04696252665342705,0.014206842480881585,3.3056273212450553
1.0,adam-m-aware,64,0.04718951013688287,0.014232640346701136,3.315583685624469
1.0,adam-m-aware,65,0.04741347446649066,0.014258207904686215,3.3253459890220407
1.0,adam-m-aware,66,0.047640218913643284,0.01428384294536195,3.3352522213997284
1.0,adam-m-aware,67,0.04785395815026974,0.01430989460328289,3.344116744178631
1.0,adam-m-aware,68,0.048062690312694265,0.014336231510842947,3.352533075121096
1.0,adam-m-aware,69,0.048277634123654274,0.014362647341807503,3.361332557621557
1.0,adam-m-aware,70,0.048515388944196214,0.014389583805910069,3.371563041612784
1.0,adam-m-aware,71,0.048749342704984724,0.014416652815553996,3.381460546264213
1.0,adam-m-aware,72,0.0490024919210902,0.014444917622778778,3.3923690809988543
1.0,adam-m-aware,73,0.04929805428962554,0.014473941048005987,3.4059869475851654
1.0,adam-m-aware,74,0.049593093532757794,0.014502540265572796,3.4196142623706796
1.0,adam-m-aware,75,0.04985168045676156,0.01453048695058331,3.4308334349909946
1.0,adam-m-aware,76,0.05008189730088161,0.01455810934388798,3.440137460013501
1.0,adam-m-aware,77,0.050329029535029365,0.014586085237581729,3.4504823408925565
1.0,adam-m-aware,78,0.050573103926066815,0.014613981979957372,3.460597118254715
1.0,adam-m-aware,79,0.05079326614547122,0.014641475027478996,3.4691358657609874
1.0,adam-m-aware,80,0.050997538238333945,0.014669825810436167,3.47635608611345
1.0,adam-m-aware,81,0.05122057699715475,0.014698241000975477,3.484809984661117
1.0,adam-m-aware,82,0.05144569136407516,0.014726478134549338,3.4934144398978875
1.0,adam-m-aware,83,0.051663783407561725,0.01475517029705442,3.501402041959176
1.0,adam-m-aware,84,0.051861621720992915,0.014783239110333133,3.508136568307474
1.0,adam-m-aware,85,0.05203482236571132,0.014810934762539432,3.5132706476650233
1.0,adam-m-aware,86,0.05219512118852766,0.014838770488129772,3.5174828824450777
1.0,adam-m-aware,87,0.05233129759223155,0.014866696968454819,3.520035264273678
1.0,adam-m-aware,88,0.05246817565544231,0.014894440890251413,3.522668359426862
1.0,adam-m-aware,89,0.05263161429334129,0.014922154181788843,3.527078842113391
1.0,adam-m-aware,90,0.05280019252873257,0.01495042995865143,3.5316838829894954
1.0,adam-m-aware,91,0.05296961180694086,0.01497892840059398,3.536275118642024
1.0,adam-m-aware,92,0.05313199987565596,0.01500864076828568,3.5400940495509516
1.0,adam-m-aware,93,0.05329434469513286,0.015037880198046262,3.5440064685484676
1.0,adam-m-aware,94,0.05346186006434092,0.015067615312110354,3.5481301424898875
1.0,adam-m-aware,95,0.053630673167327635,0.015097509030632155,3.5522862121501935
1.0,adam-m-aware,96,0.053844287226234716,0.015128693640396871,3.559083719063414
1.0,adam-m-aware,97,0.05407842223467443,0.015160480514530778,3.5670651852256396
1.0,adam-m-aware,98,0.054359353398643354,0.015192245909193934,3.5780985723609535
1.0,adam-m-aware,99,0.05461709489524175,0.015223569835457793,3.5876667224287306
1.0,adam-m-aware,100,0.05481471369045422,0.015254771909783362,3.5932830732985153
1.0,adam-m-aware,101,0.05501595151837179,0.015286164852833137,3.5990683109880983
1.0,adam-m-aware,102,0.05519572592985523,0.015316641192494438,3.603644247859159
1.0,adam-m-aware,103,0.055382784759924725,0.01534674528082969,3.6087641872251477
1.0,adam-m-aware,104,0.05559642324979306,0.015377014527789924,3.615553796175265
1.0,adam-m-aware,105,0.05580612149880219,0.015408338245414502,3.6218131124821333
1.0,adam-m-aware,106,0.05602224099519908,0.015439984696993357,3.628387080338774
1.0,adam-m-aware,107,0.05625513882481793,0.01547221375364242,3.635881698672533
1.0,adam-m-aware,108,0.056512625114273296,0.015504662997502543,3.6448792936277443
1.0,adam-m-aware,109,0.056760603904949136,0.015537484703516298,3.653139809180543
1.0,adam-m-aware,110,0.05696495374426054,0.015569319788394743,3.658795279336596
1.0,adam-m-aware,111,0.0571914944913364,0.015601139093478815,3.665853765462684
1.0,adam-m-aware,112,0.05744756529988558,0.015633493967104155,3.6746465902482313
1.0,adam-m-aware,113,0.05774150685138319,0.015666085949989448,3.6857647172184755
1.0,adam-m-aware,114,0.0580263891827445,0.015698459657597016,3.6963110042878355
1.0,adam-m-aware,115,0.05827834156885589,0.01573036209410516,3.7048315366303797
1.0,adam-m-aware,116,0.05850366586863769,0.015761418384995667,3.7118274789489245
1.0,adam-m-aware,117,0.058715131793105294,0.015792688363704503,3.7178680691279364
1.0,adam-m-aware,118,0.058931769230171405,0.01582401686700949,3.7241978269774596
1.0,adam-m-aware,119,0.05917487221272951,0.015856241247076738,3.7319608910238427
1.0,adam-m-aware,120,0.0593924913600627,0.015888225938114908,3.7381449377292433
1.0,adam-m-aware,121,0.059642468484796624,0.01592051682423309,3.7462645932456824
1.0,adam-m-aware,122,0.059903506913676435,0.01595430147420787,3.7546931785461095
1.0,adam-m-aware,123,0.06017917153733245,0.015989012803644686,3.763782809881461
1.0,adam-m-aware,124,0.06048455672321252,0.01602423009900132,3.7745686594317003
1.0,adam-m-aware,125,0.060730770530330117,0.016057783947623284,3.7820144254287897
1.0,adam-m-aware,126,0.0609974491150335,0.016091091644019374,3.79075891583183
1.0,adam-m-aware,127,0.06127126592160448,0.016124604670828355,3.7998615886969738
1.0,adam-m-aware,128,0.06150829222047382,0.01615863004539402,3.80652889803654
1.0,adam-m-aware,129,0.06176102197917845,0.016193721512680705,3.8138868777517065
1.0,adam-m-aware,130,0.062031494713865085,0.016228457551434018,3.8223900526137005
1.0,adam-m-aware,131,0.06232580878769205,0.016263449103743274,3.8322626639724806
1.0,adam-m-aware,132,0.06257049230466964,0.01629837226123357,3.8390638832993425
1.0,adam-m-aware,133,0.06286456732951748,0.016332728993457033,3.8489934752913193
1.0,adam-m-aware,134,0.0631997376185033,0.016367185962468347,3.86136858000067
1.0,adam-m-aware,135,0.06354306355970885,0.016401859950154377,3.874137674191686
1.0,adam-m-aware,136,0.06382843850050425,0.01643699372793303,3.8832185226203615
1.0,adam-m-aware,137,0.06406422049192435,0.016472033170738698,3.889272188070233
1.0,adam-m-aware,138,0.06431520675218048,0.01650697702725436,3.8962437910945686
1.0,adam-m-aware,139,0.06457687111296014,0.016541679582822513,3.9038884044168727
1.0,adam-m-aware,140,0.06484499199436379,0.01657620158900613,3.911933119670255
1.0,adam-m-aware,141,0.06514627614976101,0.01661086425748127,3.9219076828239188
1.0,adam-m-aware,142,0.06543842239381426,0.01664553718387247,3.931289310219212
1.0,adam-m-aware,143,0.06570097710484851,0.016680339267232436,3.938827385478561
1.0,adam-m-aware,144,0.06593559248992999,0.01671579427571441,3.9445084931276466
1.0,adam-m-aware,145,0.06613768824576084,0.016752873869587574,3.9478413531080347
1.0,adam-m-aware,146,0.06639871397146081,0.016790764390379055,3.954478332714062
1.0,adam-m-aware,147,0.06667288886274196,0.01682821064379425,3.9619713749737833
1.0,adam-m-aware,148,0.06695957177477906,0.01686544967861388,3.970221550611051
1.0,adam-m-aware,149,0.06729625118907036,0.0169020424438981,3.9815455092153873
1.0,adam-m-aware,150,0.0676626968060087,0.01693822992884867,3.9946734157131543
1.0,adam-m-aware,151,0.06804874435260785,0.01697426468273023,4.008936211642868
1.0,adam-m-aware,152,0.06843717825697782,0.01701073134320351,4.023176715698429
1.0,adam-m-aware,153,0.06878332322548723,0.017046317855529534,4.03508392888351
1.0,adam-m-aware,154,0.06909917019003527,0.017082012302868384,4.045142279778844
1.0,adam-m-aware,155,0.06939973991932419,0.017117953587285115,4.054207739578928
1.0,adam-m-aware,156,0.06971463605799838,0.017153688869167606,4.064119186824293
1.0,adam-m-aware,157,0.0699674386291867,0.017188791342717058,4.070526963423296
1.0,adam-m-aware,158,0.07020041440937046,0.017224050154210396,4.075720505969966
1.0,adam-m-aware,159,0.07042362777619397,0.017259776610486617,4.080216642746483
1.0,adam-m-aware,160,0.07067701278442971,0.017295624903535214,4.086409897221081
1.0,adam-m-aware,161,0.07094709143025059,0.017331340466252405,4.093572079343707
1.0,adam-m-aware,162,0.07119631193626276,0.01736770121324336,4.099351495175053
1.0,adam-m-aware,163,0.07144415318341267,0.0174038057661701,4.105087941298873
1.0,adam-m-aware,164,0.07171054115639572,0.01744068766035295,4.111680832368309
1.0,adam-m-aware,165,0.07196046207138086,0.017476995489460797,4.11743895652862
1.0,adam-m-aware,166,0.07223028402257038,0.017514251030007543,4.12408637393724
1.0,adam-m-aware,167,0.07250637208127782,0.01755209685200868,4.130923655026443
1.0,adam-m-aware,168,0.07282591975892887,0.017589892418761698,4.140214051636349
1.0,adam-m-aware,169,0.07317299916282578,0.01762687580506616,4.151217718445322
1.0,adam-m-aware,170,0.07353579055338813,0.01766472373315619,4.162861059375841
1.0,adam-m-aware,171,0.07391163167085689,0.01770321137358304,4.175040907049711
1.0,adam-m-aware,172,0.07424561282832838,0.017741922680062576,4.184755743060566
1.0,adam-m-aware,173,0.07454474497846392,0.017780013659671877,4.192614606789881
1.0,adam-m-aware,174,0.07480851531406893,0.017818223460510305,4.198427271936708
1.0,adam-m-aware,175,0.07501785393284088,0.017855629450655924,4.20135588835739
1.0,adam-m-aware,176,0.07522144024722846,0.017893146427283305,4.203924701165554
1.0,adam-m-aware,177,0.07548408037842168,0.017931063857737833,4.20968220164181
1.0,adam-m-aware,178,0.07573471844189059,0.017968760164986095,4.2147993376564274
1.0,adam-m-aware,179,0.07603259432152695,0.01800678609072851,4.222441136271135
1.0,adam-m-aware,180,0.0763066266664726,0.018044880593908276,4.228713305658157
1.0,adam-m-aware,181,0.0765907261053217,0.018083788626879097,4.235325223359444
1.0,adam-m-aware,182,0.07688362346810985,0.018122366301287076,4.242471550895066
1.0,adam-m-aware,183,0.07714716419420578,0.01816002743559652,4.248185442880178
1.0,adam-m-aware,184,0.07730864029336813,0.018197648084309726,4.248276477003902
1.0,adam-m-aware,185,0.07745950646411659,0.018235434092068768,4.247746780966758
1.0,adam-m-aware,186,0.07761694349131036,0.018273553309019436,4.2475014124921335
1.0,adam-m-aware,187,0.07784298280949392,0.018312969364745375,4.250702398888453
1.0,adam-m-aware,188,0.07810155380633099,0.018351849085760864,4.255786620811399
1.0,adam-m-aware,189,0.07839162715012694,0.018390291348951624,4.262663688283319
1.0,adam-m-aware,190,0.07875099760508586,0.018429673632202284,4.273054378319741
1.0,adam-m-aware,191,0.07910543267358028,0.018468496753013906,4.2832632093172895
1.0,adam-m-aware,192,0.0794144885128265,0.018506509811104584,4.291165072366854
1.0,adam-m-aware,193,0.07967997243987206,0.0185444689685334,4.296697445209918
1.0,adam-m-aware,194,0.07993060368275375,0.018583393971519,4.301184369510531
1.0,adam-m-aware,195,0.08018612134622097,0.01862239491929485,4.305897372154821
1.0,adam-m-aware,196,0.08049588625174331,0.018661250432898045,4.313531214919905
1.0,adam-m-aware,197,0.08078641913357373,0.018699730145213755,4.320191708983096
1.0,adam-m-aware,198,0.0811126177600666,0.018739590044410694,4.3284094031853915
1.0,adam-m-aware,199,0.0814785198506687,0.018780844126784855,4.3383843292999655
1.0,adam-m-aware,200,0.08190840027861948,0.018824011132256107,4.351272409644104
1.0,adam-m-aware,201,0.08236187830248862,0.018867433650604847,4.3652931197586735
1.0,adam-m-aware,202,0.08280048184722423,0.018909166049553002,4.378854235572254
1.0,adam-m-aware,203,0.08320340891152662,0.018949702598766792,4.3907501174684045
1.0,adam-m-aware,204,0.08358918602445192,0.018989651483070726,4.401828337869796
1.0,adam-m-aware,205,0.083975119481466,0.019028680561286617,4.413081569739067
1.0,adam-m-aware,206,0.08435633917991098,0.019067517595193158,4.424086080359872
1.0,adam-m-aware,207,0.08471441058546557,0.019107072314729523,4.433667763959828
1.0,adam-m-aware,208,0.08505285677606239,0.0191468537169156,4.44213227058402
1.0,adam-m-aware,209,0.08532036940318934,0.019186917380080406,4.446799228508055
1.0,adam-m-aware,210,0.08554575443761143,0.01922711231570591,4.449225293583598
1.0,adam-m-aware,211,0.08579905406752301,0.01926806660827753,4.452914545700391
1.0,adam-m-aware,212,0.08606184701169617,0.019311601908613925,4.456484108307367
1.0,adam-m-aware,213,0.08635002200602471,0.019355392902386276,4.461290062232673
1.0,adam-m-aware,214,0.08667536692984301,0.019397741664125508,4.468322572319942
1.0,adam-m-aware,215,0.08696726493843336,0.0194388305171076,4.473893882756772
1.0,adam-m-aware,216,0.08726654297331188,0.01947866328782245,4.480109424544991
1.0,adam-m-aware,217,0.08758818837567046,0.019518831438477713,4.487368449886134
1.0,adam-m-aware,218,0.08794397245812619,0.01956004708917901,4.496102287339506
1.0,adam-m-aware,219,0.08834678053798867,0.019601561529600305,4.507129720485597
1.0,adam-m-aware,220,0.08876195497098936,0.01964288648654183,4.51878368445513
1.0,adam-m-aware,221,0.08915548977029228,0.019684790216349866,4.529156205903641
1.0,adam-m-aware,222,0.08954678280304734,0.019726116740881715,4.53950384555236
1.0,adam-m-aware,223,0.08991443414607574,0.019768098248094355,4.5484615170173734
1.0,adam-m-aware,224,0.09025801231371897,0.019810659311122032,4.556032734511094
1.0,adam-m-aware,225,0.09058806805955849,0.019852424626593396,4.563073265026322
1.0,adam-m-aware,226,0.09097180422619501,0.019895102376138927,4.572572812457678
1.0,adam-m-aware,227,0.09138295754663245,0.019939601256578492,4.582988213793056
1.0,adam-m-aware,228,0.09174471191887633,0.01998594649540548,4.590461199321598
1.0,adam-m-aware,229,0.09211502939555967,0.020031984167079325,4.598397673803178
1.0,adam-m-aware,230,0.0925097181040448,0.02007682729049499,4.60778572059749
1.0,adam-m-aware,231,0.09300498597549114,0.02012259472662675,4.621918159114167
1.0,adam-m-aware,232,0.09359110954393801,0.02016941408427162,4.640249297916969
1.0,adam-m-aware,233,0.09409666599992485,0.02021439025678436,4.654934668056292
1.0,adam-m-aware,234,0.09455064531309122,0.020258904141950248,4.667115489100151
1.0,adam-m-aware,235,0.09492919736142856,0.02030422906365691,4.675341135278311
1.0,adam-m-aware,236,0.09521673573284337,0.020349271784578113,4.6791225131212935
1.0,adam-m-aware,237,0.09545281603054726,0.020394350004113607,4.680355883433113
1.0,adam-m-aware,238,0.09570167705099074,0.020438108134257588,4.682511532981822
1.0,adam-m-aware,239,0.09605027910159486,0.020481106289011477,4.68970170586575
1.0,adam-m-aware,240,0.09644012672550714,0.020523246412644847,4.699067817364807
1.0,adam-m-aware,241,0.09691354542209375,0.0205666223890835,4.712176048583175
1.0,adam-m-aware,242,0.09739044086929848,0.020609549191248064,4.725500784396378
1.0,adam-m-aware,243,0.09788765801142006,0.02065183868861404,4.739900378235492
1.0,adam-m-aware,244,0.09837773346010555,0.02069378062438653,4.753975856116527
1.0,adam-m-aware,245,0.09879038127591261,0.02073530610637991,4.7643560586509235
1.0,adam-m-aware,246,0.09913100021094341,0.020777205812902846,4.77114204400777
1.0,adam-m-aware,247,0.09937680847636685,0.02081931316457371,4.773299084883699
1.0,adam-m-aware,248,0.09971232568006486,0.020861387962060995,4.779755108404292
1.0,adam-m-aware,249,0.10009173526341644,0.020903586713003446,4.7882565149048135
1.0,adam-m-aware,250,0.10049589869463714,0.02094627987613538,4.797792223197334
1.0,adam-m-aware,251,0.1009148369743523,0.020989364703080854,4.807903354956706
1.0,adam-m-aware,252,0.10133071431337227,0.021033084949144087,4.817681978577079
1.0,adam-m-aware,253,0.10175685331455118,0.021077094933507724,4.827840536637772
1.0,adam-m-aware,254,0.10219282724858676,0.021121891762074387,4.838242161248078
1.0,adam-m-aware,255,0.10263375672610676,0.02116598042477013,4.848996109152425
1.0,adam-m-aware,256,0.10300606254744353,0.021209212786318547,4.856665996292412
1.0,adam-m-aware,257,0.10336616694658546,0.021251610877497554,4.863921494818804
1.0,adam-m-aware,258,0.10373112063703982,0.021294070592261877,4.871361733661906
1.0,adam-m-aware,259,0.10407359597121946,0.02133514753239333,4.8780349802223615
1.0,adam-m-aware,260,0.10443723267860316,0.021376691550589133,4.885565777634328
1.0,adam-m-aware,261,0.10477129096414727,0.021417847249892975,4.891775057582914
1.0,adam-m-aware,262,0.1051475690517947,0.021459998451842585,4.899700682073749
1.0,adam-m-aware,263,0.10557081491474479,0.021502559906162823,4.909685887422514
1.0,adam-m-aware,264,0.10597686681932027,0.021544667064786006,4.918937317557146
1.0,adam-m-aware,265,0.10638951240496454,0.02158725041604,4.928349389318883
1.0,adam-m-aware,266,0.10679400866673966,0.021628891253377497,4.937562791160784
1.0,adam-m-aware,267,0.10720577484695519,0.021671491618789663,4.946857222970541
1.0,adam-m-aware,268,0.10758380104989998,0.021713511721855636,4.954693760641766
1.0,adam-m-aware,269,0.10800346462938601,0.021756164102062932,4.964269625965225
1.0,adam-m-aware,270,0.10836704701229163,0.02179901806179561,4.97118937674596
1.0,adam-m-aware,271,0.10865707093549842,0.021841075596701853,4.974895602298376
1.0,adam-m-aware,272,0.10885156981391007,0.021883143889796484,4.974219900124342
1.0,adam-m-aware,273,0.10901928843674756,0.02192516717480483,4.972335561574481
1.0,adam-m-aware,274,0.10917286711743124,0.021967612650789576,4.969719234079233
1.0,adam-m-aware,275,0.10932118290633942,0.02200963732176473,4.966968846789433
1.0,adam-m-aware,276,0.10951226202679444,0.022052505974547106,4.965978113924692
1.0,adam-m-aware,277,0.1096592026283541,0.022094663329634126,4.96315336388382
1.0,adam-m-aware,278,0.10980349964346679,0.022137711471364115,4.960020360980012
1.0,adam-m-aware,279,0.10994962237072514,0.022179974129466172,4.957157376692189
1.0,adam-m-aware,280,0.1101163697712528,0.02222207123202272,4.955270308582738
1.0,adam-m-aware,281,0.11028765623136891,0.02226392519076334,4.953648347557513
1.0,adam-m-aware,282,0.11043999085868252,0.02230618843316496,4.9510919890948175
1.0,adam-m-aware,283,0.11054572426783175,0.02234889543971594,4.946361871261984
1.0,adam-m-aware,284,0.11066353343116035,0.02239130052269007,4.942255735392423
1.0,adam-m-aware,285,0.1108049375733848,0.022433631847753908,4.939233126645019
1.0,adam-m-aware,286,0.11097122664230016,0.022476522285014556,4.937206265058469
1.0,adam-m-aware,287,0.11114768566075564,0.022518561840879733,4.935825229255113
1.0,adam-m-aware,288,0.11133007094953276,0.022561019196857244,4.9346206382839775
1.0,adam-m-aware,289,0.11158599320191451,0.022603590740695526,4.936648981217616
1.0,adam-m-aware,290,0.11189664399502586,0.022648091365578465,4.940665515200594
1.0,adam-m-aware,291,0.11229862675955517,0.02269447929505329,4.948279504435815
1.0,adam-m-aware,292,0.11266362885868923,0.02274038325863593,4.954341691488594
1.0,adam-m-aware,293,0.11305589841430491,0.02278571782997595,4.9617000990670235
1.0,adam-m-aware,294,0.11347300808864955,0.022830233504802806,4.970295554129054
1.0,adam-m-aware,295,0.1138728148076602,0.022874104460673398,4.9782414434382565
1.0,adam-m-aware,296,0.11420079283309471,0.022918842167308506,4.982834298496589
1.0,adam-m-aware,297,0.11455002111447886,0.022963220869440963,4.988412634523755
1.0,adam-m-aware,298,0.11495179046098034,0.02300925484224776,4.995893663184391
1.0,adam-m-aware,299,0.11532578304181373,0.023055207260088303,5.002157722583494
1.0,adam-m-aware,300,0.11567386504928709,0.023105542041053827,5.006325531933346
1.0,adam-m-aware,301,0.11602923666125828,0.023154528874379257,5.011081732250053
1.0,adam-m-aware,302,0.11639936513048212,0.023204282053309523,5.016288151603492
1.0,adam-m-aware,303,0.1168096135189307,0.023253612690127337,5.023288857327702
1.0,adam-m-aware,304,0.11719950640246482,0.023303125730317925,5.029347039482581
1.0,adam-m-aware,305,0.11756784837657581,0.0233512725919737,5.03475122880396
1.0,adam-m-aware,306,0.1179444514207361,0.023399006932938747,5.0405750875993744
1.0,adam-m-aware,307,0.11829936687434953,0.02344601890799766,5.045605709803318
1.0,adam-m-aware,308,0.11865956967201466,0.023493578323027182,5.050723565414074
1.0,adam-m-aware,309,0.11903217111282655,0.02354063313602061,5.056455806649054
1.0,adam-m-aware,310,0.11944758970811485,0.023586423846886116,5.064251812123878
1.0,adam-m-aware,311,0.11989323038601733,0.023635266752600862,5.0726413050880454
1.0,adam-m-aware,312,0.1202903604314099,0.02368638980763614,5.078459039487313
1.0,adam-m-aware,313,0.12074847722443223,0.02373707883602652,5.0869139399397545
1.0,adam-m-aware,314,0.12117253665088717,0.023786881726627757,5.094090854087989
1.0,adam-m-aware,315,0.12154718520224671,0.023834910964189764,5.099544335821627
1.0,adam-m-aware,316,0.12190273442520692,0.02388229934398754,5.104313142942679
1.0,adam-m-aware,317,0.12223003224427195,0.023930599661515957,5.107687812806314
1.0,adam-m-aware,318,0.12255009039385253,0.023977626727703136,5.111018358304047
1.0,adam-m-aware,319,0.12289802161311263,0.02402515967080101,5.115388338603918
1.0,adam-m-aware,320,0.12321961712259882,0.024071825678066008,5.118831399434536
1.0,adam-m-aware,321,0.12355498826211382,0.02411911018444944,5.122700933709183
1.0,adam-m-aware,322,0.12390737890019471,0.02416545139155803,5.127459731353521
1.0,adam-m-aware,323,0.12424772260543127,0.024212554182090954,5.131541334756507
1.0,adam-m-aware,324,0.1245715644961111,0.02425930179552809,5.135002051834583
1.0,adam-m-aware,325,0.12486107918985871,0.024306068440718864,5.13703314439305
1.0,adam-m-aware,326,0.12514160906517144,0.024353467644399347,5.138554020004239
1.0,adam-m-aware,327,0.12534381409483136,0.02440121529269518,5.136785712978593
1.0,adam-m-aware,328,0.12561976943829858,0.024449354985820033,5.137958425126334
1.0,adam-m-aware,329,0.1259890133154187,0.024499687904588098,5.142474214613343
1.0,adam-m-aware,330,0.12633251507794702,0.02454945373186612,5.146041800268763
1.0,adam-m-aware,331,0.12663034394552256,0.024598516040815574,5.147885495832702
1.0,adam-m-aware,332,0.1269556187314143,0.024646971831389152,5.1509621384696835
1.0,adam-m-aware,333,0.1273096822046787,0.02469627702538408,5.1550151496042655
1.0,adam-m-aware,334,0.12764816869777867,0.024745657262506243,5.158406880999953
1.0,adam-m-aware,335,0.1279764830953076,0.02479392849551931,5.161605718046463
1.0,adam-m-aware,336,0.12830611470737324,0.024842731920147514,5.164734503427003
1.0,adam-m-aware,337,0.12863605625324429,0.024892407734030095,5.167682356310899
1.0,adam-m-aware,338,0.12897592695681215,0.02494197133991029,5.171039818750591
1.0,adam-m-aware,339,0.12934706139427218,0.02499123913666543,5.175696198453124
1.0,adam-m-aware,340,0.12973556651643625,0.02504308994532331,5.180493573264661
1.0,adam-m-aware,341,0.13014267008290703,0.0250944675672786,5.186110035369063
1.0,adam-m-aware,342,0.13052601955599716,0.025145187796986858,5.190894600184217
1.0,adam-m-aware,343,0.13093519254209893,0.025194239164476915,5.197029038555506
1.0,adam-m-aware,344,0.13130686991951662,0.02524458611689101,5.201387311779294
1.0,adam-m-aware,345,0.13164452867996668,0.025294700061398875,5.2044312982727785
1.0,adam-m-aware,346,0.13199030910442575,0.025346616640486517,5.2074133197562835
1.0,adam-m-aware,347,0.13224955949074643,0.02539719870794323,5.207249862930121
1.0,adam-m-aware,348,0.13250033357894062,0.02544673290803648,5.206968378132932
1.0,adam-m-aware,349,0.1327139792137445,0.025497860703681863,5.204906433369163
1.0,adam-m-aware,350,0.13294240172492758,0.025548731562082094,5.203483445034617
1.0,adam-m-aware,351,0.13310858630696235,0.025600045204317648,5.199544971292181
1.0,adam-m-aware,352,0.13325292429523172,0.025650259999174207,5.19499312285808
1.0,adam-m-aware,353,0.13342505303965704,0.02569925318687081,5.191787172547917
1.0,adam-m-aware,354,0.13366687946397324,0.02574919510344734,5.191109039601697
1.0,adam-m-aware,355,0.13395115101634752,0.02579872822444959,5.192161018596309
1.0,adam-m-aware,356,0.13433597909881195,0.025848829334128735,5.1969850302445
1.0,adam-m-aware,357,0.13477097814592856,0.025898960938845642,5.203721433618854
1.0,adam-m-aware,358,0.135170397574923,0.02594841303753768,5.209197085747857
1.0,adam-m-aware,359,0.13552784203534313,0.02599737650660148,5.213135333133661
1.0,adam-m-aware,360,0.13593834271393385,0.026048971999660695,5.218568422420068
1.0,adam-m-aware,361,0.13638582546315278,0.026101197964917014,5.225270719239434
1.0,adam-m-aware,362,0.13681314050458654,0.026154522268148045,5.23095543867772
1.0,adam-m-aware,363,0.13726741525249078,0.02620656021499819,5.2379028047309975
1.0,adam-m-aware,364,0.13775712280916222,0.026257958609636294,5.246299792650573
1.0,adam-m-aware,365,0.1383008807208083,0.02630849269705419,5.256891085071327
1.0,adam-m-aware,366,0.13885986098869613,0.026359186820977296,5.267987283969929
1.0,adam-m-aware,367,0.1394835707275185,0.026409775256423497,5.281512976661651
1.0,adam-m-aware,368,0.13997974700286767,0.02646082554474593,5.290074822728352
1.0,adam-m-aware,369,0.1404839601478464,0.026511653490411926,5.298951278110704
1.0,adam-m-aware,370,0.14090839896160093,0.026561518204192353,5.304982865752025
1.0,adam-m-aware,371,0.14127752778511396,0.026610761149391034,5.309037460145968
1.0,adam-m-aware,372,0.14163912275964421,0.026661515064518634,5.312493397951669
1.0,adam-m-aware,373,0.1419704011861573,0.026712490398201522,5.314757219181472
1.0,adam-m-aware,374,0.14223975403592315,0.02676342453463309,5.314706787685501
1.0,adam-m-aware,375,0.14253198413394078,0.02681326508167254,5.315726514461849
1.0,adam-m-aware,376,0.1427757295460891,0.02686226087689413,5.315104718862262
1.0,adam-m-aware,377,0.14303608239612717,0.026910592394122503,5.31523350735926
1.0,adam-m-aware,378,0.14328697629519208,0.026957962871184467,5.315200446705578
1.0,adam-m-aware,379,0.14354992221948887,0.027005646493040457,5.315552147825184
1.0,adam-m-aware,380,0.1438601259147979,0.02705453178809708,5.317413254148078
1.0,adam-m-aware,381,0.1441866576098455,0.027105429582691708,5.319475095200724
1.0,adam-m-aware,382,0.1444784485276248,0.027154738589778658,5.32056119965773
1.0,adam-m-aware,383,0.1447132372391309,0.027203328485872768,5.319688629804378
1.0,adam-m-aware,384,0.14498491616350068,0.027252922910228117,5.319976746754284
1.0,adam-m-aware,385,0.14522849329800855,0.027302643738081396,5.319209915757924
1.0,adam-m-aware,386,0.14545836907307874,0.02735106319489226,5.318197981431402
1.0,adam-m-aware,387,0.14561632433972801,0.027399493815212846,5.314562572644258
1.0,adam-m-aware,388,0.1457989625948404,0.02744754981812705,5.311911757549707
1.0,adam-m-aware,389,0.1459970626156016,0.027495411101134667,5.309870148098155
1.0,adam-m-aware,390,0.1462285714830894,0.027542693053204375,5.309160262601004
1.0,adam-m-aware,391,0.14652446727300358,0.02759006540099775,5.310769117194799
1.0,adam-m-aware,392,0.14678314359249878,0.027637022427839133,5.311105564130607
1.0,adam-m-aware,393,0.14701468460539077,0.027685821047425667,5.310107450075451
1.0,adam-m-aware,394,0.14721240439526181,0.027735062851823068,5.307808573636794
1.0,adam-m-aware,395,0.14736139236010723,0.0277840379251613,5.303814829112954
1.0,adam-m-aware,396,0.14750229731448214,0.027832985062075544,5.299550047740467
1.0,adam-m-aware,397,0.14763386520730182,0.02788110464315629,5.295122524621352
1.0,adam-m-aware,398,0.14776545159929727,0.027929108365984733,5.290732867765408
1.0,adam-m-aware,399,0.1479233082188145,0.027977194394880958,5.287281709915856
1.0,adam-m-aware,400,0.14809578540561363,0.02802434100682044,5.2845412268417205
1.0,adam-m-aware,401,0.14831338358099255,0.028071469528961578,5.283420713973537
1.0,adam-m-aware,402,0.14853591541360775,0.028118553954774812,5.282487700203547
1.0,adam-m-aware,403,0.1488208199955127,0.028166877845030157,5.283539795013918
1.0,adam-m-aware,404,0.1491621254639506,0.028217530498375276,5.286150943383906
1.0,adam-m-aware,405,0.14950875312309853,0.028268295028021657,5.288920077241809
1.0,adam-m-aware,406,0.14988689950872225,0.028318657248958542,5.292867461582578
1.0,adam-m-aware,407,0.15037088855899008,0.02836931636162106,5.300476283680093
1.0,adam-m-aware,408,0.15080783700108194,0.028419166385955767,5.306553857104283
1.0,adam-m-aware,409,0.15130118613177526,0.028468800313428404,5.314631613064785
1.0,adam-m-aware,410,0.151791761277224,0.028518903478244935,5.322496406392877
1.0,adam-m-aware,411,0.15219757625842453,0.028568077125759435,5.327540092685836
1.0,adam-m-aware,412,0.1526190173408123,0.028616075857432255,5.3333314498176945
1.0,adam-m-aware,413,0.15300291603338648,0.028663682486223224,5.337866692701647
1.0,adam-m-aware,414,0.15332934850514282,0.0287120017399784,5.340252828546191
1.0,adam-m-aware,415,0.1536757737735601,0.02876207552556982,5.343000147431661
1.0,adam-m-aware,416,0.154060632453896,0.02881219430853717,5.347063496939114
1.0,adam-m-aware,417,0.15446551775551925,0.028861618139162982,5.351935467052747
1.0,adam-m-aware,418,0.1548596091519219,0.02891010318892343,5.356591366690609
1.0,adam-m-aware,419,0.1552074731345627,0.028958042286388572,5.359736393765692
1.0,adam-m-aware,420,0.1555450836955023,0.029005781146627555,5.3625545510808355
1.0,adam-m-aware,421,0.15587416900584908,0.02905293879221861,5.365177344730359
1.0,adam-m-aware,422,0.15623712519668376,0.02910128072808849,5.368737089494623
1.0,adam-m-aware,423,0.15662121160324732,0.02914910187366493,5.3731059118754
1.0,adam-m-aware,424,0.15700122542936892,0.02919634141828922,5.377428054428078
1.0,adam-m-aware,425,0.15734371876224604,0.029243743047360028,5.3804233783421305
1.0,adam-m-aware,426,0.1576671212642917,0.02929057257704218,5.382862381729966
1.0,adam-m-aware,427,0.15798113605735967,0.02933758671994285,5.384939721370082
1.0,adam-m-aware,428,0.15831148649575383,0.029385563997215914,5.387389757458894
1.0,adam-m-aware,429,0.1587012294988003,0.029433121200179563,5.39192661286062
1.0,adam-m-aware,430,0.15907383827746271,0.02948064217251491,5.395874260356812
1.0,adam-m-aware,431,0.1594167516322562,0.029528950449989405,5.398659593480858
1.0,adam-m-aware,432,0.15971796363455015,0.029576322200962485,5.400196905798942
1.0,adam-m-aware,433,0.15998603279436077,0.029623602390527227,5.400627198720426
1.0,adam-m-aware,434,0.1601931028885544,0.029671713204697005,5.398849125543448
1.0,adam-m-aware,435,0.16035857203539908,0.029719665379166715,5.395705839535103
1.0,adam-m-aware,436,0.16048100196275739,0.029767576716022155,5.391134236210091
1.0,adam-m-aware,437,0.16069703761883658,0.029815827648124276,5.389655437887738
1.0,adam-m-aware,438,0.1609717489257949,0.029865909958930664,5.389815650926125
1.0,adam-m-aware,439,0.1612808081154503,0.0299163596830241,5.391057261788719
1.0,adam-m-aware,440,0.1616419497704003,0.0299686845281059,5.393695196023891
1.0,adam-m-aware,441,0.16200594125107826,0.030020866046701244,5.396444626182921
1.0,adam-m-aware,442,0.16238582638558513,0.030072178069996583,5.399869141756635
1.0,adam-m-aware,443,0.16284985886597214,0.030123535006686807,5.406067343352061
1.0,adam-m-aware,444,0.16329346148914015,0.030174241503801633,5.411684050734694
1.0,adam-m-aware,445,0.16369899816549724,0.030223976705934543,5.41619654349967
1.0,adam-m-aware,446,0.164118774373034,0.030273286900455224,5.421240677059289
1.0,adam-m-aware,447,0.1644862686786145,0.03032233605700824,5.424590914412666
1.0,adam-m-aware,448,0.16484575771571178,0.030370473821273777,5.427829631035961
1.0,adam-m-aware,449,0.1651865871506063,0.030418404599084757,5.430481622155046
1.0,adam-m-aware,450,0.16556651378934428,0.03046623229489028,5.434426948064487
1.0,adam-m-aware,451,0.16586099731219428,0.030515745980544594,5.4352594695846355
1.0,adam-m-aware,452,0.16617653341406807,0.03056469747423653,5.436878070006776
1.0,adam-m-aware,453,0.1665093112492675,0.03061533151343464,5.4387557807825715
1.0,adam-m-aware,454,0.16689575960367145,0.03066563111879232,5.442436810028522
1.0,adam-m-aware,455,0.16726710994551053,0.03071518919507784,5.445745715032593
1.0,adam-m-aware,456,0.16757120717615268,0.030764502913604795,5.446901178502341
1.0,adam-m-aware,457,0.16799098265396667,0.03081556541528762,5.451497656785692
1.0,adam-m-aware,458,0.1683811839111375,0.03086831321577687,5.454822967944923
1.0,adam-m-aware,459,0.16882610198118117,0.030922058887744228,5.459730304313417
1.0,adam-m-aware,460,0.16923589322962915,0.030975901751165106,5.463469460522279
1.0,adam-m-aware,461,0.16956311146328618,0.031028626933051782,5.464731385927589
1.0,adam-m-aware,462,0.1698356088982541,0.03108147699083866,5.464206509501255
1.0,adam-m-aware,463,0.1702144362124659,0.03113705761968694,5.466619174216542
1.0,adam-m-aware,464,0.17057365779102437,0.03119191881359038,5.468520831001428
1.0,adam-m-aware,465,0.1708977864677456,0.03124676211492856,5.4692958534125005
1.0,adam-m-aware,466,0.17119705814591837,0.031300503364973704,5.469466613674128
1.0,adam-m-aware,467,0.17150538436184665,0.03135338709814258,5.470075173218107
1.0,adam-m-aware,468,0.17179688842857502,0.03140602041501706,5.470189669316678
1.0,adam-m-aware,469,0.17211962554144675,0.031458857293539616,5.4712612074690075
1.0,adam-m-aware,470,0.17245159102596808,0.0315102575578204,5.4728715152367275
1.0,adam-m-aware,471,0.17277922469552418,0.031561595898622424,5.474350069321606
1.0,adam-m-aware,472,0.17307387165956953,0.031611236545702866,5.475074390378337
1.0,adam-m-aware,473,0.17336662622152094,0.03166129764385779,5.475663953247778
1.0,adam-m-aware,474,0.17360789077625616,0.031711824420156916,5.474547552865049
1.0,adam-m-aware,475,0.17387929916043826,0.031764194863364514,5.47406600130713
1.0,adam-m-aware,476,0.17417532690072476,0.03181521570427586,5.474592048021733
1.0,adam-m-aware,477,0.1744384842281897,0.03186490888601063,5.474312977080938
1.0,adam-m-aware,478,0.17470862223700548,0.03191545743254514,5.47410678998603
1.0,adam-m-aware,479,0.1749611035861227,0.031967216592580935,5.4731416193028295
1.0,adam-m-aware,480,0.17520883083945402,0.03202036347918085,5.471793939921142
1.0,adam-m-aware,481,0.17546082610424957,0.03207292472019997,5.470683688342956
1.0,adam-m-aware,482,0.17576883571639143,0.032125436973922686,5.471329023759863
1.0,adam-m-aware,483,0.17598212030782465,0.03217734726556546,5.469130778724934
1.0,adam-m-aware,484,0.17623451394208903,0.03222895501152632,5.46820441056996
1.0,adam-m-aware,485,0.17649532494517423,0.03227948391633091,5.467724496545662
1.0,adam-m-aware,486,0.17670653145025322,0.03232955954683913,5.465788396969667
1.0,adam-m-aware,487,0.176859803162796,0.03238035052979983,5.4619483813194325
1.0,adam-m-aware,488,0.17702072040551126,0.032432477416749095,5.458131308652126
