epsilon,step,layer,index,clean,dp
3,32,blocks/0/attention/query/kernel,1,2.08403303986415267e-04,2.87312231957912445e-02
3,32,blocks/0/attention/query/kernel,2,9.93466092040762305e-05,2.76951082050800323e-02
3,32,blocks/0/attention/query/kernel,3,8.85791814653202891e-05,2.73175369948148727e-02
3,32,blocks/0/attention/query/kernel,4,6.98049916536547244e-05,2.68822032958269119e-02
3,32,blocks/0/attention/query/kernel,5,5.76502898184116930e-05,2.67535708844661713e-02
3,32,blocks/0/attention/query/kernel,6,4.94387350045144558e-05,2.63377651572227478e-02
3,32,blocks/0/attention/query/kernel,7,4.12162844440899789e-05,2.61897165328264236e-02
3,32,blocks/0/attention/query/kernel,8,3.48231587850023061e-05,2.59013380855321884e-02
3,32,blocks/0/attention/query/kernel,9,3.28250862366985530e-05,2.56869383156299591e-02
3,32,blocks/0/attention/query/kernel,10,3.11124749714508653e-05,2.53142751753330231e-02
3,32,blocks/0/attention/query/kernel,11,2.83555327769136056e-05,2.51222997903823853e-02
3,32,blocks/0/attention/query/kernel,12,2.64417667494853958e-05,2.48876288533210754e-02
3,32,blocks/0/attention/query/kernel,13,2.49151162279304117e-05,2.46977768838405609e-02
3,32,blocks/0/attention/query/kernel,14,2.38839329540496692e-05,2.44202502071857452e-02
3,32,blocks/0/attention/query/kernel,15,2.14472092920914292e-05,2.43209544569253922e-02
3,32,blocks/0/attention/query/kernel,16,2.02314131456660107e-05,2.40429323166608810e-02
3,32,blocks/0/attention/query/kernel,17,1.79387170646805316e-05,2.38923337310552597e-02
3,32,blocks/0/attention/query/kernel,18,1.71119900187477469e-05,2.35168598592281342e-02
3,32,blocks/0/attention/query/kernel,19,1.65946166816866025e-05,2.32772901654243469e-02
3,32,blocks/0/attention/query/kernel,20,1.47714490594808012e-05,2.30745542794466019e-02
3,32,blocks/0/attention/query/kernel,21,1.34336842165794224e-05,2.28812713176012039e-02
3,32,blocks/0/attention/query/kernel,22,1.23876097859465517e-05,2.26940158754587173e-02
3,32,blocks/0/attention/query/kernel,23,1.15426782940630801e-05,2.25598085671663284e-02
3,32,blocks/0/attention/query/kernel,24,1.10677055999985896e-05,2.21548806875944138e-02
3,32,blocks/0/attention/query/kernel,25,9.88827378023415804e-06,2.21182983368635178e-02
3,32,blocks/0/attention/query/kernel,26,9.58785585680743679e-06,2.20285225659608841e-02
3,32,blocks/0/attention/query/kernel,27,9.49222976487362757e-06,2.19323188066482544e-02
3,32,blocks/0/attention/query/kernel,28,9.33601768338121474e-06,2.18157619237899780e-02
3,32,blocks/0/attention/query/kernel,29,8.18767966848099604e-06,2.16556694358587265e-02
3,32,blocks/0/attention/query/kernel,30,8.00387351773679256e-06,2.12923251092433929e-02
3,32,blocks/0/attention/query/kernel,31,7.14785983291221783e-06,2.11786627769470215e-02
3,32,blocks/0/attention/query/kernel,32,6.58937278785742819e-06,2.10500583052635193e-02
3,32,blocks/0/attention/query/kernel,33,6.20542641627253033e-06,2.07608249038457870e-02
3,32,blocks/0/attention/query/kernel,34,5.83932751396787353e-06,2.07286551594734192e-02
3,32,blocks/0/attention/query/kernel,35,5.53456084162462503e-06,2.05160714685916901e-02
3,32,blocks/0/attention/query/kernel,36,5.32801914232550189e-06,2.02052854001522064e-02
3,32,blocks/0/attention/query/kernel,37,4.63451215182431042e-06,2.00314354151487350e-02
3,32,blocks/0/attention/query/kernel,38,4.54978544439654797e-06,1.99560075998306274e-02
3,32,blocks/0/attention/query/kernel,39,4.28510702477069572e-06,1.97819992899894714e-02
3,32,blocks/0/attention/query/kernel,40,3.99954342356068082e-06,1.97054315358400345e-02
3,32,blocks/0/attention/query/kernel,41,3.81688323614071123e-06,1.96544919162988663e-02
3,32,blocks/0/attention/query/kernel,42,3.67192046724085230e-06,1.93174164742231369e-02
3,32,blocks/0/attention/query/kernel,43,3.50983577845909167e-06,1.92399453371763229e-02
3,32,blocks/0/attention/query/kernel,44,3.32424201587855350e-06,1.91198680549860001e-02
3,32,blocks/0/attention/query/kernel,45,3.20486242344486527e-06,1.90222002565860748e-02
3,32,blocks/0/attention/query/kernel,46,3.00791407426004298e-06,1.88010893762111664e-02
3,32,blocks/0/attention/query/kernel,47,2.80821700471278746e-06,1.86827387660741806e-02
3,32,blocks/0/attention/query/kernel,48,2.58221075455367099e-06,1.86065267771482468e-02
3,32,blocks/0/attention/query/kernel,49,2.50157427217345685e-06,1.84401497244834900e-02
3,32,blocks/0/attention/query/kernel,50,2.37665381064289249e-06,1.82765815407037735e-02
3,32,blocks/0/attention/query/kernel,51,2.30680620916245971e-06,1.81406121701002121e-02
3,32,blocks/0/attention/query/kernel,52,2.20175434151315130e-06,1.80095992982387543e-02
3,32,blocks/0/attention/query/kernel,53,2.09506220016919542e-06,1.76699738949537277e-02
3,32,blocks/0/attention/query/kernel,54,1.86076135832990985e-06,1.75902489572763443e-02
3,32,blocks/0/attention/query/kernel,55,1.81656093900528504e-06,1.75644773989915848e-02
3,32,blocks/0/attention/query/kernel,56,1.70756607076327782e-06,1.74666456878185272e-02
3,32,blocks/0/attention/query/kernel,57,1.69061968335881829e-06,1.73621661961078644e-02
3,32,blocks/0/attention/query/kernel,58,1.57969168412819272e-06,1.71644836664199829e-02
3,32,blocks/0/attention/query/kernel,59,1.47108835335529875e-06,1.70876644551753998e-02
3,32,blocks/0/attention/query/kernel,60,1.45203671308991034e-06,1.68525092303752899e-02
3,32,blocks/0/attention/query/kernel,61,1.33920411826693453e-06,1.67267881333827972e-02
3,32,blocks/0/attention/query/kernel,62,1.25956546526140301e-06,1.63094922900199890e-02
3,32,blocks/0/attention/query/kernel,63,1.10854080048738979e-06,1.62632968276739120e-02
3,32,blocks/0/attention/query/kernel,64,1.09579434592887992e-06,1.61258243024349213e-02
3,32,blocks/0/attention/query/kernel,65,1.02788101230544271e-06,1.60017348825931549e-02
3,32,blocks/0/attention/query/kernel,66,9.26914708543336019e-07,1.59313865005970001e-02
3,32,blocks/0/attention/query/kernel,67,8.83622590208688052e-07,1.57565549015998840e-02
3,32,blocks/0/attention/query/kernel,68,7.98235646470857318e-07,1.56909599900245667e-02
3,32,blocks/0/attention/query/kernel,69,7.63012792504014215e-07,1.55627280473709106e-02
3,32,blocks/0/attention/query/kernel,70,7.03060038631520001e-07,1.55051425099372864e-02
3,32,blocks/0/attention/query/kernel,71,6.79870936437509954e-07,1.51942437514662743e-02
3,32,blocks/0/attention/query/kernel,72,6.54684981782338582e-07,1.51279624551534653e-02
3,32,blocks/0/attention/query/kernel,73,6.28130692348349839e-07,1.49615090340375900e-02
3,32,blocks/0/attention/query/kernel,74,6.01018200541147962e-07,1.48686012253165245e-02
3,32,blocks/0/attention/query/kernel,75,5.30461477410426596e-07,1.47439166903495789e-02
3,32,blocks/0/attention/query/kernel,76,5.12580243139382219e-07,1.44230267032980919e-02
3,32,blocks/0/attention/query/kernel,77,4.60463041918046656e-07,1.43755842000246048e-02
3,32,blocks/0/attention/query/kernel,78,4.48533143071472296e-07,1.43534494563937187e-02
3,32,blocks/0/attention/query/kernel,79,4.27282856207966688e-07,1.41591383144259453e-02
3,32,blocks/0/attention/query/kernel,80,3.53473410541482735e-07,1.39352995902299881e-02
3,32,blocks/0/attention/query/kernel,81,3.45990031291876221e-07,1.37277562171220779e-02
3,32,blocks/0/attention/query/kernel,82,3.37963143692832091e-07,1.35429492220282555e-02
3,32,blocks/0/attention/query/kernel,83,3.31392584485001862e-07,1.33790755644440651e-02
3,32,blocks/0/attention/query/kernel,84,3.16327458449450205e-07,1.32372593507170677e-02
3,32,blocks/0/attention/query/kernel,85,2.91616942149630631e-07,1.31874540820717812e-02
3,32,blocks/0/attention/query/kernel,86,2.77988306152110454e-07,1.30379777401685715e-02
3,32,blocks/0/attention/query/kernel,87,2.54140672950597946e-07,1.28844659775495529e-02
3,32,blocks/0/attention/query/kernel,88,2.43499727048401837e-07,1.28498552367091179e-02
3,32,blocks/0/attention/query/kernel,89,2.21532587829642580e-07,1.26549638807773590e-02
3,32,blocks/0/attention/query/kernel,90,1.94917106455250178e-07,1.24593935906887054e-02
3,32,blocks/0/attention/query/kernel,91,1.93067165810134611e-07,1.24195273965597153e-02
3,32,blocks/0/attention/query/kernel,92,1.85764690741052618e-07,1.21043417602777481e-02
3,32,blocks/0/attention/query/kernel,93,1.57619126639474416e-07,1.20773753151297569e-02
3,32,blocks/0/attention/query/kernel,94,1.47533725680659700e-07,1.20296496897935867e-02
3,32,blocks/0/attention/query/kernel,95,1.35794110178721894e-07,1.19299124926328659e-02
3,32,blocks/0/attention/query/kernel,96,1.33430191340266902e-07,1.18965432047843933e-02
3,32,blocks/0/attention/query/kernel,97,1.16826655016666336e-07,1.17701236158609390e-02
3,32,blocks/0/attention/query/kernel,98,1.15326905358870135e-07,1.15260565653443336e-02
3,32,blocks/0/attention/query/kernel,99,1.08379396124291816e-07,1.14246569573879242e-02
3,32,blocks/0/attention/query/kernel,100,1.03173142917967198e-07,1.11841280013322830e-02
3,32,blocks/0/attention/query/kernel,101,9.53626582145261636e-08,1.11126648262143135e-02
3,32,blocks/0/attention/query/kernel,102,9.24646315070276614e-08,1.09942164272069931e-02
3,32,blocks/0/attention/query/kernel,103,8.38512264067503565e-08,1.09242992475628853e-02
3,32,blocks/0/attention/query/kernel,104,7.94709791307468549e-08,1.08175845816731453e-02
3,32,blocks/0/attention/query/kernel,105,7.86685561138256162e-08,1.05963088572025299e-02
3,32,blocks/0/attention/query/kernel,106,7.43260670788004063e-08,1.05542065575718880e-02
3,32,blocks/0/attention/query/kernel,107,6.97986308750841999e-08,1.03462440893054008e-02
3,32,blocks/0/attention/query/kernel,108,6.48860023488850857e-08,1.02123515680432320e-02
3,32,blocks/0/attention/query/kernel,109,6.09998309641923697e-08,1.01305600255727768e-02
3,32,blocks/0/attention/query/kernel,110,5.71425360362809442e-08,9.96232219040393829e-03
3,32,blocks/0/attention/query/kernel,111,5.54679466802099341e-08,9.76755190640687943e-03
3,32,blocks/0/attention/query/kernel,112,5.28064774130143633e-08,9.72963776439428329e-03
3,32,blocks/0/attention/query/kernel,113,5.19588674308124610e-08,9.55361314117908478e-03
3,32,blocks/0/attention/query/kernel,114,4.92463207990567753e-08,9.38246585428714752e-03
3,32,blocks/0/attention/query/kernel,115,4.74203503131320758e-08,9.34640411287546158e-03
3,32,blocks/0/attention/query/kernel,116,4.37672298403413151e-08,9.12970770150423050e-03
3,32,blocks/0/attention/query/kernel,117,3.99297768183259905e-08,9.10376384854316711e-03
3,32,blocks/0/attention/query/kernel,118,3.92544130534133728e-08,8.96044261753559113e-03
3,32,blocks/0/attention/query/kernel,119,3.65014898306981195e-08,8.80948361009359360e-03
3,32,blocks/0/attention/query/kernel,120,3.57348213242403290e-08,8.69041495025157928e-03
3,32,blocks/0/attention/query/kernel,121,3.42970736255665543e-08,8.66473373025655746e-03
3,32,blocks/0/attention/query/kernel,122,3.33922365314265335e-08,8.52537155151367188e-03
3,32,blocks/0/attention/query/kernel,123,2.97038766916557506e-08,8.44625383615493774e-03
3,32,blocks/0/attention/query/kernel,124,2.81252194866965510e-08,8.36832262575626373e-03
3,32,blocks/0/attention/query/kernel,125,2.69225211013690569e-08,8.12287535518407822e-03
3,32,blocks/0/attention/query/kernel,126,2.58436685385277087e-08,8.05919710546731949e-03
3,32,blocks/0/attention/query/kernel,127,2.44990108200227041e-08,8.03358014672994614e-03
3,32,blocks/0/attention/query/kernel,128,2.28097736254539996e-08,7.85714201629161835e-03
3,32,blocks/0/attention/query/kernel,129,2.18719460320926373e-08,7.68697215244174004e-03
3,32,blocks/0/attention/query/kernel,130,2.10543209533398112e-08,7.56205711513757706e-03
3,32,blocks/0/attention/query/kernel,131,1.95704039640531846e-08,7.45846284553408623e-03
3,32,blocks/0/attention/query/kernel,132,1.91562872231543224e-08,7.31399189680814743e-03
3,32,blocks/0/attention/query/kernel,133,1.71102136903300561e-08,7.08546489477157593e-03
3,32,blocks/0/attention/query/kernel,134,1.67992677546635605e-08,6.99569052085280418e-03
3,32,blocks/0/attention/query/kernel,135,1.59052575554596842e-08,6.78265327587723732e-03
3,32,blocks/0/attention/query/kernel,136,1.46206682316574188e-08,6.65042502805590630e-03
3,32,blocks/0/attention/query/kernel,137,1.32352813153602256e-08,6.57369149848818779e-03
3,32,blocks/0/attention/query/kernel,138,1.24129950762608132e-08,6.55048899352550507e-03
3,32,blocks/0/attention/query/kernel,139,1.20433147898779680e-08,6.31101708859205246e-03
3,32,blocks/0/attention/query/kernel,140,1.14327720623919049e-08,6.21336512267589569e-03
3,32,blocks/0/attention/query/kernel,141,1.11047651074613896e-08,6.10380386933684349e-03
3,32,blocks/0/attention/query/kernel,142,1.03749613344916725e-08,5.96376135945320129e-03
3,32,blocks/0/attention/query/kernel,143,1.00902379784884033e-08,5.89355593547224998e-03
3,32,blocks/0/attention/query/kernel,144,9.50906997587708247e-09,5.82747487351298332e-03
3,32,blocks/0/attention/query/kernel,145,8.95083385188399916e-09,5.73136983439326286e-03
3,32,blocks/0/attention/query/kernel,146,8.44546477196672640e-09,5.51686948165297508e-03
3,32,blocks/0/attention/query/kernel,147,8.14544787175464080e-09,5.43424580246210098e-03
3,32,blocks/0/attention/query/kernel,148,7.52088880062729004e-09,5.22886076942086220e-03
3,32,blocks/0/attention/query/kernel,149,6.84205048173680552e-09,5.12692658230662346e-03
3,32,blocks/0/attention/query/kernel,150,6.43078523765439058e-09,4.97813709080219269e-03
3,32,blocks/0/attention/query/kernel,151,5.84565684746962688e-09,4.86783357337117195e-03
3,32,blocks/0/attention/query/kernel,152,5.52491608019067826e-09,4.68881754204630852e-03
3,32,blocks/0/attention/query/kernel,153,5.02619679210170034e-09,4.62135393172502518e-03
3,32,blocks/0/attention/query/kernel,154,4.60154536696677496e-09,4.51918737962841988e-03
3,32,blocks/0/attention/query/kernel,155,4.39297309640096501e-09,4.47722850367426872e-03
3,32,blocks/0/attention/query/kernel,156,4.01767019653220814e-09,4.22595487907528877e-03
3,32,blocks/0/attention/query/kernel,157,3.63228513933222530e-09,4.18637227267026901e-03
3,32,blocks/0/attention/query/kernel,158,3.46246586957477120e-09,4.14343411102890968e-03
3,32,blocks/0/attention/query/kernel,159,3.35852501365252465e-09,3.86626250110566616e-03
3,32,blocks/0/attention/query/kernel,160,2.98934721421062477e-09,3.64178372547030449e-03
3,32,blocks/0/attention/query/kernel,161,2.66740496357442680e-09,3.61762335523962975e-03
3,32,blocks/0/attention/query/kernel,162,2.37134356595447571e-09,3.58173926360905170e-03
3,32,blocks/0/attention/query/kernel,163,2.20687090823901144e-09,3.37711116299033165e-03
3,32,blocks/0/attention/query/kernel,164,1.86590431994204664e-09,3.26928705908358097e-03
3,32,blocks/0/attention/query/kernel,165,1.55358348408185520e-09,3.19238612428307533e-03
3,32,blocks/0/attention/query/kernel,166,1.42885636655876169e-09,3.10793914832174778e-03
3,32,blocks/0/attention/query/kernel,167,1.38439493202469066e-09,2.91240075603127480e-03
3,32,blocks/0/attention/query/kernel,168,9.69628488611817829e-10,2.81592900864779949e-03
3,32,blocks/0/attention/query/kernel,169,7.95231547279229289e-10,2.74135498329997063e-03
3,32,blocks/0/attention/query/kernel,170,7.33840543887254171e-10,2.52720084972679615e-03
3,32,blocks/0/attention/query/kernel,171,4.98990793129650001e-10,2.45056115090847015e-03
3,32,blocks/0/attention/query/kernel,172,4.93813767654671665e-10,2.35281162895262241e-03
3,32,blocks/0/attention/query/kernel,173,3.61719987296282852e-10,2.32885126024484634e-03
3,32,blocks/0/attention/query/kernel,174,2.64435418007025191e-10,2.17680167406797409e-03
3,32,blocks/0/attention/query/kernel,175,2.12624390316662470e-10,2.14170478284358978e-03
3,32,blocks/0/attention/query/kernel,176,1.99683811152873147e-10,2.06730840727686882e-03
3,32,blocks/0/attention/query/kernel,177,1.31751193288565105e-10,1.91880983766168356e-03
3,32,blocks/0/attention/query/kernel,178,1.11681969228172306e-10,1.69037654995918274e-03
3,32,blocks/0/attention/query/kernel,179,9.54027828958814439e-11,1.60883681382983923e-03
3,32,blocks/0/attention/query/kernel,180,6.95841925746343293e-11,1.48125202395021915e-03
3,32,blocks/0/attention/query/kernel,181,4.02776700880735916e-11,1.32927426602691412e-03
3,32,blocks/0/attention/query/kernel,182,3.41796868585930724e-11,1.26839743461459875e-03
3,32,blocks/0/attention/query/kernel,183,2.84618301149563990e-11,1.11167144495993853e-03
3,32,blocks/0/attention/query/kernel,184,2.34582804570226955e-11,1.05647486634552479e-03
3,32,blocks/0/attention/query/kernel,185,2.04070284975932381e-11,8.59985535498708487e-04
3,32,blocks/0/attention/query/kernel,186,1.84985499140921661e-11,7.45777681004256010e-04
3,32,blocks/0/attention/query/kernel,187,1.04133038997256122e-11,6.39238860458135605e-04
3,32,blocks/0/attention/query/kernel,188,7.85026210703421157e-12,5.32842241227626801e-04
3,32,blocks/0/attention/query/kernel,189,6.83368509349358000e-12,3.87757027056068182e-04
3,32,blocks/0/attention/query/kernel,190,2.83739611667277458e-12,2.95521080261096358e-04
3,32,blocks/0/attention/query/kernel,191,2.42792548219017412e-12,1.69618549989536405e-04
3,32,blocks/0/attention/query/kernel,192,9.87625440956006739e-14,1.11701760033611208e-04
3,32,blocks/5/attention/query/kernel,1,2.11664650123566389e-04,2.88255345076322556e-02
3,32,blocks/5/attention/query/kernel,2,2.01878778170794249e-04,2.85884458571672440e-02
3,32,blocks/5/attention/query/kernel,3,1.47080048918724060e-04,2.77668181806802750e-02
3,32,blocks/5/attention/query/kernel,4,1.14800706796813756e-04,2.69764438271522522e-02
3,32,blocks/5/attention/query/kernel,5,9.53921335167251527e-05,2.66899894922971725e-02
3,32,blocks/5/attention/query/kernel,6,7.89400510257110000e-05,2.63700354844331741e-02
3,32,blocks/5/attention/query/kernel,7,7.29412058717571199e-05,2.59573217481374741e-02
3,32,blocks/5/attention/query/kernel,8,6.58948556520044804e-05,2.55470070987939835e-02
3,32,blocks/5/attention/query/kernel,9,6.23293017270043492e-05,2.53691859543323517e-02
3,32,blocks/5/attention/query/kernel,10,5.79104562348220497e-05,2.50900462269783020e-02
3,32,blocks/5/attention/query/kernel,11,5.19653585797641426e-05,2.50237490981817245e-02
3,32,blocks/5/attention/query/kernel,12,4.91411410621367395e-05,2.47216131538152695e-02
3,32,blocks/5/attention/query/kernel,13,4.42190175817813724e-05,2.45497338473796844e-02
3,32,blocks/5/attention/query/kernel,14,4.14765490859281272e-05,2.43794508278369904e-02
3,32,blocks/5/attention/query/kernel,15,3.96220420952886343e-05,2.41918880492448807e-02
3,32,blocks/5/attention/query/kernel,16,3.86726896977052093e-05,2.39396598190069199e-02
3,32,blocks/5/attention/query/kernel,17,3.61771453754045069e-05,2.37115602940320969e-02
3,32,blocks/5/attention/query/kernel,18,3.31427145283669233e-05,2.35593002289533615e-02
3,32,blocks/5/attention/query/kernel,19,3.15049001073930413e-05,2.35373731702566147e-02
3,32,blocks/5/attention/query/kernel,20,3.02177249977830797e-05,2.30909027159214020e-02
3,32,blocks/5/attention/query/kernel,21,2.85347323369933292e-05,2.29751095175743103e-02
3,32,blocks/5/attention/query/kernel,22,2.76513346761930734e-05,2.25754454731941223e-02
3,32,blocks/5/attention/query/kernel,23,2.60964079643599689e-05,2.24574282765388489e-02
3,32,blocks/5/attention/query/kernel,24,2.36423602473223582e-05,2.23697535693645477e-02
3,32,blocks/5/attention/query/kernel,25,2.27881300816079602e-05,2.23073922097682953e-02
3,32,blocks/5/attention/query/kernel,26,2.17057058762293309e-05,2.20608599483966827e-02
3,32,blocks/5/attention/query/kernel,27,2.08761321118799970e-05,2.18345914036035538e-02
3,32,blocks/5/attention/query/kernel,28,2.08130004466511309e-05,2.16746684163808823e-02
3,32,blocks/5/attention/query/kernel,29,1.97178051166702062e-05,2.15206183493137360e-02
3,32,blocks/5/attention/query/kernel,30,1.90548071259399876e-05,2.14741602540016174e-02
3,32,blocks/5/attention/query/kernel,31,1.80021797859808430e-05,2.13791932910680771e-02
3,32,blocks/5/attention/query/kernel,32,1.73341959452955052e-05,2.12748423218727112e-02
3,32,blocks/5/attention/query/kernel,33,1.64066386787453666e-05,2.09249462932348251e-02
3,32,blocks/5/attention/query/kernel,34,1.61324023792985827e-05,2.07996182143688202e-02
3,32,blocks/5/attention/query/kernel,35,1.59467072080587968e-05,2.04879753291606903e-02
3,32,blocks/5/attention/query/kernel,36,1.54967037815367803e-05,2.03758403658866882e-02
3,32,blocks/5/attention/query/kernel,37,1.45950898513547145e-05,2.02975124120712280e-02
3,32,blocks/5/attention/query/kernel,38,1.41446471388917416e-05,2.00403854250907898e-02
3,32,blocks/5/attention/query/kernel,39,1.39782159749302082e-05,1.99601817876100540e-02
3,32,blocks/5/attention/query/kernel,40,1.32449622469721362e-05,1.96816660463809967e-02
3,32,blocks/5/attention/query/kernel,41,1.31212964333826676e-05,1.96195263415575027e-02
3,32,blocks/5/attention/query/kernel,42,1.27844341477612033e-05,1.95230152457952499e-02
3,32,blocks/5/attention/query/kernel,43,1.23871068353764713e-05,1.93594582378864288e-02
3,32,blocks/5/attention/query/kernel,44,1.21386819955660030e-05,1.92052684724330902e-02
3,32,blocks/5/attention/query/kernel,45,1.14965068860328756e-05,1.90985556691884995e-02
3,32,blocks/5/attention/query/kernel,46,1.14126569314976223e-05,1.89886894077062607e-02
3,32,blocks/5/attention/query/kernel,47,1.10655219032196328e-05,1.88861191272735596e-02
3,32,blocks/5/attention/query/kernel,48,1.06225852505303919e-05,1.86390392482280731e-02
3,32,blocks/5/attention/query/kernel,49,1.02670528576709330e-05,1.84806305915117264e-02
3,32,blocks/5/attention/query/kernel,50,1.00934366855653934e-05,1.83510240167379379e-02
3,32,blocks/5/attention/query/kernel,51,9.90149328572442755e-06,1.80995725095272064e-02
3,32,blocks/5/attention/query/kernel,52,9.74786053120624274e-06,1.80044118314981461e-02
3,32,blocks/5/attention/query/kernel,53,9.34291256271535531e-06,1.78284458816051483e-02
3,32,blocks/5/attention/query/kernel,54,9.12075938686029986e-06,1.76126621663570404e-02
3,32,blocks/5/attention/query/kernel,55,8.83751727087656036e-06,1.75400171428918839e-02
3,32,blocks/5/attention/query/kernel,56,8.60325872054090723e-06,1.73240303993225098e-02
3,32,blocks/5/attention/query/kernel,57,8.32457135402364656e-06,1.72632765024900436e-02
3,32,blocks/5/attention/query/kernel,58,8.13134556665318087e-06,1.71055924147367477e-02
3,32,blocks/5/attention/query/kernel,59,8.05909348855493590e-06,1.70032102614641190e-02
3,32,blocks/5/attention/query/kernel,60,7.74357340560527518e-06,1.67536586523056030e-02
3,32,blocks/5/attention/query/kernel,61,7.46670139051275328e-06,1.65187884122133255e-02
3,32,blocks/5/attention/query/kernel,62,7.26805410522501916e-06,1.64703279733657837e-02
3,32,blocks/5/attention/query/kernel,63,7.20453681424260139e-06,1.63045115768909454e-02
3,32,blocks/5/attention/query/kernel,64,6.96681718181935139e-06,1.62041839212179184e-02
3,32,blocks/5/attention/query/kernel,65,6.82909512761398219e-06,1.60681623965501785e-02
3,32,blocks/5/attention/query/kernel,66,6.77299613016657531e-06,1.59711111336946487e-02
3,32,blocks/5/attention/query/kernel,67,6.72726355332997628e-06,1.58880390226840973e-02
3,32,blocks/5/attention/query/kernel,68,6.60757223158725537e-06,1.57802589237689972e-02
3,32,blocks/5/attention/query/kernel,69,6.54383256915025413e-06,1.55598092824220657e-02
3,32,blocks/5/attention/query/kernel,70,6.24454241915373132e-06,1.53193976730108261e-02
3,32,blocks/5/attention/query/kernel,71,6.09855442235129885e-06,1.51084586977958679e-02
3,32,blocks/5/attention/query/kernel,72,5.97467396801221184e-06,1.50004345923662186e-02
3,32,blocks/5/attention/query/kernel,73,5.96266181673854589e-06,1.48980962112545967e-02
3,32,blocks/5/attention/query/kernel,74,5.72176850255345926e-06,1.48421255871653557e-02
3,32,blocks/5/attention/query/kernel,75,5.68617224416811951e-06,1.46084763109683990e-02
3,32,blocks/5/attention/query/kernel,76,5.53580366613459773e-06,1.44692771136760712e-02
3,32,blocks/5/attention/query/kernel,77,5.42585894436342642e-06,1.44637115299701691e-02
3,32,blocks/5/attention/query/kernel,78,5.32719423063099384e-06,1.43791139125823975e-02
3,32,blocks/5/attention/query/kernel,79,5.19134755450068042e-06,1.41917150467634201e-02
3,32,blocks/5/attention/query/kernel,80,5.06050309923011810e-06,1.41307227313518524e-02
3,32,blocks/5/attention/query/kernel,81,4.97439395985566080e-06,1.39071112498641014e-02
3,32,blocks/5/attention/query/kernel,82,4.92630533699411899e-06,1.36258555576205254e-02
3,32,blocks/5/attention/query/kernel,83,4.81523511552950367e-06,1.35359438136219978e-02
3,32,blocks/5/attention/query/kernel,84,4.76237983093596995e-06,1.33517943322658539e-02
3,32,blocks/5/attention/query/kernel,85,4.69243832412757911e-06,1.32535956799983978e-02
3,32,blocks/5/attention/query/kernel,86,4.54250630355090834e-06,1.31288757547736168e-02
3,32,blocks/5/attention/query/kernel,87,4.45870136900339276e-06,1.29059171304106712e-02
3,32,blocks/5/attention/query/kernel,88,4.37562994193285704e-06,1.27866333350539207e-02
3,32,blocks/5/attention/query/kernel,89,4.33258310295059346e-06,1.26364519819617271e-02
3,32,blocks/5/attention/query/kernel,90,4.22776429331861436e-06,1.25105977058410645e-02
3,32,blocks/5/attention/query/kernel,91,4.07902643928537145e-06,1.23992143198847771e-02
3,32,blocks/5/attention/query/kernel,92,3.98230758946738206e-06,1.22266495600342751e-02
3,32,blocks/5/attention/query/kernel,93,3.96583436668151990e-06,1.21767027303576469e-02
3,32,blocks/5/attention/query/kernel,94,3.92791480408050120e-06,1.21391555294394493e-02
3,32,blocks/5/attention/query/kernel,95,3.87481895813834853e-06,1.19599290192127228e-02
3,32,blocks/5/attention/query/kernel,96,3.79943730877130292e-06,1.17910336703062057e-02
3,32,blocks/5/attention/query/kernel,97,3.70626162293774541e-06,1.16368504241108894e-02
3,32,blocks/5/attention/query/kernel,98,3.57805834028113168e-06,1.16335293278098106e-02
3,32,blocks/5/attention/query/kernel,99,3.52383995050331578e-06,1.14979213103652000e-02
3,32,blocks/5/attention/query/kernel,100,3.51675566889753100e-06,1.14048309624195099e-02
3,32,blocks/5/attention/query/kernel,101,3.42955013366008643e-06,1.12941628322005272e-02
3,32,blocks/5/attention/query/kernel,102,3.39169628205127083e-06,1.11055541783571243e-02
3,32,blocks/5/attention/query/kernel,103,3.33543880515208002e-06,1.10466247424483299e-02
3,32,blocks/5/attention/query/kernel,104,3.23321683026733808e-06,1.08440397307276726e-02
3,32,blocks/5/attention/query/kernel,105,3.19051059705088846e-06,1.06699941679835320e-02
3,32,blocks/5/attention/query/kernel,106,3.14638668896805029e-06,1.06031661853194237e-02
3,32,blocks/5/attention/query/kernel,107,3.12003430735785514e-06,1.04878535494208336e-02
3,32,blocks/5/attention/query/kernel,108,3.07144841826811898e-06,1.03247240185737610e-02
3,32,blocks/5/attention/query/kernel,109,2.99882503895787522e-06,1.02083878591656685e-02
3,32,blocks/5/attention/query/kernel,110,2.97841916108154692e-06,1.00396163761615753e-02
3,32,blocks/5/attention/query/kernel,111,2.92601248474966269e-06,9.80595778673887253e-03
3,32,blocks/5/attention/query/kernel,112,2.85665146293467842e-06,9.67540964484214783e-03
3,32,blocks/5/attention/query/kernel,113,2.85071200778475031e-06,9.59622301161289215e-03
3,32,blocks/5/attention/query/kernel,114,2.70702616944618057e-06,9.46562364697456360e-03
3,32,blocks/5/attention/query/kernel,115,2.66423853645392228e-06,9.39677376300096512e-03
3,32,blocks/5/attention/query/kernel,116,2.62818889495974872e-06,9.29376296699047089e-03
3,32,blocks/5/attention/query/kernel,117,2.61157515524246264e-06,9.18288994580507278e-03
3,32,blocks/5/attention/query/kernel,118,2.53467442234978080e-06,8.96769389510154724e-03
3,32,blocks/5/attention/query/kernel,119,2.48210926656611264e-06,8.85303597897291183e-03
3,32,blocks/5/attention/query/kernel,120,2.45150999944598880e-06,8.69913585484027863e-03
3,32,blocks/5/attention/query/kernel,121,2.39128053181048017e-06,8.58238060027360916e-03
3,32,blocks/5/attention/query/kernel,122,2.32897946261800826e-06,8.51511582732200623e-03
3,32,blocks/5/attention/query/kernel,123,2.25905432671424933e-06,8.36869794875383377e-03
3,32,blocks/5/attention/query/kernel,124,2.22673133976059034e-06,8.23036767542362213e-03
3,32,blocks/5/attention/query/kernel,125,2.19879370888520498e-06,8.13332293182611465e-03
3,32,blocks/5/attention/query/kernel,126,2.15636146094766445e-06,8.09175614267587662e-03
3,32,blocks/5/attention/query/kernel,127,2.10098755815124605e-06,7.95794371515512466e-03
3,32,blocks/5/attention/query/kernel,128,2.04409980142372660e-06,7.77692906558513641e-03
3,32,blocks/5/attention/query/kernel,129,2.03182707991800271e-06,7.61288637295365334e-03
3,32,blocks/5/attention/query/kernel,130,1.97004851543169934e-06,7.47292814776301384e-03
3,32,blocks/5/attention/query/kernel,131,1.94462586478039157e-06,7.35812727361917496e-03
3,32,blocks/5/attention/query/kernel,132,1.91285107575822622e-06,7.23584741353988647e-03
3,32,blocks/5/attention/query/kernel,133,1.86616796327143675e-06,7.14420573785901070e-03
3,32,blocks/5/attention/query/kernel,134,1.80240954250621144e-06,7.01655913144350052e-03
3,32,blocks/5/attention/query/kernel,135,1.77492279362923000e-06,6.90073333680629730e-03
3,32,blocks/5/attention/query/kernel,136,1.73101363998284796e-06,6.81601837277412415e-03
3,32,blocks/5/attention/query/kernel,137,1.67908694947982440e-06,6.62980275228619576e-03
3,32,blocks/5/attention/query/kernel,138,1.64302559824136551e-06,6.50815106928348541e-03
3,32,blocks/5/attention/query/kernel,139,1.61586069680197397e-06,6.42014108598232269e-03
3,32,blocks/5/attention/query/kernel,140,1.56733085532323457e-06,6.38072844594717026e-03
3,32,blocks/5/attention/query/kernel,141,1.53025519011862343e-06,6.11577648669481277e-03
3,32,blocks/5/attention/query/kernel,142,1.48324102156038862e-06,5.93050848692655563e-03
3,32,blocks/5/attention/query/kernel,143,1.44703551541169873e-06,5.83573337644338608e-03
3,32,blocks/5/attention/query/kernel,144,1.39618794037232874e-06,5.76600758358836174e-03
3,32,blocks/5/attention/query/kernel,145,1.38992663778481074e-06,5.58640714734792709e-03
3,32,blocks/5/attention/query/kernel,146,1.36502785608172417e-06,5.41583495214581490e-03
3,32,blocks/5/attention/query/kernel,147,1.33988282868813258e-06,5.32158650457859039e-03
3,32,blocks/5/attention/query/kernel,148,1.31297667849139543e-06,5.19006419926881790e-03
3,32,blocks/5/attention/query/kernel,149,1.27330167742911726e-06,5.08513394743204117e-03
3,32,blocks/5/attention/query/kernel,150,1.24288158076524269e-06,4.90490207448601723e-03
3,32,blocks/5/attention/query/kernel,151,1.17344723093992798e-06,4.83879866078495979e-03
3,32,blocks/5/attention/query/kernel,152,1.16707383313041646e-06,4.74894698709249496e-03
3,32,blocks/5/attention/query/kernel,153,1.14088811642432120e-06,4.65493137016892433e-03
3,32,blocks/5/attention/query/kernel,154,1.10449991552741267e-06,4.53921919688582420e-03
3,32,blocks/5/attention/query/kernel,155,1.04739626749505987e-06,4.42037545144557953e-03
3,32,blocks/5/attention/query/kernel,156,1.02479123142984463e-06,4.20079752802848816e-03
3,32,blocks/5/attention/query/kernel,157,9.94218794403423090e-07,4.18000249192118645e-03
3,32,blocks/5/attention/query/kernel,158,9.80745426204521209e-07,4.00841142982244492e-03
3,32,blocks/5/attention/query/kernel,159,9.20646982649486745e-07,3.95011482760310173e-03
3,32,blocks/5/attention/query/kernel,160,8.95688515356596326e-07,3.84373241104185581e-03
3,32,blocks/5/attention/query/kernel,161,8.63476429913134780e-07,3.78457806073129177e-03
3,32,blocks/5/attention/query/kernel,162,8.54258473736990709e-07,3.56164854019880295e-03
3,32,blocks/5/attention/query/kernel,163,8.43785471715818858e-07,3.48900468088686466e-03
3,32,blocks/5/attention/query/kernel,164,7.85427062055532588e-07,3.42004327103495598e-03
3,32,blocks/5/attention/query/kernel,165,7.77419018049840815e-07,3.31875332631170750e-03
3,32,blocks/5/attention/query/kernel,166,7.34619789000134915e-07,3.19402432069182396e-03
3,32,blocks/5/attention/query/kernel,167,6.74291356972389622e-07,3.03950696252286434e-03
3,32,blocks/5/attention/query/kernel,168,6.53353538382361876e-07,2.86576896905899048e-03
3,32,blocks/5/attention/query/kernel,169,6.12596352311811643e-07,2.78540188446640968e-03
3,32,blocks/5/attention/query/kernel,170,5.95943959069700213e-07,2.75258626788854599e-03
3,32,blocks/5/attention/query/kernel,171,5.74706689349113731e-07,2.64423550106585026e-03
3,32,blocks/5/attention/query/kernel,172,5.42901375411020126e-07,2.49273376539349556e-03
3,32,blocks/5/attention/query/kernel,173,5.00305816331092501e-07,2.24048574455082417e-03
3,32,blocks/5/attention/query/kernel,174,4.84185250115842791e-07,2.18246760778129101e-03
3,32,blocks/5/attention/query/kernel,175,4.41013298768666573e-07,2.01144092716276646e-03
3,32,blocks/5/attention/query/kernel,176,4.06239308858857839e-07,1.87765620648860931e-03
3,32,blocks/5/attention/query/kernel,177,3.94794341218585032e-07,1.81027583312243223e-03
3,32,blocks/5/attention/query/kernel,178,3.77036968757238355e-07,1.76326907239854336e-03
3,32,blocks/5/attention/query/kernel,179,3.48092953572631814e-07,1.69375038240104914e-03
3,32,blocks/5/attention/query/kernel,180,3.11007568143395474e-07,1.55902025289833546e-03
3,32,blocks/5/attention/query/kernel,181,2.85552715695303050e-07,1.35780870914459229e-03
3,32,blocks/5/attention/query/kernel,182,2.79425876215100288e-07,1.27518235240131617e-03
3,32,blocks/5/attention/query/kernel,183,2.43257602505764225e-07,1.17092381697148085e-03
3,32,blocks/5/attention/query/kernel,184,2.14239534557236766e-07,1.02572410833090544e-03
3,32,blocks/5/attention/query/kernel,185,2.10098875186304213e-07,8.77892016433179379e-04
3,32,blocks/5/attention/query/kernel,186,1.59416359224451298e-07,7.92703591287136078e-04
3,32,blocks/5/attention/query/kernel,187,1.24747899121757655e-07,6.08332979027181864e-04
3,32,blocks/5/attention/query/kernel,188,1.02063005158470332e-07,4.26916201831772923e-04
3,32,blocks/5/attention/query/kernel,189,9.28954264622916526e-08,2.99223669571802020e-04
3,32,blocks/5/attention/query/kernel,190,3.41107053714040376e-08,2.32109450735151768e-04
3,32,blocks/5/attention/query/kernel,191,1.46018725999397248e-08,1.06168139609508216e-04
3,32,blocks/5/attention/query/kernel,192,3.36269373457653842e-10,6.44593383185565472e-05
3,32,blocks/11/attention/query/kernel,1,3.60100675607100129e-04,2.84802857786417007e-02
3,32,blocks/11/attention/query/kernel,2,2.77545826975256205e-04,2.80498974025249481e-02
3,32,blocks/11/attention/query/kernel,3,2.17685053939931095e-04,2.74546463042497635e-02
3,32,blocks/11/attention/query/kernel,4,2.05246600671671331e-04,2.71864701062440872e-02
3,32,blocks/11/attention/query/kernel,5,1.57755130203440785e-04,2.69703567028045654e-02
3,32,blocks/11/attention/query/kernel,6,1.27119550597853959e-04,2.66990792006254196e-02
3,32,blocks/11/attention/query/kernel,7,1.10370958282146603e-04,2.61540766805410385e-02
3,32,blocks/11/attention/query/kernel,8,9.25904823816381395e-05,2.57961377501487732e-02
3,32,blocks/11/attention/query/kernel,9,8.95838602446019650e-05,2.54405792802572250e-02
3,32,blocks/11/attention/query/kernel,10,6.85475388308987021e-05,2.54163295030593872e-02
3,32,blocks/11/attention/query/kernel,11,4.21958102378994226e-05,2.49802861362695694e-02
3,32,blocks/11/attention/query/kernel,12,3.20717663271352649e-05,2.48510316014289856e-02
3,32,blocks/11/attention/query/kernel,13,2.55740778811741620e-05,2.46555283665657043e-02
3,32,blocks/11/attention/query/kernel,14,2.29060024139471352e-05,2.43776701390743256e-02
3,32,blocks/11/attention/query/kernel,15,2.03332856472115964e-05,2.42709480226039886e-02
3,32,blocks/11/attention/query/kernel,16,1.87543701031245291e-05,2.41320431232452393e-02
3,32,blocks/11/attention/query/kernel,17,1.75283912540180609e-05,2.38802749663591385e-02
3,32,blocks/11/attention/query/kernel,18,1.74634042195975780e-05,2.34684627503156662e-02
3,32,blocks/11/attention/query/kernel,19,1.60134532052325085e-05,2.32202298939228058e-02
3,32,blocks/11/attention/query/kernel,20,1.53908949869219214e-05,2.31722425669431686e-02
3,32,blocks/11/attention/query/kernel,21,1.48984772749827243e-05,2.30716392397880554e-02
3,32,blocks/11/attention/query/kernel,22,1.41537057061214000e-05,2.26801112294197083e-02
3,32,blocks/11/attention/query/kernel,23,1.35551999846938998e-05,2.24175751209259033e-02
3,32,blocks/11/attention/query/kernel,24,1.31265423988224939e-05,2.22899578511714935e-02
3,32,blocks/11/attention/query/kernel,25,1.28289757412858307e-05,2.22311317920684814e-02
3,32,blocks/11/attention/query/kernel,26,1.22245555758127011e-05,2.20776107162237167e-02
3,32,blocks/11/attention/query/kernel,27,1.15579723569680937e-05,2.18405909836292267e-02
3,32,blocks/11/attention/query/kernel,28,1.12755278678378090e-05,2.16952078044414520e-02
3,32,blocks/11/attention/query/kernel,29,1.04371556517435238e-05,2.14611198753118515e-02
3,32,blocks/11/attention/query/kernel,30,1.02444500953424722e-05,2.12812218815088272e-02
3,32,blocks/11/attention/query/kernel,31,9.73846636043163016e-06,2.10557263344526291e-02
3,32,blocks/11/attention/query/kernel,32,9.58353484747931361e-06,2.09797620773315430e-02
3,32,blocks/11/attention/query/kernel,33,9.42079168453346938e-06,2.08177100867033005e-02
3,32,blocks/11/attention/query/kernel,34,9.09387017600238323e-06,2.06904392689466476e-02
3,32,blocks/11/attention/query/kernel,35,8.81725190993165597e-06,2.04509850591421127e-02
3,32,blocks/11/attention/query/kernel,36,8.51017830427736044e-06,2.03862115740776062e-02
3,32,blocks/11/attention/query/kernel,37,8.19407159724505618e-06,2.02099904417991638e-02
3,32,blocks/11/attention/query/kernel,38,8.08486856840318069e-06,1.99523512274026871e-02
3,32,blocks/11/attention/query/kernel,39,7.75181706558214501e-06,1.97753515094518661e-02
3,32,blocks/11/attention/query/kernel,40,7.65865479479543865e-06,1.95661410689353943e-02
3,32,blocks/11/attention/query/kernel,41,7.45687657399685122e-06,1.95073764771223068e-02
3,32,blocks/11/attention/query/kernel,42,7.29437897462048568e-06,1.93479750305414200e-02
3,32,blocks/11/attention/query/kernel,43,6.98333224136149511e-06,1.93143747746944427e-02
3,32,blocks/11/attention/query/kernel,44,6.97426048645866103e-06,1.91110260784626007e-02
3,32,blocks/11/attention/query/kernel,45,6.79609047438134439e-06,1.89481712877750397e-02
3,32,blocks/11/attention/query/kernel,46,6.65779953124001622e-06,1.86381302773952484e-02
3,32,blocks/11/attention/query/kernel,47,6.60418072584434412e-06,1.85906495898962021e-02
3,32,blocks/11/attention/query/kernel,48,6.26890141575131565e-06,1.83274392038583755e-02
3,32,blocks/11/attention/query/kernel,49,6.17647401668364182e-06,1.82173755019903183e-02
3,32,blocks/11/attention/query/kernel,50,6.07862284596194513e-06,1.81333925575017929e-02
3,32,blocks/11/attention/query/kernel,51,6.00171051701181568e-06,1.79921276867389679e-02
3,32,blocks/11/attention/query/kernel,52,5.88134389545302838e-06,1.79155357182025909e-02
3,32,blocks/11/attention/query/kernel,53,5.72025919609586708e-06,1.77540089935064316e-02
3,32,blocks/11/attention/query/kernel,54,5.51503899259842001e-06,1.77182927727699280e-02
3,32,blocks/11/attention/query/kernel,55,5.48458410776220262e-06,1.75513345748186111e-02
3,32,blocks/11/attention/query/kernel,56,5.40256496606161818e-06,1.72312278300523758e-02
3,32,blocks/11/attention/query/kernel,57,5.29919634573161602e-06,1.70890837907791138e-02
3,32,blocks/11/attention/query/kernel,58,5.19022160005988553e-06,1.69149152934551239e-02
3,32,blocks/11/attention/query/kernel,59,5.02772945765173063e-06,1.68480649590492249e-02
3,32,blocks/11/attention/query/kernel,60,4.96760367241222411e-06,1.66466124355792999e-02
3,32,blocks/11/attention/query/kernel,61,4.85538475913926959e-06,1.65261775255203247e-02
3,32,blocks/11/attention/query/kernel,62,4.77183721159235574e-06,1.64148155599832535e-02
3,32,blocks/11/attention/query/kernel,63,4.64439062852761708e-06,1.61207821220159531e-02
3,32,blocks/11/attention/query/kernel,64,4.51874302598298527e-06,1.59357078373432159e-02
3,32,blocks/11/attention/query/kernel,65,4.46480089522083290e-06,1.58393494784832001e-02
3,32,blocks/11/attention/query/kernel,66,4.36898289990494959e-06,1.55696868896484375e-02
3,32,blocks/11/attention/query/kernel,67,4.34834873885847628e-06,1.54777104035019875e-02
3,32,blocks/11/attention/query/kernel,68,4.17009096054243855e-06,1.53787285089492798e-02
3,32,blocks/11/attention/query/kernel,69,4.14480246035964228e-06,1.52952065691351891e-02
3,32,blocks/11/attention/query/kernel,70,4.03088097300496884e-06,1.52631578966975212e-02
3,32,blocks/11/attention/query/kernel,71,3.91176672565052286e-06,1.51348141953349113e-02
3,32,blocks/11/attention/query/kernel,72,3.90106242775800638e-06,1.49842305108904839e-02
3,32,blocks/11/attention/query/kernel,73,3.85232669941615313e-06,1.48208327591419220e-02
3,32,blocks/11/attention/query/kernel,74,3.75380182049411815e-06,1.47508606314659119e-02
3,32,blocks/11/attention/query/kernel,75,3.67874895346176345e-06,1.45181603729724884e-02
3,32,blocks/11/attention/query/kernel,76,3.64684683518134989e-06,1.43758626654744148e-02
3,32,blocks/11/attention/query/kernel,77,3.49909828400996048e-06,1.42672760412096977e-02
3,32,blocks/11/attention/query/kernel,78,3.47411855727841612e-06,1.41909373924136162e-02
3,32,blocks/11/attention/query/kernel,79,3.39535222337872256e-06,1.39080556109547615e-02
3,32,blocks/11/attention/query/kernel,80,3.34306628246849868e-06,1.37884048745036125e-02
3,32,blocks/11/attention/query/kernel,81,3.29749673255719244e-06,1.36963604018092155e-02
3,32,blocks/11/attention/query/kernel,82,3.24373604598804377e-06,1.34907867759466171e-02
3,32,blocks/11/attention/query/kernel,83,3.22945447805977892e-06,1.34352222084999084e-02
3,32,blocks/11/attention/query/kernel,84,3.14536850964941550e-06,1.33051238954067230e-02
3,32,blocks/11/attention/query/kernel,85,3.04347395285731182e-06,1.31103424355387688e-02
3,32,blocks/11/attention/query/kernel,86,3.01760815091256518e-06,1.30417188629508018e-02
3,32,blocks/11/attention/query/kernel,87,2.95905283564934507e-06,1.29203563556075096e-02
3,32,blocks/11/attention/query/kernel,88,2.89964236799278297e-06,1.29063120111823082e-02
3,32,blocks/11/attention/query/kernel,89,2.81931943391100504e-06,1.26160411164164543e-02
3,32,blocks/11/attention/query/kernel,90,2.79091636912198737e-06,1.25426258891820908e-02
3,32,blocks/11/attention/query/kernel,91,2.78297875411226414e-06,1.24067924916744232e-02
3,32,blocks/11/attention/query/kernel,92,2.67068708126316778e-06,1.22334863990545273e-02
3,32,blocks/11/attention/query/kernel,93,2.64989625975431409e-06,1.21023086830973625e-02
3,32,blocks/11/attention/query/kernel,94,2.61398872680729255e-06,1.18456277996301651e-02
3,32,blocks/11/attention/query/kernel,95,2.57013425652985461e-06,1.17118023335933685e-02
3,32,blocks/11/attention/query/kernel,96,2.52854010795999784e-06,1.16062108427286148e-02
3,32,blocks/11/attention/query/kernel,97,2.46241052082041278e-06,1.15527845919132233e-02
3,32,blocks/11/attention/query/kernel,98,2.42984742726548575e-06,1.12838856875896454e-02
3,32,blocks/11/attention/query/kernel,99,2.38652091866242699e-06,1.11964093521237373e-02
3,32,blocks/11/attention/query/kernel,100,2.35831748796044849e-06,1.11596919596195221e-02
3,32,blocks/11/attention/query/kernel,101,2.28427370529971085e-06,1.08810914680361748e-02
3,32,blocks/11/attention/query/kernel,102,2.27680834541388322e-06,1.08504379168152809e-02
3,32,blocks/11/attention/query/kernel,103,2.26476504394668154e-06,1.07172057032585144e-02
3,32,blocks/11/attention/query/kernel,104,2.20748961510253139e-06,1.05630168691277504e-02
3,32,blocks/11/attention/query/kernel,105,2.15457475860603154e-06,1.04438522830605507e-02
3,32,blocks/11/attention/query/kernel,106,2.12838313018437475e-06,1.04032857343554497e-02
3,32,blocks/11/attention/query/kernel,107,2.10224061447661370e-06,1.03531219065189362e-02
3,32,blocks/11/attention/query/kernel,108,2.01859506887558382e-06,1.00884847342967987e-02
3,32,blocks/11/attention/query/kernel,109,1.97799090528860688e-06,1.00224344059824944e-02
3,32,blocks/11/attention/query/kernel,110,1.96351152226270642e-06,9.87305957823991776e-03
3,32,blocks/11/attention/query/kernel,111,1.94963422472937964e-06,9.76885668933391571e-03
3,32,blocks/11/attention/query/kernel,112,1.93650134860945400e-06,9.66290570795536041e-03
3,32,blocks/11/attention/query/kernel,113,1.85047497325285804e-06,9.59990080446004868e-03
3,32,blocks/11/attention/query/kernel,114,1.82305188900500070e-06,9.38541255891323090e-03
3,32,blocks/11/attention/query/kernel,115,1.81134817012207350e-06,9.28162038326263428e-03
3,32,blocks/11/attention/query/kernel,116,1.77337915374664590e-06,9.13833640515804291e-03
3,32,blocks/11/attention/query/kernel,117,1.73936609826341737e-06,9.08343493938446045e-03
3,32,blocks/11/attention/query/kernel,118,1.72201885106915142e-06,8.95303487777709961e-03
3,32,blocks/11/attention/query/kernel,119,1.67698794939497020e-06,8.88878945261240005e-03
3,32,blocks/11/attention/query/kernel,120,1.64466882779379375e-06,8.74837022274732590e-03
3,32,blocks/11/attention/query/kernel,121,1.61096409101446625e-06,8.69730208069086075e-03
3,32,blocks/11/attention/query/kernel,122,1.58011425810400397e-06,8.53590760380029678e-03
3,32,blocks/11/attention/query/kernel,123,1.53520534240669804e-06,8.30645579844713211e-03
3,32,blocks/11/attention/query/kernel,124,1.50660071085439995e-06,8.19112733006477356e-03
3,32,blocks/11/attention/query/kernel,125,1.48113508657843340e-06,7.96679127961397171e-03
3,32,blocks/11/attention/query/kernel,126,1.45077876823052065e-06,7.89135880768299103e-03
3,32,blocks/11/attention/query/kernel,127,1.43995316648215521e-06,7.80687481164932251e-03
3,32,blocks/11/attention/query/kernel,128,1.42185547247208888e-06,7.54672195762395859e-03
3,32,blocks/11/attention/query/kernel,129,1.39900555495842127e-06,7.46982265263795853e-03
3,32,blocks/11/attention/query/kernel,130,1.35497930386918597e-06,7.30286119505763054e-03
3,32,blocks/11/attention/query/kernel,131,1.28232011320505990e-06,7.24431732669472694e-03
3,32,blocks/11/attention/query/kernel,132,1.26618670037714764e-06,7.18945870175957680e-03
3,32,blocks/11/attention/query/kernel,133,1.24656980915460736e-06,6.97614578530192375e-03
3,32,blocks/11/attention/query/kernel,134,1.23278095998102799e-06,6.83382852002978325e-03
3,32,blocks/11/attention/query/kernel,135,1.21117091111955233e-06,6.72532059252262115e-03
3,32,blocks/11/attention/query/kernel,136,1.18872469556663418e-06,6.68360665440559387e-03
3,32,blocks/11/attention/query/kernel,137,1.18139291771512944e-06,6.58560311421751976e-03
3,32,blocks/11/attention/query/kernel,138,1.12950465336325578e-06,6.52897357940673828e-03
3,32,blocks/11/attention/query/kernel,139,1.10931830477056792e-06,6.40163663774728775e-03
3,32,blocks/11/attention/query/kernel,140,1.07256914816389326e-06,6.33187917992472649e-03
3,32,blocks/11/attention/query/kernel,141,1.06845686786982697e-06,6.20051147416234016e-03
3,32,blocks/11/attention/query/kernel,142,1.04708101389405783e-06,6.00536447018384933e-03
3,32,blocks/11/attention/query/kernel,143,1.02031390269985422e-06,5.78531855717301369e-03
3,32,blocks/11/attention/query/kernel,144,1.00191073215682991e-06,5.67205622792243958e-03
3,32,blocks/11/attention/query/kernel,145,9.91053525467577856e-07,5.60276350006461143e-03
3,32,blocks/11/attention/query/kernel,146,9.78100501924927812e-07,5.44348405674099922e-03
3,32,blocks/11/attention/query/kernel,147,9.26717518723307876e-07,5.39117166772484779e-03
3,32,blocks/11/attention/query/kernel,148,9.14656766326515935e-07,5.21837640553712845e-03
3,32,blocks/11/attention/query/kernel,149,9.04018179426202551e-07,5.08665479719638824e-03
3,32,blocks/11/attention/query/kernel,150,8.67657661274279235e-07,4.97706374153494835e-03
3,32,blocks/11/attention/query/kernel,151,8.22224535568238935e-07,4.82368748635053635e-03
3,32,blocks/11/attention/query/kernel,152,8.09903156095970189e-07,4.74158208817243576e-03
3,32,blocks/11/attention/query/kernel,153,7.85418762916378910e-07,4.58406470715999603e-03
3,32,blocks/11/attention/query/kernel,154,7.57145471652620472e-07,4.51440922915935516e-03
3,32,blocks/11/attention/query/kernel,155,7.43791019885975402e-07,4.40266495570540428e-03
3,32,blocks/11/attention/query/kernel,156,7.20332593573402846e-07,4.34581004083156586e-03
3,32,blocks/11/attention/query/kernel,157,6.98813323651847895e-07,4.29156096652150154e-03
3,32,blocks/11/attention/query/kernel,158,6.66735104459803551e-07,3.99390421807765961e-03
3,32,blocks/11/attention/query/kernel,159,6.57647376556269592e-07,3.92760615795850754e-03
3,32,blocks/11/attention/query/kernel,160,6.43985288206749829e-07,3.80187225528061390e-03
3,32,blocks/11/attention/query/kernel,161,6.31770660675101681e-07,3.68344760499894619e-03
3,32,blocks/11/attention/query/kernel,162,5.85839416089584120e-07,3.61398234963417053e-03
3,32,blocks/11/attention/query/kernel,163,5.67962672448629746e-07,3.51696345023810863e-03
3,32,blocks/11/attention/query/kernel,164,5.58808210371353198e-07,3.38111585006117821e-03
3,32,blocks/11/attention/query/kernel,165,5.31019793470477453e-07,3.21655138395726681e-03
3,32,blocks/11/attention/query/kernel,166,5.25431119058339391e-07,3.10464482754468918e-03
3,32,blocks/11/attention/query/kernel,167,5.17597641191969160e-07,2.99876532517373562e-03
3,32,blocks/11/attention/query/kernel,168,4.89867375108588021e-07,2.89810798130929470e-03
3,32,blocks/11/attention/query/kernel,169,4.62066765294366633e-07,2.64962064102292061e-03
3,32,blocks/11/attention/query/kernel,170,4.39326385048843804e-07,2.52967607229948044e-03
3,32,blocks/11/attention/query/kernel,171,4.15021730759690399e-07,2.48043239116668701e-03
3,32,blocks/11/attention/query/kernel,172,3.80812934963614680e-07,2.33843293972313404e-03
3,32,blocks/11/attention/query/kernel,173,3.61601479426099104e-07,2.32154992409050465e-03
3,32,blocks/11/attention/query/kernel,174,3.37291396590444492e-07,2.05825990997254848e-03
3,32,blocks/11/attention/query/kernel,175,3.27772738728526747e-07,1.94215821102261543e-03
3,32,blocks/11/attention/query/kernel,176,3.09255682395814802e-07,1.84361042920500040e-03
3,32,blocks/11/attention/query/kernel,177,2.97343774491309887e-07,1.77312549203634262e-03
3,32,blocks/11/attention/query/kernel,178,2.82233401094345027e-07,1.70515826903283596e-03
3,32,blocks/11/attention/query/kernel,179,2.69856997192619019e-07,1.61544629372656345e-03
3,32,blocks/11/attention/query/kernel,180,2.34813796851085499e-07,1.35197432246059179e-03
3,32,blocks/11/attention/query/kernel,181,2.21020869162202871e-07,1.22334016487002373e-03
3,32,blocks/11/attention/query/kernel,182,1.95101165445521474e-07,1.19155365973711014e-03
3,32,blocks/11/attention/query/kernel,183,1.64367179422697518e-07,1.07650971040129662e-03
3,32,blocks/11/attention/query/kernel,184,1.60706306928659615e-07,9.96381626464426517e-04
3,32,blocks/11/attention/query/kernel,185,1.30989661784042255e-07,8.28514283057302237e-04
3,32,blocks/11/attention/query/kernel,186,1.20692646987663466e-07,7.30311090592294931e-04
3,32,blocks/11/attention/query/kernel,187,9.63734336778543366e-08,6.78766984492540359e-04
3,32,blocks/11/attention/query/kernel,188,9.03587746847733797e-08,5.26573508977890015e-04
3,32,blocks/11/attention/query/kernel,189,6.42118180849138298e-08,4.05516242608428001e-04
3,32,blocks/11/attention/query/kernel,190,5.20514760182777536e-08,2.88536481093615294e-04
3,32,blocks/11/attention/query/kernel,191,1.75696577286998945e-08,1.93327796296216547e-04
3,32,blocks/11/attention/query/kernel,192,2.51997733791142764e-09,4.41481570305768400e-05
3,244,blocks/0/attention/query/kernel,1,4.13333873439114541e-05,2.88171861320734024e-02
3,244,blocks/0/attention/query/kernel,2,1.69023041962645948e-05,2.85978652536869049e-02
3,244,blocks/0/attention/query/kernel,3,1.46635748023982160e-05,2.79458016157150269e-02
3,244,blocks/0/attention/query/kernel,4,1.40969095809850842e-05,2.75387559086084366e-02
3,244,blocks/0/attention/query/kernel,5,1.28081028378801420e-05,2.74569615721702576e-02
3,244,blocks/0/attention/query/kernel,6,1.04126611404353753e-05,2.69329361617565155e-02
3,244,blocks/0/attention/query/kernel,7,9.68536005530040711e-06,2.67504565417766571e-02
3,244,blocks/0/attention/query/kernel,8,8.94851018529152498e-06,2.65028923749923706e-02
3,244,blocks/0/attention/query/kernel,9,8.57951181387761608e-06,2.61191409081220627e-02
3,244,blocks/0/attention/query/kernel,10,7.56741837903973646e-06,2.59255021810531616e-02
3,244,blocks/0/attention/query/kernel,11,7.19132685844670050e-06,2.57621109485626221e-02
3,244,blocks/0/attention/query/kernel,12,6.85156282997922972e-06,2.53289211541414261e-02
3,244,blocks/0/attention/query/kernel,13,6.22997004029457457e-06,2.51759272068738937e-02
3,244,blocks/0/attention/query/kernel,14,5.23908056493382901e-06,2.48054955154657364e-02
3,244,blocks/0/attention/query/kernel,15,5.12421820531017147e-06,2.45685931295156479e-02
3,244,blocks/0/attention/query/kernel,16,5.01618978887563571e-06,2.43971906602382660e-02
3,244,blocks/0/attention/query/kernel,17,4.41442807641578838e-06,2.41300314664840698e-02
3,244,blocks/0/attention/query/kernel,18,4.26674660047865473e-06,2.39149630069732666e-02
3,244,blocks/0/attention/query/kernel,19,4.14277883464819752e-06,2.38016415387392044e-02
3,244,blocks/0/attention/query/kernel,20,3.94695734939887188e-06,2.37403195351362228e-02
3,244,blocks/0/attention/query/kernel,21,3.67890720553987194e-06,2.35371720045804977e-02
3,244,blocks/0/attention/query/kernel,22,3.11395865537633654e-06,2.33536157757043839e-02
3,244,blocks/0/attention/query/kernel,23,3.08326184494944755e-06,2.31702793389558792e-02
3,244,blocks/0/attention/query/kernel,24,2.90685625259357039e-06,2.30103526264429092e-02
3,244,blocks/0/attention/query/kernel,25,2.79216942544735502e-06,2.28208117187023163e-02
3,244,blocks/0/attention/query/kernel,26,2.66382176050683483e-06,2.26300992071628571e-02
3,244,blocks/0/attention/query/kernel,27,2.35919264923722949e-06,2.24488023668527603e-02
3,244,blocks/0/attention/query/kernel,28,2.31254443860962056e-06,2.21567600965499878e-02
3,244,blocks/0/attention/query/kernel,29,2.20969104702817276e-06,2.19851918518543243e-02
3,244,blocks/0/attention/query/kernel,30,2.01138573174830526e-06,2.17596795409917831e-02
3,244,blocks/0/attention/query/kernel,31,1.89631691682734527e-06,2.16504205018281937e-02
3,244,blocks/0/attention/query/kernel,32,1.84119573987118201e-06,2.15370431542396545e-02
3,244,blocks/0/attention/query/kernel,33,1.72848922375123948e-06,2.11377628147602081e-02
3,244,blocks/0/attention/query/kernel,34,1.68028088864957681e-06,2.10164561867713928e-02
3,244,blocks/0/attention/query/kernel,35,1.58137686412374023e-06,2.09454763680696487e-02
3,244,blocks/0/attention/query/kernel,36,1.39057465275982395e-06,2.07656137645244598e-02
3,244,blocks/0/attention/query/kernel,37,1.34854963107500225e-06,2.06661112606525421e-02
3,244,blocks/0/attention/query/kernel,38,1.30168177747691516e-06,2.02774032950401306e-02
3,244,blocks/0/attention/query/kernel,39,1.22220922094129492e-06,2.02336292713880539e-02
3,244,blocks/0/attention/query/kernel,40,1.17640070129709784e-06,2.00803074985742569e-02
3,244,blocks/0/attention/query/kernel,41,1.12534769414196489e-06,1.98237244039773941e-02
3,244,blocks/0/attention/query/kernel,42,1.06716640857484890e-06,1.96336414664983749e-02
3,244,blocks/0/attention/query/kernel,43,9.61832483881153166e-07,1.94361861795186996e-02
3,244,blocks/0/attention/query/kernel,44,9.28187887438980397e-07,1.93751528859138489e-02
3,244,blocks/0/attention/query/kernel,45,9.17695274438301567e-07,1.92745011299848557e-02
3,244,blocks/0/attention/query/kernel,46,8.90827493549295468e-07,1.90631803125143051e-02
3,244,blocks/0/attention/query/kernel,47,8.26543612220120849e-07,1.88978500664234161e-02
3,244,blocks/0/attention/query/kernel,48,7.67526614708913257e-07,1.87887381762266159e-02
3,244,blocks/0/attention/query/kernel,49,7.52837252093740972e-07,1.85757558792829514e-02
3,244,blocks/0/attention/query/kernel,50,6.94469179052248364e-07,1.85058210045099258e-02
3,244,blocks/0/attention/query/kernel,51,6.56339693705376703e-07,1.83867737650871277e-02
3,244,blocks/0/attention/query/kernel,52,6.26993596597458236e-07,1.81623939424753189e-02
3,244,blocks/0/attention/query/kernel,53,5.96085897086595651e-07,1.80793106555938721e-02
3,244,blocks/0/attention/query/kernel,54,5.55787380562833278e-07,1.78004242479801178e-02
3,244,blocks/0/attention/query/kernel,55,5.21810534337419085e-07,1.75965167582035065e-02
3,244,blocks/0/attention/query/kernel,56,4.96536642913270043e-07,1.74081008881330490e-02
3,244,blocks/0/attention/query/kernel,57,4.47094237188139232e-07,1.72953587025403976e-02
3,244,blocks/0/attention/query/kernel,58,4.20762148678477388e-07,1.71999596059322357e-02
3,244,blocks/0/attention/query/kernel,59,4.03525433512186282e-07,1.70499458909034729e-02
3,244,blocks/0/attention/query/kernel,60,3.76195970375192701e-07,1.69617980718612671e-02
3,244,blocks/0/attention/query/kernel,61,3.55938823304313701e-07,1.68971754610538483e-02
3,244,blocks/0/attention/query/kernel,62,3.24176056665237411e-07,1.67391635477542877e-02
3,244,blocks/0/attention/query/kernel,63,3.11254950702277711e-07,1.65620502084493637e-02
3,244,blocks/0/attention/query/kernel,64,2.87146406208194094e-07,1.64864901453256607e-02
3,244,blocks/0/attention/query/kernel,65,2.67855767788205412e-07,1.63393635302782059e-02
3,244,blocks/0/attention/query/kernel,66,2.49419514375404106e-07,1.61579325795173645e-02
3,244,blocks/0/attention/query/kernel,67,2.33383175896051398e-07,1.60269979387521744e-02
3,244,blocks/0/attention/query/kernel,68,2.28854844408488134e-07,1.58267114311456680e-02
3,244,blocks/0/attention/query/kernel,69,2.16666435903789534e-07,1.57047472894191742e-02
3,244,blocks/0/attention/query/kernel,70,2.01357465812179726e-07,1.56040294095873833e-02
3,244,blocks/0/attention/query/kernel,71,1.73257973301588208e-07,1.53965828940272331e-02
3,244,blocks/0/attention/query/kernel,72,1.71296790085762041e-07,1.51568725705146790e-02
3,244,blocks/0/attention/query/kernel,73,1.55093161424701975e-07,1.50236887857317924e-02
3,244,blocks/0/attention/query/kernel,74,1.51463623865311092e-07,1.49023309350013733e-02
3,244,blocks/0/attention/query/kernel,75,1.41697725553058262e-07,1.46823879331350327e-02
3,244,blocks/0/attention/query/kernel,76,1.33077946884441189e-07,1.45899718627333641e-02
3,244,blocks/0/attention/query/kernel,77,1.25950904816818365e-07,1.43949175253510475e-02
3,244,blocks/0/attention/query/kernel,78,1.23619543046515901e-07,1.41868721693754196e-02
3,244,blocks/0/attention/query/kernel,79,1.07706455310108140e-07,1.40519123524427414e-02
3,244,blocks/0/attention/query/kernel,80,1.02466955809177307e-07,1.39544000849127769e-02
3,244,blocks/0/attention/query/kernel,81,9.76990932599619555e-08,1.38959400355815887e-02
3,244,blocks/0/attention/query/kernel,82,9.45999403256791993e-08,1.38290319591760635e-02
3,244,blocks/0/attention/query/kernel,83,9.05471182477413095e-08,1.36914644390344620e-02
3,244,blocks/0/attention/query/kernel,84,8.11954947721460485e-08,1.35231679305434227e-02
3,244,blocks/0/attention/query/kernel,85,7.56166045334794035e-08,1.34904682636260986e-02
3,244,blocks/0/attention/query/kernel,86,7.00305946566004422e-08,1.32130766287446022e-02
3,244,blocks/0/attention/query/kernel,87,6.32580352544209745e-08,1.31135070696473122e-02
3,244,blocks/0/attention/query/kernel,88,6.15926083469275909e-08,1.30116455256938934e-02
3,244,blocks/0/attention/query/kernel,89,5.74309027001618233e-08,1.28373000770807266e-02
3,244,blocks/0/attention/query/kernel,90,5.36263335959574761e-08,1.26542774960398674e-02
3,244,blocks/0/attention/query/kernel,91,5.03767516590869491e-08,1.26364864408969879e-02
3,244,blocks/0/attention/query/kernel,92,4.71986609795749246e-08,1.24960942193865776e-02
3,244,blocks/0/attention/query/kernel,93,4.38522604895297263e-08,1.22129824012517929e-02
3,244,blocks/0/attention/query/kernel,94,4.14565874962136149e-08,1.21268089860677719e-02
3,244,blocks/0/attention/query/kernel,95,4.07437745764127612e-08,1.20300510898232460e-02
3,244,blocks/0/attention/query/kernel,96,3.68581751786223322e-08,1.20083130896091461e-02
3,244,blocks/0/attention/query/kernel,97,3.53186528911919595e-08,1.17633966729044914e-02
3,244,blocks/0/attention/query/kernel,98,3.49324515980242722e-08,1.16936378180980682e-02
3,244,blocks/0/attention/query/kernel,99,3.31250760154944146e-08,1.15367397665977478e-02
3,244,blocks/0/attention/query/kernel,100,3.08452250408208783e-08,1.14056803286075592e-02
3,244,blocks/0/attention/query/kernel,101,3.00108915496366535e-08,1.13755622878670692e-02
3,244,blocks/0/attention/query/kernel,102,2.87622743400106629e-08,1.11145088449120522e-02
3,244,blocks/0/attention/query/kernel,103,2.72912803467306730e-08,1.10130552202463150e-02
3,244,blocks/0/attention/query/kernel,104,2.60849954969444298e-08,1.09267607331275940e-02
3,244,blocks/0/attention/query/kernel,105,2.37537562952638837e-08,1.07766026630997658e-02
3,244,blocks/0/attention/query/kernel,106,2.22707292607537966e-08,1.06496503576636314e-02
3,244,blocks/0/attention/query/kernel,107,2.15214175369737859e-08,1.05310780927538872e-02
3,244,blocks/0/attention/query/kernel,108,2.10697006508553386e-08,1.03671709075570107e-02
3,244,blocks/0/attention/query/kernel,109,1.89057605126663475e-08,1.03625785559415817e-02
3,244,blocks/0/attention/query/kernel,110,1.84929671576128385e-08,1.02570466697216034e-02
3,244,blocks/0/attention/query/kernel,111,1.74030265753799540e-08,9.90143138915300369e-03
3,244,blocks/0/attention/query/kernel,112,1.72202963000245290e-08,9.80662740767002106e-03
3,244,blocks/0/attention/query/kernel,113,1.63693751886739847e-08,9.72843728959560394e-03
3,244,blocks/0/attention/query/kernel,114,1.61171804791138129e-08,9.56358574330806732e-03
3,244,blocks/0/attention/query/kernel,115,1.49785250869172160e-08,9.48252435773611069e-03
3,244,blocks/0/attention/query/kernel,116,1.46402534539902263e-08,9.38733574002981186e-03
3,244,blocks/0/attention/query/kernel,117,1.42475080622261885e-08,9.24530904740095139e-03
3,244,blocks/0/attention/query/kernel,118,1.21688188414736942e-08,9.12146177142858505e-03
3,244,blocks/0/attention/query/kernel,119,1.17533147658832604e-08,8.96058790385723114e-03
3,244,blocks/0/attention/query/kernel,120,1.12922053929764843e-08,8.93130525946617126e-03
3,244,blocks/0/attention/query/kernel,121,1.08295425960136527e-08,8.91021639108657837e-03
3,244,blocks/0/attention/query/kernel,122,1.07974162943946794e-08,8.76758340746164322e-03
3,244,blocks/0/attention/query/kernel,123,1.00763308807927388e-08,8.55309329926967621e-03
3,244,blocks/0/attention/query/kernel,124,9.75615233045346031e-09,8.46072752028703690e-03
3,244,blocks/0/attention/query/kernel,125,9.04464769746482489e-09,8.38198326528072357e-03
3,244,blocks/0/attention/query/kernel,126,8.72001937324284881e-09,8.17932281643152237e-03
3,244,blocks/0/attention/query/kernel,127,8.12245914971754246e-09,7.90471117943525314e-03
3,244,blocks/0/attention/query/kernel,128,7.87239695654307070e-09,7.84558895975351334e-03
3,244,blocks/0/attention/query/kernel,129,7.59341833855842196e-09,7.67260510474443436e-03
3,244,blocks/0/attention/query/kernel,130,6.93923585259881293e-09,7.59242475032806396e-03
3,244,blocks/0/attention/query/kernel,131,6.52271436862861265e-09,7.45788402855396271e-03
3,244,blocks/0/attention/query/kernel,132,6.04892624878061724e-09,7.32009578496217728e-03
3,244,blocks/0/attention/query/kernel,133,5.36444577647898768e-09,7.29575427249073982e-03
3,244,blocks/0/attention/query/kernel,134,5.20904785972220452e-09,6.98289321735501289e-03
3,244,blocks/0/attention/query/kernel,135,5.10260145247798391e-09,6.88026798889040947e-03
3,244,blocks/0/attention/query/kernel,136,4.89238694001414842e-09,6.82800868526101112e-03
3,244,blocks/0/attention/query/kernel,137,4.65139038396955584e-09,6.68279407545924187e-03
3,244,blocks/0/attention/query/kernel,138,4.44470282801034955e-09,6.53083994984626770e-03
3,244,blocks/0/attention/query/kernel,139,4.36073266385506031e-09,6.47847540676593781e-03
3,244,blocks/0/attention/query/kernel,140,4.08353351133428077e-09,6.37065945193171501e-03
3,244,blocks/0/attention/query/kernel,141,4.03879552024477562e-09,6.28450419753789902e-03
3,244,blocks/0/attention/query/kernel,142,3.42706574230078331e-09,6.10471051186323166e-03
3,244,blocks/0/attention/query/kernel,143,3.32188943019673388e-09,5.97225874662399292e-03
3,244,blocks/0/attention/query/kernel,144,3.20236281936558953e-09,5.95149956643581390e-03
3,244,blocks/0/attention/query/kernel,145,3.15307024933986213e-09,5.83698274567723274e-03
3,244,blocks/0/attention/query/kernel,146,3.02502023430406553e-09,5.63177699223160744e-03
3,244,blocks/0/attention/query/kernel,147,2.67138156040402919e-09,5.46515872702002525e-03
3,244,blocks/0/attention/query/kernel,148,2.47175813150590784e-09,5.37754641845822334e-03
3,244,blocks/0/attention/query/kernel,149,2.33183983233686831e-09,5.19445771351456642e-03
3,244,blocks/0/attention/query/kernel,150,2.28969909699117125e-09,5.10353967547416687e-03
3,244,blocks/0/attention/query/kernel,151,2.00107530545778900e-09,5.07935835048556328e-03
3,244,blocks/0/attention/query/kernel,152,1.77700898440491528e-09,4.80999844148755074e-03
3,244,blocks/0/attention/query/kernel,153,1.72508418661010410e-09,4.68564033508300781e-03
3,244,blocks/0/attention/query/kernel,154,1.61784785568386269e-09,4.58604702726006508e-03
3,244,blocks/0/attention/query/kernel,155,1.54119328410473599e-09,4.38790442422032356e-03
3,244,blocks/0/attention/query/kernel,156,1.28716493019709333e-09,4.29237633943557739e-03
3,244,blocks/0/attention/query/kernel,157,1.27577859387884018e-09,4.18025720864534378e-03
3,244,blocks/0/attention/query/kernel,158,1.14351073055019015e-09,4.09094616770744324e-03
3,244,blocks/0/attention/query/kernel,159,9.71500102586730918e-10,3.97545751184225082e-03
3,244,blocks/0/attention/query/kernel,160,9.13876252450762649e-10,3.93420597538352013e-03
3,244,blocks/0/attention/query/kernel,161,8.31429702863317743e-10,3.63661907613277435e-03
3,244,blocks/0/attention/query/kernel,162,7.05277058976605531e-10,3.53384949266910553e-03
3,244,blocks/0/attention/query/kernel,163,5.94834126399490515e-10,3.48938140086829662e-03
3,244,blocks/0/attention/query/kernel,164,5.84817194670961271e-10,3.38077289052307606e-03
3,244,blocks/0/attention/query/kernel,165,5.63477597914641137e-10,3.19585693068802357e-03
3,244,blocks/0/attention/query/kernel,166,5.18287801565264772e-10,3.16672283224761486e-03
3,244,blocks/0/attention/query/kernel,167,4.23689888728873143e-10,3.00193089060485363e-03
3,244,blocks/0/attention/query/kernel,168,3.11595665936081900e-10,2.87668337114155293e-03
3,244,blocks/0/attention/query/kernel,169,2.47792980578864785e-10,2.80812173150479794e-03
3,244,blocks/0/attention/query/kernel,170,2.22583590447911206e-10,2.70159100182354450e-03
3,244,blocks/0/attention/query/kernel,171,1.89885010493107131e-10,2.54667829722166061e-03
3,244,blocks/0/attention/query/kernel,172,1.78894107860649854e-10,2.41627031937241554e-03
3,244,blocks/0/attention/query/kernel,173,1.34749295055414109e-10,2.20366078428924084e-03
3,244,blocks/0/attention/query/kernel,174,9.04399471979289160e-11,2.09152512252330780e-03
3,244,blocks/0/attention/query/kernel,175,7.64498256367041051e-11,1.96752115152776241e-03
3,244,blocks/0/attention/query/kernel,176,6.03201030791034043e-11,1.84761476702988148e-03
3,244,blocks/0/attention/query/kernel,177,4.56628831968508564e-11,1.81547098327428102e-03
3,244,blocks/0/attention/query/kernel,178,4.27316515505538064e-11,1.67874770704656839e-03
3,244,blocks/0/attention/query/kernel,179,3.46605903700503148e-11,1.64261611644178629e-03
3,244,blocks/0/attention/query/kernel,180,2.69849299155966449e-11,1.55314931180328131e-03
3,244,blocks/0/attention/query/kernel,181,1.97655138783892070e-11,1.36698689311742783e-03
3,244,blocks/0/attention/query/kernel,182,1.35512148377592290e-11,1.27755757421255112e-03
3,244,blocks/0/attention/query/kernel,183,1.23351849568020810e-11,1.21160491835325956e-03
3,244,blocks/0/attention/query/kernel,184,9.68182305161047196e-12,1.07918481808155775e-03
3,244,blocks/0/attention/query/kernel,185,9.15775701798571262e-12,8.90379713382571936e-04
3,244,blocks/0/attention/query/kernel,186,8.93810286201057735e-12,6.80390279740095139e-04
3,244,blocks/0/attention/query/kernel,187,5.66716768998776210e-12,6.60286983475089073e-04
3,244,blocks/0/attention/query/kernel,188,4.06956152804172078e-12,5.38196822162717581e-04
3,244,blocks/0/attention/query/kernel,189,3.18491522217911882e-12,3.93064197851344943e-04
3,244,blocks/0/attention/query/kernel,190,2.39908678860423219e-12,2.74714227998629212e-04
3,244,blocks/0/attention/query/kernel,191,1.56135683809094372e-12,2.57531297393143177e-04
3,244,blocks/0/attention/query/kernel,192,4.04410581628447674e-13,9.88837055047042668e-05
3,244,blocks/5/attention/query/kernel,1,2.21577174670528620e-05,2.95316372066736221e-02
3,244,blocks/5/attention/query/kernel,2,1.61235584528185427e-05,2.84079797565937042e-02
3,244,blocks/5/attention/query/kernel,3,1.39710464281961322e-05,2.80609671026468277e-02
3,244,blocks/5/attention/query/kernel,4,1.26117502077249810e-05,2.79733166098594666e-02
3,244,blocks/5/attention/query/kernel,5,1.14962731458945200e-05,2.76264864951372147e-02
3,244,blocks/5/attention/query/kernel,6,9.98647738015279174e-06,2.75192912667989731e-02
3,244,blocks/5/attention/query/kernel,7,9.71833196672378108e-06,2.71216239780187607e-02
3,244,blocks/5/attention/query/kernel,8,8.83374013938009739e-06,2.70714908838272095e-02
3,244,blocks/5/attention/query/kernel,9,8.32665227790130302e-06,2.65613682568073273e-02
3,244,blocks/5/attention/query/kernel,10,7.97046504885656759e-06,2.62446925044059753e-02
3,244,blocks/5/attention/query/kernel,11,7.56288727643550374e-06,2.59142462164163589e-02
3,244,blocks/5/attention/query/kernel,12,7.37450500309932977e-06,2.57087368518114090e-02
3,244,blocks/5/attention/query/kernel,13,6.79910817780182697e-06,2.56940051913261414e-02
3,244,blocks/5/attention/query/kernel,14,6.64670460537308827e-06,2.52174697816371918e-02
3,244,blocks/5/attention/query/kernel,15,6.13501561019802466e-06,2.51853056252002716e-02
3,244,blocks/5/attention/query/kernel,16,5.86394889978691936e-06,2.48609520494937897e-02
3,244,blocks/5/attention/query/kernel,17,5.70680822420399636e-06,2.46540345251560211e-02
3,244,blocks/5/attention/query/kernel,18,5.44912154509802349e-06,2.44533810764551163e-02
3,244,blocks/5/attention/query/kernel,19,5.15052170158014633e-06,2.40332856774330139e-02
3,244,blocks/5/attention/query/kernel,20,5.05131129102665000e-06,2.40168366581201553e-02
3,244,blocks/5/attention/query/kernel,21,4.74241869596880861e-06,2.38637197762727737e-02
3,244,blocks/5/attention/query/kernel,22,4.49309072791947983e-06,2.34773866832256317e-02
3,244,blocks/5/attention/query/kernel,23,4.43481212641927414e-06,2.33739633113145828e-02
3,244,blocks/5/attention/query/kernel,24,4.30623731517698616e-06,2.29995492845773697e-02
3,244,blocks/5/attention/query/kernel,25,4.20761716668494046e-06,2.27456334978342056e-02
3,244,blocks/5/attention/query/kernel,26,4.09200993090053089e-06,2.24781408905982971e-02
3,244,blocks/5/attention/query/kernel,27,3.77062406187178567e-06,2.24509555846452713e-02
3,244,blocks/5/attention/query/kernel,28,3.71049554814817384e-06,2.22504585981369019e-02
3,244,blocks/5/attention/query/kernel,29,3.62688456334581133e-06,2.21556909382343292e-02
3,244,blocks/5/attention/query/kernel,30,3.55958195541461464e-06,2.18814071267843246e-02
3,244,blocks/5/attention/query/kernel,31,3.52006532011728268e-06,2.17642243951559067e-02
3,244,blocks/5/attention/query/kernel,32,3.46564002029481344e-06,2.16168984770774841e-02
3,244,blocks/5/attention/query/kernel,33,3.29403064824873582e-06,2.13615130633115768e-02
3,244,blocks/5/attention/query/kernel,34,3.18080560646194499e-06,2.12255567312240601e-02
3,244,blocks/5/attention/query/kernel,35,3.15676425088895485e-06,2.09929943084716797e-02
3,244,blocks/5/attention/query/kernel,36,2.97615429190045688e-06,2.07915585488080978e-02
3,244,blocks/5/attention/query/kernel,37,2.87780426333483774e-06,2.06636842340230942e-02
3,244,blocks/5/attention/query/kernel,38,2.79277878689754289e-06,2.05294620245695114e-02
3,244,blocks/5/attention/query/kernel,39,2.76160335488384590e-06,2.03858036547899246e-02
3,244,blocks/5/attention/query/kernel,40,2.73158593699918129e-06,2.02825963497161865e-02
3,244,blocks/5/attention/query/kernel,41,2.67328846348391380e-06,2.00607497245073318e-02
3,244,blocks/5/attention/query/kernel,42,2.59464286500588059e-06,1.99783891439437866e-02
3,244,blocks/5/attention/query/kernel,43,2.56753151006705593e-06,1.98518894612789154e-02
3,244,blocks/5/attention/query/kernel,44,2.53410030381928664e-06,1.97427850216627121e-02
3,244,blocks/5/attention/query/kernel,45,2.40899134951177984e-06,1.94635558873414993e-02
3,244,blocks/5/attention/query/kernel,46,2.34752110372937750e-06,1.93322282284498215e-02
3,244,blocks/5/attention/query/kernel,47,2.34475646720966324e-06,1.91806741058826447e-02
3,244,blocks/5/attention/query/kernel,48,2.31681519835547078e-06,1.88068076968193054e-02
3,244,blocks/5/attention/query/kernel,49,2.26856150220555719e-06,1.87810789793729782e-02
3,244,blocks/5/attention/query/kernel,50,2.22509993363928515e-06,1.86441000550985336e-02
3,244,blocks/5/attention/query/kernel,51,2.20814990825601853e-06,1.84265095740556717e-02
3,244,blocks/5/attention/query/kernel,52,2.18527452489070129e-06,1.84008069336414337e-02
3,244,blocks/5/attention/query/kernel,53,2.12199256566236727e-06,1.82666946202516556e-02
3,244,blocks/5/attention/query/kernel,54,2.06328809326805640e-06,1.82107370346784592e-02
3,244,blocks/5/attention/query/kernel,55,2.03852255253877956e-06,1.78824812173843384e-02
3,244,blocks/5/attention/query/kernel,56,2.00140175365959294e-06,1.77504420280456543e-02
3,244,blocks/5/attention/query/kernel,57,1.95464531316247303e-06,1.76232066005468369e-02
3,244,blocks/5/attention/query/kernel,58,1.87009311503061326e-06,1.74689218401908875e-02
3,244,blocks/5/attention/query/kernel,59,1.83699955869087717e-06,1.73072796314954758e-02
3,244,blocks/5/attention/query/kernel,60,1.82616713573224843e-06,1.70882102102041245e-02
3,244,blocks/5/attention/query/kernel,61,1.78794800831383327e-06,1.69526245445013046e-02
3,244,blocks/5/attention/query/kernel,62,1.78373272774479119e-06,1.67252998799085617e-02
3,244,blocks/5/attention/query/kernel,63,1.70237410657136934e-06,1.66504941880702972e-02
3,244,blocks/5/attention/query/kernel,64,1.68890812801691936e-06,1.65842417627573013e-02
3,244,blocks/5/attention/query/kernel,65,1.65895403370086569e-06,1.62833612412214279e-02
3,244,blocks/5/attention/query/kernel,66,1.62099775025126291e-06,1.62718258798122406e-02
3,244,blocks/5/attention/query/kernel,67,1.59638909735804191e-06,1.59849002957344055e-02
3,244,blocks/5/attention/query/kernel,68,1.56614828483725432e-06,1.58259943127632141e-02
3,244,blocks/5/attention/query/kernel,69,1.54519500483729644e-06,1.57419722527265549e-02
3,244,blocks/5/attention/query/kernel,70,1.54069562086078804e-06,1.56541075557470322e-02
3,244,blocks/5/attention/query/kernel,71,1.49309278185683070e-06,1.54204098507761955e-02
3,244,blocks/5/attention/query/kernel,72,1.42499072808277560e-06,1.52138555422425270e-02
3,244,blocks/5/attention/query/kernel,73,1.40973315865267068e-06,1.50430621579289436e-02
3,244,blocks/5/attention/query/kernel,74,1.36392816330044298e-06,1.49025078862905502e-02
3,244,blocks/5/attention/query/kernel,75,1.35524942379561253e-06,1.47510692477226257e-02
3,244,blocks/5/attention/query/kernel,76,1.34385516048496356e-06,1.46302077919244766e-02
3,244,blocks/5/attention/query/kernel,77,1.30924479435634566e-06,1.43607798963785172e-02
3,244,blocks/5/attention/query/kernel,78,1.27799034999043215e-06,1.42021942883729935e-02
3,244,blocks/5/attention/query/kernel,79,1.24434939152706647e-06,1.41548030078411102e-02
3,244,blocks/5/attention/query/kernel,80,1.23567406262736768e-06,1.39765944331884384e-02
3,244,blocks/5/attention/query/kernel,81,1.21712753298197640e-06,1.38291148468852043e-02
3,244,blocks/5/attention/query/kernel,82,1.20320896712655667e-06,1.37335704639554024e-02
3,244,blocks/5/attention/query/kernel,83,1.18081561595317908e-06,1.35678555816411972e-02
3,244,blocks/5/attention/query/kernel,84,1.15308671411185060e-06,1.35012781247496605e-02
3,244,blocks/5/attention/query/kernel,85,1.13159524062211858e-06,1.34211005643010139e-02
3,244,blocks/5/attention/query/kernel,86,1.12024372356245294e-06,1.31942182779312134e-02
3,244,blocks/5/attention/query/kernel,87,1.10330051938944962e-06,1.31447445601224899e-02
3,244,blocks/5/attention/query/kernel,88,1.08757444650109392e-06,1.30594810470938683e-02
3,244,blocks/5/attention/query/kernel,89,1.07733171716972720e-06,1.28573291003704071e-02
3,244,blocks/5/attention/query/kernel,90,1.05787785287247971e-06,1.27603299915790558e-02
3,244,blocks/5/attention/query/kernel,91,1.05118022020178614e-06,1.25801907852292061e-02
3,244,blocks/5/attention/query/kernel,92,1.01705154520459473e-06,1.23950764536857605e-02
3,244,blocks/5/attention/query/kernel,93,1.00651050161104649e-06,1.23205222189426422e-02
3,244,blocks/5/attention/query/kernel,94,9.92279524325567763e-07,1.21031878516077995e-02
3,244,blocks/5/attention/query/kernel,95,9.49292484619945753e-07,1.20505616068840027e-02
3,244,blocks/5/attention/query/kernel,96,9.34641434469085652e-07,1.18499444797635078e-02
3,244,blocks/5/attention/query/kernel,97,9.33730063934490317e-07,1.17237083613872528e-02
3,244,blocks/5/attention/query/kernel,98,9.14722647848975612e-07,1.16702262312173843e-02
3,244,blocks/5/attention/query/kernel,99,9.03260001905437093e-07,1.16014694795012474e-02
3,244,blocks/5/attention/query/kernel,100,8.92613059022551170e-07,1.13968225196003914e-02
3,244,blocks/5/attention/query/kernel,101,8.62565627812728053e-07,1.13087436184287071e-02
3,244,blocks/5/attention/query/kernel,102,8.56074620969593525e-07,1.10789807513356209e-02
3,244,blocks/5/attention/query/kernel,103,8.40241966670873808e-07,1.09658017754554749e-02
3,244,blocks/5/attention/query/kernel,104,8.22657796106796013e-07,1.08593227341771126e-02
3,244,blocks/5/attention/query/kernel,105,8.11091069863323355e-07,1.05588082224130630e-02
3,244,blocks/5/attention/query/kernel,106,7.91490890605928143e-07,1.04643385857343674e-02
3,244,blocks/5/attention/query/kernel,107,7.69857081195368664e-07,1.03930141776800156e-02
3,244,blocks/5/attention/query/kernel,108,7.57161728870414663e-07,1.03228548541665077e-02
3,244,blocks/5/attention/query/kernel,109,7.51524908082501497e-07,1.01960003376007080e-02
3,244,blocks/5/attention/query/kernel,110,7.44181249956454849e-07,1.00827654823660851e-02
3,244,blocks/5/attention/query/kernel,111,7.35941227958392119e-07,1.00461095571517944e-02
3,244,blocks/5/attention/query/kernel,112,6.95583366905339062e-07,9.95389651507139206e-03
3,244,blocks/5/attention/query/kernel,113,6.88728391651238780e-07,9.84029937535524368e-03
3,244,blocks/5/attention/query/kernel,114,6.81925314438558416e-07,9.68998018652200699e-03
3,244,blocks/5/attention/query/kernel,115,6.74736497785488609e-07,9.52036678791046143e-03
3,244,blocks/5/attention/query/kernel,116,6.58172496059705736e-07,9.38841048628091812e-03
3,244,blocks/5/attention/query/kernel,117,6.47444778678618604e-07,9.29931551218032837e-03
3,244,blocks/5/attention/query/kernel,118,6.34140917554759653e-07,9.25798807293176651e-03
3,244,blocks/5/attention/query/kernel,119,6.21292883806745522e-07,9.04636643826961517e-03
3,244,blocks/5/attention/query/kernel,120,6.08496520726475865e-07,8.80760513246059418e-03
3,244,blocks/5/attention/query/kernel,121,6.07180822953523602e-07,8.72642453759908676e-03
3,244,blocks/5/attention/query/kernel,122,5.84194992825359805e-07,8.63772258162498474e-03
3,244,blocks/5/attention/query/kernel,123,5.72637759432836901e-07,8.56534019112586975e-03
3,244,blocks/5/attention/query/kernel,124,5.64678600767365424e-07,8.52728635072708130e-03
3,244,blocks/5/attention/query/kernel,125,5.42135921932640485e-07,8.33142455667257309e-03
3,244,blocks/5/attention/query/kernel,126,5.25960274444514653e-07,8.12254101037979126e-03
3,244,blocks/5/attention/query/kernel,127,5.19521904607245233e-07,8.08316655457019806e-03
3,244,blocks/5/attention/query/kernel,128,5.06251183196582133e-07,8.00552219152450562e-03
3,244,blocks/5/attention/query/kernel,129,5.03757007663807599e-07,7.88479298353195190e-03
3,244,blocks/5/attention/query/kernel,130,4.87889224132231902e-07,7.86940380930900574e-03
3,244,blocks/5/attention/query/kernel,131,4.81120196127449162e-07,7.76509009301662445e-03
3,244,blocks/5/attention/query/kernel,132,4.75070265792965074e-07,7.69480923190712929e-03
3,244,blocks/5/attention/query/kernel,133,4.66055240622154088e-07,7.44813680648803711e-03
3,244,blocks/5/attention/query/kernel,134,4.56666327863786137e-07,7.28520425036549568e-03
3,244,blocks/5/attention/query/kernel,135,4.46131849685116322e-07,7.21267703920602798e-03
3,244,blocks/5/attention/query/kernel,136,4.36827662042560405e-07,7.05080758780241013e-03
3,244,blocks/5/attention/query/kernel,137,4.24131087584100896e-07,6.75872014835476875e-03
3,244,blocks/5/attention/query/kernel,138,4.11015435020090081e-07,6.71514542773365974e-03
3,244,blocks/5/attention/query/kernel,139,4.01776759417771245e-07,6.62753544747829437e-03
3,244,blocks/5/attention/query/kernel,140,3.90028588981294888e-07,6.57441467046737671e-03
3,244,blocks/5/attention/query/kernel,141,3.78575037984774099e-07,6.36074226349592209e-03
3,244,blocks/5/attention/query/kernel,142,3.72735854625716456e-07,6.25836430117487907e-03
3,244,blocks/5/attention/query/kernel,143,3.63829485650057904e-07,6.14131195470690727e-03
3,244,blocks/5/attention/query/kernel,144,3.60026007228952949e-07,5.96041558310389519e-03
3,244,blocks/5/attention/query/kernel,145,3.41746357435113168e-07,5.89969195425510406e-03
3,244,blocks/5/attention/query/kernel,146,3.34749785224630614e-07,5.71176316589117050e-03
3,244,blocks/5/attention/query/kernel,147,3.32003736502883839e-07,5.63820404931902885e-03
3,244,blocks/5/attention/query/kernel,148,3.25595550521029509e-07,5.50480419769883156e-03
3,244,blocks/5/attention/query/kernel,149,3.21393798685676302e-07,5.45050483196973801e-03
3,244,blocks/5/attention/query/kernel,150,3.13627708692365559e-07,5.21581806242465973e-03
3,244,blocks/5/attention/query/kernel,151,3.05541334455483593e-07,5.15853706747293472e-03
3,244,blocks/5/attention/query/kernel,152,2.93772330905994750e-07,5.07385889068245888e-03
3,244,blocks/5/attention/query/kernel,153,2.78932418495969614e-07,4.92337765172123909e-03
3,244,blocks/5/attention/query/kernel,154,2.71416553232484148e-07,4.81984671205282211e-03
3,244,blocks/5/attention/query/kernel,155,2.63314319681740017e-07,4.54495474696159363e-03
3,244,blocks/5/attention/query/kernel,156,2.57450864182828809e-07,4.49911411851644516e-03
3,244,blocks/5/attention/query/kernel,157,2.51041342380631249e-07,4.42015845328569412e-03
3,244,blocks/5/attention/query/kernel,158,2.43705613911515684e-07,4.29411511868238449e-03
3,244,blocks/5/attention/query/kernel,159,2.38229858950944617e-07,4.14628395810723305e-03
3,244,blocks/5/attention/query/kernel,160,2.22464535681865527e-07,4.04670275747776031e-03
3,244,blocks/5/attention/query/kernel,161,2.16007961739705934e-07,3.96320177242159843e-03
3,244,blocks/5/attention/query/kernel,162,2.11574544550785504e-07,3.92689602449536324e-03
3,244,blocks/5/attention/query/kernel,163,2.03838482093487983e-07,3.61234927549958229e-03
3,244,blocks/5/attention/query/kernel,164,1.98650212723805453e-07,3.50963161326944828e-03
3,244,blocks/5/attention/query/kernel,165,1.91515368896943983e-07,3.34229716099798679e-03
3,244,blocks/5/attention/query/kernel,166,1.84256975899188546e-07,3.21650551632046700e-03
3,244,blocks/5/attention/query/kernel,167,1.82379736202165077e-07,3.14105278812348843e-03
3,244,blocks/5/attention/query/kernel,168,1.73465295461028290e-07,2.85691744647920132e-03
3,244,blocks/5/attention/query/kernel,169,1.57248877030724543e-07,2.77264416217803955e-03
3,244,blocks/5/attention/query/kernel,170,1.51077642840391491e-07,2.74296733550727367e-03
3,244,blocks/5/attention/query/kernel,171,1.37992088866667473e-07,2.50794366002082825e-03
3,244,blocks/5/attention/query/kernel,172,1.34473125967815577e-07,2.48205545358359814e-03
3,244,blocks/5/attention/query/kernel,173,1.30719570279325126e-07,2.43067136034369469e-03
3,244,blocks/5/attention/query/kernel,174,1.19235409101747791e-07,2.29865708388388157e-03
3,244,blocks/5/attention/query/kernel,175,1.14467368916848500e-07,2.05749017186462879e-03
3,244,blocks/5/attention/query/kernel,176,1.11649178791140002e-07,1.96484080515801907e-03
3,244,blocks/5/attention/query/kernel,177,9.91713520193115983e-08,1.81010446976870298e-03
3,244,blocks/5/attention/query/kernel,178,8.72632739401524304e-08,1.77475425880402327e-03
3,244,blocks/5/attention/query/kernel,179,8.31391346878262993e-08,1.63917662575840950e-03
3,244,blocks/5/attention/query/kernel,180,8.09187739037042775e-08,1.42829981632530689e-03
3,244,blocks/5/attention/query/kernel,181,7.12576024852751289e-08,1.37775531038641930e-03
3,244,blocks/5/attention/query/kernel,182,6.98399418297412922e-08,1.26926787197589874e-03
3,244,blocks/5/attention/query/kernel,183,5.57188322147794679e-08,1.09633815009146929e-03
3,244,blocks/5/attention/query/kernel,184,5.09226225631209672e-08,1.05937244370579720e-03
3,244,blocks/5/attention/query/kernel,185,4.52382842297538446e-08,8.10670433565974236e-04
3,244,blocks/5/attention/query/kernel,186,3.41785408863870543e-08,7.01050041243433952e-04
3,244,blocks/5/attention/query/kernel,187,2.51315146471142725e-08,6.61969359498471022e-04
3,244,blocks/5/attention/query/kernel,188,2.13820481320681210e-08,6.08038855716586113e-04
3,244,blocks/5/attention/query/kernel,189,1.29761685840890095e-08,4.37485403381288052e-04
3,244,blocks/5/attention/query/kernel,190,8.08405786756338784e-09,3.16780555294826627e-04
3,244,blocks/5/attention/query/kernel,191,2.86669687987739508e-09,2.59809457929804921e-04
3,244,blocks/5/attention/query/kernel,192,1.15560366831246597e-10,4.84264865008299239e-06
3,244,blocks/11/attention/query/kernel,1,2.27620748773915693e-05,2.88403648883104324e-02
3,244,blocks/11/attention/query/kernel,2,9.30496935325209051e-06,2.81863678246736526e-02
3,244,blocks/11/attention/query/kernel,3,7.14607176632853225e-06,2.78781447559595108e-02
3,244,blocks/11/attention/query/kernel,4,5.20584808327839710e-06,2.73382999002933502e-02
3,244,blocks/11/attention/query/kernel,5,4.64972163172205910e-06,2.71726641803979874e-02
3,244,blocks/11/attention/query/kernel,6,4.38810047853621654e-06,2.68462356179952621e-02
3,244,blocks/11/attention/query/kernel,7,3.58766419594758190e-06,2.65023075044155121e-02
3,244,blocks/11/attention/query/kernel,8,3.22095820592949167e-06,2.62715313583612442e-02
3,244,blocks/11/attention/query/kernel,9,2.92349614028353244e-06,2.59277969598770142e-02
3,244,blocks/11/attention/query/kernel,10,2.82669225271092728e-06,2.57933437824249268e-02
3,244,blocks/11/attention/query/kernel,11,2.55308373198204208e-06,2.54836697131395340e-02
3,244,blocks/11/attention/query/kernel,12,2.48712149186758325e-06,2.53722965717315674e-02
3,244,blocks/11/attention/query/kernel,13,2.32240904551872518e-06,2.50281132757663727e-02
3,244,blocks/11/attention/query/kernel,14,2.19734761230938602e-06,2.46976725757122040e-02
3,244,blocks/11/attention/query/kernel,15,1.94479025594773702e-06,2.45497133582830429e-02
3,244,blocks/11/attention/query/kernel,16,1.90822993317851797e-06,2.44241226464509964e-02
3,244,blocks/11/attention/query/kernel,17,1.74484682702313876e-06,2.41732597351074219e-02
3,244,blocks/11/attention/query/kernel,18,1.65647577432537219e-06,2.38064471632242203e-02
3,244,blocks/11/attention/query/kernel,19,1.63415120368881617e-06,2.36942507326602936e-02
3,244,blocks/11/attention/query/kernel,20,1.53807457081711618e-06,2.36440580338239670e-02
3,244,blocks/11/attention/query/kernel,21,1.50179664615279762e-06,2.34336722642183304e-02
3,244,blocks/11/attention/query/kernel,22,1.40189399644441437e-06,2.32951790094375610e-02
3,244,blocks/11/attention/query/kernel,23,1.34722097300254973e-06,2.30695046484470367e-02
3,244,blocks/11/attention/query/kernel,24,1.30106786855321843e-06,2.28183623403310776e-02
3,244,blocks/11/attention/query/kernel,25,1.26909480968606658e-06,2.25996375083923340e-02
3,244,blocks/11/attention/query/kernel,26,1.22761287002504105e-06,2.23662089556455612e-02
3,244,blocks/11/attention/query/kernel,27,1.22016479053854709e-06,2.21269316971302032e-02
3,244,blocks/11/attention/query/kernel,28,1.16586522835859796e-06,2.17199772596359253e-02
3,244,blocks/11/attention/query/kernel,29,1.12314774014521390e-06,2.16377656906843185e-02
3,244,blocks/11/attention/query/kernel,30,1.10681446585658705e-06,2.16329600661993027e-02
3,244,blocks/11/attention/query/kernel,31,1.06162747215421405e-06,2.13190335780382156e-02
3,244,blocks/11/attention/query/kernel,32,1.03731906619941583e-06,2.11764406412839890e-02
3,244,blocks/11/attention/query/kernel,33,9.76229671323380899e-07,2.10352595895528793e-02
3,244,blocks/11/attention/query/kernel,34,9.68676090451481286e-07,2.09437496960163116e-02
3,244,blocks/11/attention/query/kernel,35,9.58266809902852401e-07,2.07956321537494659e-02
3,244,blocks/11/attention/query/kernel,36,9.16160388442222029e-07,2.05782204866409302e-02
3,244,blocks/11/attention/query/kernel,37,8.83537211393559119e-07,2.03352961689233780e-02
3,244,blocks/11/attention/query/kernel,38,8.79786398400028702e-07,2.02969312667846680e-02
3,244,blocks/11/attention/query/kernel,39,8.46359284878417384e-07,2.01546009629964828e-02
3,244,blocks/11/attention/query/kernel,40,8.26688278721121605e-07,1.98707897216081619e-02
3,244,blocks/11/attention/query/kernel,41,8.12312691778060980e-07,1.96866896003484726e-02
3,244,blocks/11/attention/query/kernel,42,8.02508452579786535e-07,1.95394102483987808e-02
3,244,blocks/11/attention/query/kernel,43,7.70188080423395149e-07,1.94555427879095078e-02
3,244,blocks/11/attention/query/kernel,44,7.45659747281024465e-07,1.92464403808116913e-02
3,244,blocks/11/attention/query/kernel,45,7.18569651780853746e-07,1.91333647817373276e-02
3,244,blocks/11/attention/query/kernel,46,7.10720541974296793e-07,1.89816430211067200e-02
3,244,blocks/11/attention/query/kernel,47,6.96356380558427190e-07,1.88928507268428802e-02
3,244,blocks/11/attention/query/kernel,48,6.60635009808174800e-07,1.87634360045194626e-02
3,244,blocks/11/attention/query/kernel,49,6.50353683795401594e-07,1.86213739216327667e-02
3,244,blocks/11/attention/query/kernel,50,6.40387440853373846e-07,1.84748154133558273e-02
3,244,blocks/11/attention/query/kernel,51,6.37564369299070677e-07,1.82990618050098419e-02
3,244,blocks/11/attention/query/kernel,52,6.28453051376709482e-07,1.80813949555158615e-02
3,244,blocks/11/attention/query/kernel,53,6.10227573361044051e-07,1.79636254906654358e-02
3,244,blocks/11/attention/query/kernel,54,6.00478244905389147e-07,1.77607666701078415e-02
3,244,blocks/11/attention/query/kernel,55,5.96672123265307164e-07,1.74759104847908020e-02
3,244,blocks/11/attention/query/kernel,56,5.73854663343809079e-07,1.73862166702747345e-02
3,244,blocks/11/attention/query/kernel,57,5.56401744233880891e-07,1.73047184944152832e-02
3,244,blocks/11/attention/query/kernel,58,5.51300104234542232e-07,1.71657465398311615e-02
3,244,blocks/11/attention/query/kernel,59,5.40091775746986968e-07,1.70592367649078369e-02
3,244,blocks/11/attention/query/kernel,60,5.29937210558273364e-07,1.68475471436977386e-02
3,244,blocks/11/attention/query/kernel,61,5.21852655310794944e-07,1.66710224002599716e-02
3,244,blocks/11/attention/query/kernel,62,5.08325456394231878e-07,1.66455358266830444e-02
3,244,blocks/11/attention/query/kernel,63,4.99858117564144777e-07,1.65574569255113602e-02
3,244,blocks/11/attention/query/kernel,64,4.89244030177360401e-07,1.63359940052032471e-02
3,244,blocks/11/attention/query/kernel,65,4.72683410634999746e-07,1.62464622408151627e-02
3,244,blocks/11/attention/query/kernel,66,4.65754510514670983e-07,1.59640852361917496e-02
3,244,blocks/11/attention/query/kernel,67,4.60374820931974682e-07,1.59358959645032883e-02
3,244,blocks/11/attention/query/kernel,68,4.49994132623032783e-07,1.57838966697454453e-02
3,244,blocks/11/attention/query/kernel,69,4.44158388290816220e-07,1.55418952926993370e-02
3,244,blocks/11/attention/query/kernel,70,4.30217312441527611e-07,1.54174761846661568e-02
3,244,blocks/11/attention/query/kernel,71,4.17693001963925781e-07,1.53861669823527336e-02
3,244,blocks/11/attention/query/kernel,72,4.11100330666158698e-07,1.52190690860152245e-02
3,244,blocks/11/attention/query/kernel,73,4.06215065140713705e-07,1.48688880726695061e-02
3,244,blocks/11/attention/query/kernel,74,3.98834231418732088e-07,1.48418759927153587e-02
3,244,blocks/11/attention/query/kernel,75,3.93221171179902740e-07,1.47081017494201660e-02
3,244,blocks/11/attention/query/kernel,76,3.88367112691412331e-07,1.45533801987767220e-02
3,244,blocks/11/attention/query/kernel,77,3.80987160042423056e-07,1.44167281687259674e-02
3,244,blocks/11/attention/query/kernel,78,3.77049047983746277e-07,1.43207944929599762e-02
3,244,blocks/11/attention/query/kernel,79,3.70004755723130074e-07,1.41263101249933243e-02
3,244,blocks/11/attention/query/kernel,80,3.60549989864011877e-07,1.40256676822900772e-02
3,244,blocks/11/attention/query/kernel,81,3.57157972530330881e-07,1.37501973658800125e-02
3,244,blocks/11/attention/query/kernel,82,3.55461480694430065e-07,1.37030361220240593e-02
3,244,blocks/11/attention/query/kernel,83,3.47337902439903701e-07,1.35626504197716713e-02
3,244,blocks/11/attention/query/kernel,84,3.41625423061486799e-07,1.35074006393551826e-02
3,244,blocks/11/attention/query/kernel,85,3.39133976012817584e-07,1.32783595472574234e-02
3,244,blocks/11/attention/query/kernel,86,3.32698050442559179e-07,1.30771286785602570e-02
3,244,blocks/11/attention/query/kernel,87,3.19768389545060927e-07,1.29952458664774895e-02
3,244,blocks/11/attention/query/kernel,88,3.15896613756194711e-07,1.29057541489601135e-02
3,244,blocks/11/attention/query/kernel,89,3.05280195789237041e-07,1.26359183341264725e-02
3,244,blocks/11/attention/query/kernel,90,2.96346030381755554e-07,1.25083345919847488e-02
3,244,blocks/11/attention/query/kernel,91,2.94544179268996231e-07,1.23128434643149376e-02
3,244,blocks/11/attention/query/kernel,92,2.85763348983891774e-07,1.22120101004838943e-02
3,244,blocks/11/attention/query/kernel,93,2.81516349787125364e-07,1.21842492371797562e-02
3,244,blocks/11/attention/query/kernel,94,2.77260369330178946e-07,1.20374578982591629e-02
3,244,blocks/11/attention/query/kernel,95,2.68717599283263553e-07,1.18198590353131294e-02
3,244,blocks/11/attention/query/kernel,96,2.65909164909317042e-07,1.17673939093947411e-02
3,244,blocks/11/attention/query/kernel,97,2.58356038784768316e-07,1.16330590099096298e-02
3,244,blocks/11/attention/query/kernel,98,2.53677910677652108e-07,1.14796133711934090e-02
3,244,blocks/11/attention/query/kernel,99,2.50012789138054359e-07,1.12536437809467316e-02
3,244,blocks/11/attention/query/kernel,100,2.47429937871856964e-07,1.11870393157005310e-02
3,244,blocks/11/attention/query/kernel,101,2.46880972554208711e-07,1.10602034255862236e-02
3,244,blocks/11/attention/query/kernel,102,2.41157749769627117e-07,1.08919674530625343e-02
3,244,blocks/11/attention/query/kernel,103,2.39599472706686356e-07,1.08061209321022034e-02
3,244,blocks/11/attention/query/kernel,104,2.32914999287459068e-07,1.07136582955718040e-02
3,244,blocks/11/attention/query/kernel,105,2.31694770036483533e-07,1.05848209932446480e-02
3,244,blocks/11/attention/query/kernel,106,2.25473016257637937e-07,1.04636652395129204e-02
3,244,blocks/11/attention/query/kernel,107,2.24286509364901576e-07,1.03969853371381760e-02
3,244,blocks/11/attention/query/kernel,108,2.24057629338858533e-07,1.02924443781375885e-02
3,244,blocks/11/attention/query/kernel,109,2.16525620544416597e-07,1.00316843017935753e-02
3,244,blocks/11/attention/query/kernel,110,2.09541312301553262e-07,9.90627612918615341e-03
3,244,blocks/11/attention/query/kernel,111,2.07419404318898160e-07,9.76041425019502640e-03
3,244,blocks/11/attention/query/kernel,112,2.04005687010067049e-07,9.69215948134660721e-03
3,244,blocks/11/attention/query/kernel,113,1.98343869328709843e-07,9.62137430906295776e-03
3,244,blocks/11/attention/query/kernel,114,1.95556296489485248e-07,9.43750143051147461e-03
3,244,blocks/11/attention/query/kernel,115,1.91842573826761509e-07,9.43177472800016403e-03
3,244,blocks/11/attention/query/kernel,116,1.86389144118948025e-07,9.25612170249223709e-03
3,244,blocks/11/attention/query/kernel,117,1.83136734221989173e-07,9.05878189951181412e-03
3,244,blocks/11/attention/query/kernel,118,1.80989900400163606e-07,8.99357534945011139e-03
3,244,blocks/11/attention/query/kernel,119,1.79160977609171823e-07,8.92879720777273178e-03
3,244,blocks/11/attention/query/kernel,120,1.71503415913321078e-07,8.75991955399513245e-03
3,244,blocks/11/attention/query/kernel,121,1.70271192700965912e-07,8.63935425877571106e-03
3,244,blocks/11/attention/query/kernel,122,1.63978469913672598e-07,8.47192853689193726e-03
3,244,blocks/11/attention/query/kernel,123,1.62549298465819447e-07,8.39094351977109909e-03
3,244,blocks/11/attention/query/kernel,124,1.58180853304656921e-07,8.20743385702371597e-03
3,244,blocks/11/attention/query/kernel,125,1.54669223206838069e-07,8.00822488963603973e-03
3,244,blocks/11/attention/query/kernel,126,1.50206403759511886e-07,7.92475696653127670e-03
3,244,blocks/11/attention/query/kernel,127,1.45798466633095813e-07,7.73263070732355118e-03
3,244,blocks/11/attention/query/kernel,128,1.42362608812618419e-07,7.63474404811859131e-03
3,244,blocks/11/attention/query/kernel,129,1.39771756835216365e-07,7.55803240463137627e-03
3,244,blocks/11/attention/query/kernel,130,1.37053305593326513e-07,7.43597140535712242e-03
3,244,blocks/11/attention/query/kernel,131,1.33269892899079423e-07,7.36002949997782707e-03
3,244,blocks/11/attention/query/kernel,132,1.31570260464286548e-07,7.33160926029086113e-03
3,244,blocks/11/attention/query/kernel,133,1.29011723970506864e-07,7.08740623667836189e-03
3,244,blocks/11/attention/query/kernel,134,1.25326607758324826e-07,6.94774044677615166e-03
3,244,blocks/11/attention/query/kernel,135,1.21187227364316641e-07,6.85548828914761543e-03
3,244,blocks/11/attention/query/kernel,136,1.18681178662427556e-07,6.76787178963422775e-03
3,244,blocks/11/attention/query/kernel,137,1.18064150456120842e-07,6.75021996721625328e-03
3,244,blocks/11/attention/query/kernel,138,1.15670765410413878e-07,6.58690650016069412e-03
3,244,blocks/11/attention/query/kernel,139,1.10823783927571640e-07,6.43524341285228729e-03
3,244,blocks/11/attention/query/kernel,140,1.09387478630651458e-07,6.34435005486011505e-03
3,244,blocks/11/attention/query/kernel,141,1.07719323239052756e-07,6.26737950369715691e-03
3,244,blocks/11/attention/query/kernel,142,1.05681586148875795e-07,6.17145607247948647e-03
3,244,blocks/11/attention/query/kernel,143,1.02923799261134263e-07,6.03304570540785789e-03
3,244,blocks/11/attention/query/kernel,144,1.02547936364771886e-07,5.80998416990041733e-03
3,244,blocks/11/attention/query/kernel,145,9.72605604943055368e-08,5.79362316057085991e-03
3,244,blocks/11/attention/query/kernel,146,9.55347516651272599e-08,5.69464685395359993e-03
3,244,blocks/11/attention/query/kernel,147,9.16713744913977280e-08,5.47511689364910126e-03
3,244,blocks/11/attention/query/kernel,148,8.86874005345816840e-08,5.45133836567401886e-03
3,244,blocks/11/attention/query/kernel,149,8.63219185021080193e-08,5.16493245959281921e-03
3,244,blocks/11/attention/query/kernel,150,8.56671533711050870e-08,5.09441783651709557e-03
3,244,blocks/11/attention/query/kernel,151,8.28709474376410071e-08,4.94538201019167900e-03
3,244,blocks/11/attention/query/kernel,152,8.20260552814033872e-08,4.88087395206093788e-03
3,244,blocks/11/attention/query/kernel,153,7.86462308610680338e-08,4.73483186215162277e-03
3,244,blocks/11/attention/query/kernel,154,7.62277139187972352e-08,4.67939674854278564e-03
3,244,blocks/11/attention/query/kernel,155,7.26879818557790713e-08,4.57386253401637077e-03
3,244,blocks/11/attention/query/kernel,156,7.03021783010626677e-08,4.36764815822243690e-03
3,244,blocks/11/attention/query/kernel,157,6.96642814546066802e-08,4.12438670173287392e-03
3,244,blocks/11/attention/query/kernel,158,6.72294007131313265e-08,4.10604616627097130e-03
3,244,blocks/11/attention/query/kernel,159,6.64487487256337772e-08,4.04777983203530312e-03
3,244,blocks/11/attention/query/kernel,160,6.50205294050465454e-08,3.97166050970554352e-03
3,244,blocks/11/attention/query/kernel,161,6.10857853189372690e-08,3.84005950763821602e-03
3,244,blocks/11/attention/query/kernel,162,6.00462257693834545e-08,3.74145526438951492e-03
3,244,blocks/11/attention/query/kernel,163,5.88607775853233761e-08,3.66241694428026676e-03
3,244,blocks/11/attention/query/kernel,164,5.68709452863913612e-08,3.56410956010222435e-03
3,244,blocks/11/attention/query/kernel,165,5.47685985452517343e-08,3.44115518964827061e-03
3,244,blocks/11/attention/query/kernel,166,5.11093567467924004e-08,3.36672854609787464e-03
3,244,blocks/11/attention/query/kernel,167,5.10163644662497973e-08,3.15846269950270653e-03
3,244,blocks/11/attention/query/kernel,168,4.73544758960997569e-08,3.07499710470438004e-03
3,244,blocks/11/attention/query/kernel,169,4.60584601569280494e-08,2.84932157956063747e-03
3,244,blocks/11/attention/query/kernel,170,4.45546994853884826e-08,2.73942342028021812e-03
3,244,blocks/11/attention/query/kernel,171,4.24978416901922174e-08,2.59744282811880112e-03
3,244,blocks/11/attention/query/kernel,172,3.67790988775595906e-08,2.51388363540172577e-03
3,244,blocks/11/attention/query/kernel,173,3.44256854134528112e-08,2.42052809335291386e-03
3,244,blocks/11/attention/query/kernel,174,3.43744979147686536e-08,2.28024763055145741e-03
3,244,blocks/11/attention/query/kernel,175,3.28235785218566889e-08,2.15333746746182442e-03
3,244,blocks/11/attention/query/kernel,176,3.19526058945029945e-08,1.98482931591570377e-03
3,244,blocks/11/attention/query/kernel,177,2.91096338145280242e-08,1.93019071593880653e-03
3,244,blocks/11/attention/query/kernel,178,2.43812046107905189e-08,1.75771047361195087e-03
3,244,blocks/11/attention/query/kernel,179,2.33423360640472310e-08,1.61421217489987612e-03
3,244,blocks/11/attention/query/kernel,180,2.07947064012614646e-08,1.58415315672755241e-03
3,244,blocks/11/attention/query/kernel,181,2.00970617925122497e-08,1.38022599276155233e-03
3,244,blocks/11/attention/query/kernel,182,1.87728357303740268e-08,1.28096912521868944e-03
3,244,blocks/11/attention/query/kernel,183,1.61519579933155910e-08,1.22800352983176708e-03
3,244,blocks/11/attention/query/kernel,184,1.32591146950744587e-08,1.05737650301307440e-03
3,244,blocks/11/attention/query/kernel,185,1.29543087368233500e-08,9.46249638218432665e-04
3,244,blocks/11/attention/query/kernel,186,1.11599938179551827e-08,7.88103498052805662e-04
3,244,blocks/11/attention/query/kernel,187,8.65398774863024300e-09,7.52338091842830181e-04
3,244,blocks/11/attention/query/kernel,188,5.79394754396389544e-09,6.00363186094909906e-04
3,244,blocks/11/attention/query/kernel,189,3.60875462845910988e-09,4.05701546696946025e-04
3,244,blocks/11/attention/query/kernel,190,3.31498117844830631e-09,3.02924046991392970e-04
3,244,blocks/11/attention/query/kernel,191,1.39835243384567320e-09,1.98991750949062407e-04
3,244,blocks/11/attention/query/kernel,192,1.47490786944759478e-11,2.01788225240306929e-05
3,480,blocks/0/attention/query/kernel,1,1.82715466507943347e-05,2.92491596192121506e-02
3,480,blocks/0/attention/query/kernel,2,1.02872572824708186e-05,2.84124277532100677e-02
3,480,blocks/0/attention/query/kernel,3,8.19365504867164418e-06,2.81047802418470383e-02
3,480,blocks/0/attention/query/kernel,4,7.02224269844009541e-06,2.78163682669401169e-02
3,480,blocks/0/attention/query/kernel,5,6.65292236590175889e-06,2.73155160248279572e-02
3,480,blocks/0/attention/query/kernel,6,5.94587390878587030e-06,2.70270667970180511e-02
3,480,blocks/0/attention/query/kernel,7,5.83973587708896957e-06,2.65840906649827957e-02
3,480,blocks/0/attention/query/kernel,8,5.46669025425217114e-06,2.64113582670688629e-02
3,480,blocks/0/attention/query/kernel,9,4.97616292705060914e-06,2.62816268950700760e-02
3,480,blocks/0/attention/query/kernel,10,4.44017996414913796e-06,2.59503554552793503e-02
3,480,blocks/0/attention/query/kernel,11,4.22411130784894340e-06,2.56352238357067108e-02
3,480,blocks/0/attention/query/kernel,12,3.78135177925287280e-06,2.56044715642929077e-02
3,480,blocks/0/attention/query/kernel,13,3.72437307305517606e-06,2.53074616193771362e-02
3,480,blocks/0/attention/query/kernel,14,3.33332536683883518e-06,2.50118877738714218e-02
3,480,blocks/0/attention/query/kernel,15,3.13341865876282100e-06,2.48891487717628479e-02
3,480,blocks/0/attention/query/kernel,16,3.04337891066097654e-06,2.47487369924783707e-02
3,480,blocks/0/attention/query/kernel,17,2.83719305116392206e-06,2.43981387466192245e-02
3,480,blocks/0/attention/query/kernel,18,2.53445364251092542e-06,2.40808781236410141e-02
3,480,blocks/0/attention/query/kernel,19,2.42225382862670813e-06,2.37598642706871033e-02
3,480,blocks/0/attention/query/kernel,20,2.15206455322913826e-06,2.36440300941467285e-02
3,480,blocks/0/attention/query/kernel,21,2.00903400582319591e-06,2.35413219779729843e-02
3,480,blocks/0/attention/query/kernel,22,1.83832014499785146e-06,2.32601668685674667e-02
3,480,blocks/0/attention/query/kernel,23,1.79645940079353750e-06,2.29539591819047928e-02
3,480,blocks/0/attention/query/kernel,24,1.66776112564548384e-06,2.28457115590572357e-02
3,480,blocks/0/attention/query/kernel,25,1.62523747349041514e-06,2.25855093449354172e-02
3,480,blocks/0/attention/query/kernel,26,1.51683389049139805e-06,2.23377067595720291e-02
3,480,blocks/0/attention/query/kernel,27,1.38298514684720431e-06,2.20036376267671585e-02
3,480,blocks/0/attention/query/kernel,28,1.33364687826542649e-06,2.18003317713737488e-02
3,480,blocks/0/attention/query/kernel,29,1.28278043121099472e-06,2.16437950730323792e-02
3,480,blocks/0/attention/query/kernel,30,1.16575552056019660e-06,2.14556735008955002e-02
3,480,blocks/0/attention/query/kernel,31,1.03165109521796694e-06,2.12031733244657516e-02
3,480,blocks/0/attention/query/kernel,32,9.95967297967581544e-07,2.10763420909643173e-02
3,480,blocks/0/attention/query/kernel,33,9.81193466031982098e-07,2.08629034459590912e-02
3,480,blocks/0/attention/query/kernel,34,8.50876233471353771e-07,2.08321958780288696e-02
3,480,blocks/0/attention/query/kernel,35,8.32300202091573738e-07,2.06736251711845398e-02
3,480,blocks/0/attention/query/kernel,36,7.27824044588487595e-07,2.05395389348268509e-02
3,480,blocks/0/attention/query/kernel,37,7.05991340055334149e-07,2.02863253653049469e-02
3,480,blocks/0/attention/query/kernel,38,6.79414029036706779e-07,2.02112309634685516e-02
3,480,blocks/0/attention/query/kernel,39,6.64738195155223366e-07,1.99992842972278595e-02
3,480,blocks/0/attention/query/kernel,40,5.93639754242758499e-07,1.98952555656433105e-02
3,480,blocks/0/attention/query/kernel,41,5.68365408071258571e-07,1.97209231555461884e-02
3,480,blocks/0/attention/query/kernel,42,5.28254815890250029e-07,1.94813013076782227e-02
3,480,blocks/0/attention/query/kernel,43,5.01289775911573088e-07,1.93843711167573929e-02
3,480,blocks/0/attention/query/kernel,44,4.59415900877502281e-07,1.93251501768827438e-02
3,480,blocks/0/attention/query/kernel,45,4.41239848214536323e-07,1.90842952579259872e-02
3,480,blocks/0/attention/query/kernel,46,4.29398284040871658e-07,1.89084429293870926e-02
3,480,blocks/0/attention/query/kernel,47,3.90400629157738877e-07,1.87716111540794373e-02
3,480,blocks/0/attention/query/kernel,48,3.74218046772512025e-07,1.86265334486961365e-02
3,480,blocks/0/attention/query/kernel,49,3.39428453344226000e-07,1.84285584837198257e-02
3,480,blocks/0/attention/query/kernel,50,3.32885718989928137e-07,1.82807203382253647e-02
3,480,blocks/0/attention/query/kernel,51,3.27946224842889933e-07,1.82279422879219055e-02
3,480,blocks/0/attention/query/kernel,52,3.09509800899832044e-07,1.80485304445028305e-02
3,480,blocks/0/attention/query/kernel,53,2.72310131776976050e-07,1.79243925958871841e-02
3,480,blocks/0/attention/query/kernel,54,2.63165503611162421e-07,1.78507734090089798e-02
3,480,blocks/0/attention/query/kernel,55,2.46005043891273090e-07,1.76267251372337341e-02
3,480,blocks/0/attention/query/kernel,56,2.20090768721092900e-07,1.74677763134241104e-02
3,480,blocks/0/attention/query/kernel,57,2.17123599099977582e-07,1.72777492552995682e-02
3,480,blocks/0/attention/query/kernel,58,2.09945781648457341e-07,1.71688459813594818e-02
3,480,blocks/0/attention/query/kernel,59,1.96027002630216884e-07,1.69941186904907227e-02
3,480,blocks/0/attention/query/kernel,60,1.87359404435483157e-07,1.68132502585649490e-02
3,480,blocks/0/attention/query/kernel,61,1.74229995764108025e-07,1.67699623852968216e-02
3,480,blocks/0/attention/query/kernel,62,1.67278273011106648e-07,1.67393740266561508e-02
3,480,blocks/0/attention/query/kernel,63,1.52270104081253521e-07,1.65697261691093445e-02
3,480,blocks/0/attention/query/kernel,64,1.49430434248642996e-07,1.64954233914613724e-02
3,480,blocks/0/attention/query/kernel,65,1.28788073538999015e-07,1.62676963955163956e-02
3,480,blocks/0/attention/query/kernel,66,1.25339354895004362e-07,1.60456281155347824e-02
3,480,blocks/0/attention/query/kernel,67,1.18969410323188640e-07,1.58857591450214386e-02
3,480,blocks/0/attention/query/kernel,68,1.10094497074442188e-07,1.57607495784759521e-02
3,480,blocks/0/attention/query/kernel,69,1.01852371869881608e-07,1.55206210911273956e-02
3,480,blocks/0/attention/query/kernel,70,9.58721386723482283e-08,1.54071114957332611e-02
3,480,blocks/0/attention/query/kernel,71,8.44004830469202716e-08,1.53183834627270699e-02
3,480,blocks/0/attention/query/kernel,72,7.97792836237931624e-08,1.51530755683779716e-02
3,480,blocks/0/attention/query/kernel,73,7.62968497269866930e-08,1.50262275710701942e-02
3,480,blocks/0/attention/query/kernel,74,6.94542734436254250e-08,1.48560721427202225e-02
3,480,blocks/0/attention/query/kernel,75,6.56516263575213088e-08,1.46658625453710556e-02
3,480,blocks/0/attention/query/kernel,76,6.23082314632483758e-08,1.45853022113442421e-02
3,480,blocks/0/attention/query/kernel,77,5.61193047587948968e-08,1.45177254453301430e-02
3,480,blocks/0/attention/query/kernel,78,5.53015730986317067e-08,1.43429134041070938e-02
3,480,blocks/0/attention/query/kernel,79,5.10869639924749208e-08,1.42100444063544273e-02
3,480,blocks/0/attention/query/kernel,80,4.75590162807293382e-08,1.40406312420964241e-02
3,480,blocks/0/attention/query/kernel,81,4.55493882611790468e-08,1.40109146013855934e-02
3,480,blocks/0/attention/query/kernel,82,3.97398309814889217e-08,1.39212086796760559e-02
3,480,blocks/0/attention/query/kernel,83,3.77920521543728682e-08,1.37648694217205048e-02
3,480,blocks/0/attention/query/kernel,84,3.63674814707337646e-08,1.35085042566061020e-02
3,480,blocks/0/attention/query/kernel,85,3.61231471401879389e-08,1.33495051413774490e-02
3,480,blocks/0/attention/query/kernel,86,3.28410827421521390e-08,1.32388174533843994e-02
3,480,blocks/0/attention/query/kernel,87,3.01625817655803985e-08,1.29790473729372025e-02
3,480,blocks/0/attention/query/kernel,88,2.88369044199043856e-08,1.28450542688369751e-02
3,480,blocks/0/attention/query/kernel,89,2.84039831655036323e-08,1.27880414947867393e-02
3,480,blocks/0/attention/query/kernel,90,2.54879015670894660e-08,1.27346748486161232e-02
3,480,blocks/0/attention/query/kernel,91,2.52114471521736050e-08,1.26100266352295876e-02
3,480,blocks/0/attention/query/kernel,92,2.36164723332876747e-08,1.24898077920079231e-02
3,480,blocks/0/attention/query/kernel,93,2.16895479354661802e-08,1.23878894373774529e-02
3,480,blocks/0/attention/query/kernel,94,1.93602325282427046e-08,1.23596377670764923e-02
3,480,blocks/0/attention/query/kernel,95,1.89519031579266084e-08,1.21926506981253624e-02
3,480,blocks/0/attention/query/kernel,96,1.78128161110180372e-08,1.19117023423314095e-02
3,480,blocks/0/attention/query/kernel,97,1.71974594564971994e-08,1.17801167070865631e-02
3,480,blocks/0/attention/query/kernel,98,1.67878404511156987e-08,1.16810966283082962e-02
3,480,blocks/0/attention/query/kernel,99,1.62419748761521987e-08,1.15315569564700127e-02
3,480,blocks/0/attention/query/kernel,100,1.45373144633254014e-08,1.14495363086462021e-02
3,480,blocks/0/attention/query/kernel,101,1.38606646160610580e-08,1.12717645242810249e-02
3,480,blocks/0/attention/query/kernel,102,1.33559527881743634e-08,1.12497927621006966e-02
3,480,blocks/0/attention/query/kernel,103,1.27696484497619167e-08,1.09932357445359230e-02
3,480,blocks/0/attention/query/kernel,104,1.23371295401852876e-08,1.09095275402069092e-02
3,480,blocks/0/attention/query/kernel,105,1.16513083625591207e-08,1.08276316896080971e-02
3,480,blocks/0/attention/query/kernel,106,1.12155191800411558e-08,1.06264390051364899e-02
3,480,blocks/0/attention/query/kernel,107,1.08467048676175182e-08,1.04085626080632210e-02
3,480,blocks/0/attention/query/kernel,108,1.03643644777662303e-08,1.03680780157446861e-02
3,480,blocks/0/attention/query/kernel,109,1.00253396695393349e-08,1.02006662636995316e-02
3,480,blocks/0/attention/query/kernel,110,9.11993680574596510e-09,1.01023232564330101e-02
3,480,blocks/0/attention/query/kernel,111,8.47867021036563528e-09,9.90320835262537003e-03
3,480,blocks/0/attention/query/kernel,112,8.28720914114455809e-09,9.82427224516868591e-03
3,480,blocks/0/attention/query/kernel,113,7.96374788336606798e-09,9.74798016250133514e-03
3,480,blocks/0/attention/query/kernel,114,7.62864615921898803e-09,9.70071367919445038e-03
3,480,blocks/0/attention/query/kernel,115,7.56750306862841171e-09,9.63078625500202179e-03
3,480,blocks/0/attention/query/kernel,116,6.75112588055526430e-09,9.46866348385810852e-03
3,480,blocks/0/attention/query/kernel,117,6.46679820803797156e-09,9.12776030600070953e-03
3,480,blocks/0/attention/query/kernel,118,6.22116003157202613e-09,8.94462876021862030e-03
3,480,blocks/0/attention/query/kernel,119,6.03907945873061180e-09,8.86405631899833679e-03
3,480,blocks/0/attention/query/kernel,120,5.72300073997666914e-09,8.72427597641944885e-03
3,480,blocks/0/attention/query/kernel,121,5.62465674036616292e-09,8.56743752956390381e-03
3,480,blocks/0/attention/query/kernel,122,5.34942312668817976e-09,8.46960861235857010e-03
3,480,blocks/0/attention/query/kernel,123,4.91852647499513296e-09,8.38315207511186600e-03
3,480,blocks/0/attention/query/kernel,124,4.45767556200848958e-09,8.31080507487058640e-03
3,480,blocks/0/attention/query/kernel,125,4.09220923813791160e-09,8.06767493486404419e-03
3,480,blocks/0/attention/query/kernel,126,3.91658483422929748e-09,7.92971346527338028e-03
3,480,blocks/0/attention/query/kernel,127,3.87436438487043233e-09,7.90063571184873581e-03
3,480,blocks/0/attention/query/kernel,128,3.54704843275044368e-09,7.71578215062618256e-03
3,480,blocks/0/attention/query/kernel,129,3.46798079142729421e-09,7.62205477803945541e-03
3,480,blocks/0/attention/query/kernel,130,3.20240656215275976e-09,7.39759579300880432e-03
3,480,blocks/0/attention/query/kernel,131,3.13517500849513908e-09,7.36293522641062737e-03
3,480,blocks/0/attention/query/kernel,132,2.86914270120064430e-09,7.30383861809968948e-03
3,480,blocks/0/attention/query/kernel,133,2.61825872094334500e-09,7.13999243453145027e-03
3,480,blocks/0/attention/query/kernel,134,2.59359600462971684e-09,6.98584131896495819e-03
3,480,blocks/0/attention/query/kernel,135,2.45122877551295915e-09,6.85184262692928314e-03
3,480,blocks/0/attention/query/kernel,136,2.12723483272725389e-09,6.71529211103916168e-03
3,480,blocks/0/attention/query/kernel,137,2.09249284566226379e-09,6.56064692884683609e-03
3,480,blocks/0/attention/query/kernel,138,1.99807903555893063e-09,6.53773499652743340e-03
3,480,blocks/0/attention/query/kernel,139,1.93859062136425564e-09,6.44079456105828285e-03
3,480,blocks/0/attention/query/kernel,140,1.86437643101555750e-09,6.17325771600008011e-03
3,480,blocks/0/attention/query/kernel,141,1.64357827348027286e-09,6.07749260962009430e-03
3,480,blocks/0/attention/query/kernel,142,1.49964618501030600e-09,5.97086502239108086e-03
3,480,blocks/0/attention/query/kernel,143,1.42170586414636091e-09,5.92842185869812965e-03
3,480,blocks/0/attention/query/kernel,144,1.25726384858637630e-09,5.71287516504526138e-03
3,480,blocks/0/attention/query/kernel,145,1.22525323220656901e-09,5.65211195498704910e-03
3,480,blocks/0/attention/query/kernel,146,1.12451803424562513e-09,5.43584069237112999e-03
3,480,blocks/0/attention/query/kernel,147,1.07793340919926095e-09,5.39811188355088234e-03
3,480,blocks/0/attention/query/kernel,148,9.79647252208337704e-10,5.29613438993692398e-03
3,480,blocks/0/attention/query/kernel,149,9.59916368614699422e-10,5.22164627909660339e-03
3,480,blocks/0/attention/query/kernel,150,9.31097587919538228e-10,5.03416452556848526e-03
3,480,blocks/0/attention/query/kernel,151,8.84728623695707483e-10,4.93518682196736336e-03
3,480,blocks/0/attention/query/kernel,152,8.43526359872726061e-10,4.79897949844598770e-03
3,480,blocks/0/attention/query/kernel,153,7.47734374417774461e-10,4.61627822369337082e-03
3,480,blocks/0/attention/query/kernel,154,5.84349679755291618e-10,4.52711898833513260e-03
3,480,blocks/0/attention/query/kernel,155,5.54771006910925735e-10,4.39035054296255112e-03
3,480,blocks/0/attention/query/kernel,156,5.38076749823090950e-10,4.32361615821719170e-03
3,480,blocks/0/attention/query/kernel,157,4.80891493293000849e-10,4.21572942286729813e-03
3,480,blocks/0/attention/query/kernel,158,4.38675651359687890e-10,4.02500387281179428e-03
3,480,blocks/0/attention/query/kernel,159,3.88241383486587210e-10,3.90991428866982460e-03
3,480,blocks/0/attention/query/kernel,160,3.48988338227940176e-10,3.76235111616551876e-03
3,480,blocks/0/attention/query/kernel,161,3.25561938518958982e-10,3.72402090579271317e-03
3,480,blocks/0/attention/query/kernel,162,2.97538466087488018e-10,3.57184652239084244e-03
3,480,blocks/0/attention/query/kernel,163,2.71412170516072138e-10,3.48508963361382484e-03
3,480,blocks/0/attention/query/kernel,164,2.39844200056182899e-10,3.43336211517453194e-03
3,480,blocks/0/attention/query/kernel,165,1.99487551477695035e-10,3.23417712934315205e-03
3,480,blocks/0/attention/query/kernel,166,1.93599289377566208e-10,3.14105185680091381e-03
3,480,blocks/0/attention/query/kernel,167,1.70218270034716568e-10,2.98598245717585087e-03
3,480,blocks/0/attention/query/kernel,168,1.38029240814852017e-10,2.94157420285046101e-03
3,480,blocks/0/attention/query/kernel,169,1.24089294395446359e-10,2.80887400731444359e-03
3,480,blocks/0/attention/query/kernel,170,9.60010820838519408e-11,2.73959711194038391e-03
3,480,blocks/0/attention/query/kernel,171,9.36833666198566561e-11,2.60869553312659264e-03
3,480,blocks/0/attention/query/kernel,172,5.85285708787353087e-11,2.56996159441769123e-03
3,480,blocks/0/attention/query/kernel,173,5.47097991909772929e-11,2.40701599977910519e-03
3,480,blocks/0/attention/query/kernel,174,4.11830673729962626e-11,2.23957537673413754e-03
3,480,blocks/0/attention/query/kernel,175,3.34099518883856916e-11,2.12921691127121449e-03
3,480,blocks/0/attention/query/kernel,176,3.09073912296842224e-11,2.05910555087029934e-03
3,480,blocks/0/attention/query/kernel,177,1.96722291234685542e-11,1.90775934606790543e-03
3,480,blocks/0/attention/query/kernel,178,1.48650328157806655e-11,1.87736272346228361e-03
3,480,blocks/0/attention/query/kernel,179,1.32086286352972593e-11,1.70220038853585720e-03
3,480,blocks/0/attention/query/kernel,180,1.22304015873209160e-11,1.50467013008892536e-03
3,480,blocks/0/attention/query/kernel,181,1.06413836076235668e-11,1.40470580663532019e-03
3,480,blocks/0/attention/query/kernel,182,7.23254659287797530e-12,1.37018749956041574e-03
3,480,blocks/0/attention/query/kernel,183,6.46918109359351234e-12,1.20682665146887302e-03
3,480,blocks/0/attention/query/kernel,184,5.10136637793534575e-12,9.77352610789239407e-04
3,480,blocks/0/attention/query/kernel,185,4.91250876782922674e-12,7.87133700214326382e-04
3,480,blocks/0/attention/query/kernel,186,4.20357759017830901e-12,7.52133491914719343e-04
3,480,blocks/0/attention/query/kernel,187,2.87675373973617088e-12,6.45312189590185881e-04
3,480,blocks/0/attention/query/kernel,188,2.79816187581660714e-12,5.58844534680247307e-04
3,480,blocks/0/attention/query/kernel,189,2.01724704648742481e-12,3.79641365725547075e-04
3,480,blocks/0/attention/query/kernel,190,1.59599124281012417e-12,2.95231817290186882e-04
3,480,blocks/0/attention/query/kernel,191,6.00797460826446583e-13,2.01848160941153765e-04
3,480,blocks/0/attention/query/kernel,192,1.75197584304648268e-13,2.66048045887146145e-05
3,480,blocks/5/attention/query/kernel,1,1.22742249004659243e-05,2.88026407361030579e-02
3,480,blocks/5/attention/query/kernel,2,1.02080412034410983e-05,2.86229941993951797e-02
3,480,blocks/5/attention/query/kernel,3,8.25995448394678533e-06,2.82270517200231552e-02
3,480,blocks/5/attention/query/kernel,4,7.65300319471862167e-06,2.74148825556039810e-02
3,480,blocks/5/attention/query/kernel,5,6.59971328786923550e-06,2.72686239331960678e-02
3,480,blocks/5/attention/query/kernel,6,6.42578925180714577e-06,2.66183465719223022e-02
3,480,blocks/5/attention/query/kernel,7,5.75337753616622649e-06,2.63454820960760117e-02
3,480,blocks/5/attention/query/kernel,8,5.34687296749325469e-06,2.62538511306047440e-02
3,480,blocks/5/attention/query/kernel,9,5.08838411406031810e-06,2.60701254010200500e-02
3,480,blocks/5/attention/query/kernel,10,4.62982961835223250e-06,2.59249713271856308e-02
3,480,blocks/5/attention/query/kernel,11,4.54485416412353516e-06,2.57459655404090881e-02
3,480,blocks/5/attention/query/kernel,12,4.33954846812412143e-06,2.55080163478851318e-02
3,480,blocks/5/attention/query/kernel,13,3.97239045923925005e-06,2.51141786575317383e-02
3,480,blocks/5/attention/query/kernel,14,3.73258080799132586e-06,2.48571895062923431e-02
3,480,blocks/5/attention/query/kernel,15,3.57300928044423927e-06,2.45502814650535583e-02
3,480,blocks/5/attention/query/kernel,16,3.44140607921872288e-06,2.44777649641036987e-02
3,480,blocks/5/attention/query/kernel,17,3.38289373758016154e-06,2.43762787431478500e-02
3,480,blocks/5/attention/query/kernel,18,3.31230580741248559e-06,2.39034909754991531e-02
3,480,blocks/5/attention/query/kernel,19,3.05739308714692015e-06,2.36468575894832611e-02
3,480,blocks/5/attention/query/kernel,20,2.96169105240551289e-06,2.35530398786067963e-02
3,480,blocks/5/attention/query/kernel,21,2.81971460935892537e-06,2.33544632792472839e-02
3,480,blocks/5/attention/query/kernel,22,2.77580511465203017e-06,2.32314635068178177e-02
3,480,blocks/5/attention/query/kernel,23,2.64444429376453627e-06,2.29893270879983902e-02
3,480,blocks/5/attention/query/kernel,24,2.57226702160551213e-06,2.29694992303848267e-02
3,480,blocks/5/attention/query/kernel,25,2.48996980189986061e-06,2.26470064371824265e-02
3,480,blocks/5/attention/query/kernel,26,2.33587070397334173e-06,2.24342551082372665e-02
3,480,blocks/5/attention/query/kernel,27,2.31286458074464463e-06,2.21202280372381210e-02
3,480,blocks/5/attention/query/kernel,28,2.14059082281892188e-06,2.20399517565965652e-02
3,480,blocks/5/attention/query/kernel,29,2.10361690733407158e-06,2.20200829207897186e-02
3,480,blocks/5/attention/query/kernel,30,2.08881351682066452e-06,2.15885210782289505e-02
3,480,blocks/5/attention/query/kernel,31,2.03850981961295474e-06,2.14921161532402039e-02
3,480,blocks/5/attention/query/kernel,32,1.98188058675441425e-06,2.12655123323202133e-02
3,480,blocks/5/attention/query/kernel,33,1.93698838302225340e-06,2.11844742298126221e-02
3,480,blocks/5/attention/query/kernel,34,1.90400885458075209e-06,2.08924282342195511e-02
3,480,blocks/5/attention/query/kernel,35,1.84567784344835673e-06,2.07224208861589432e-02
3,480,blocks/5/attention/query/kernel,36,1.79435585323517444e-06,2.06202082335948944e-02
3,480,blocks/5/attention/query/kernel,37,1.75394529833283741e-06,2.03255973756313324e-02
3,480,blocks/5/attention/query/kernel,38,1.69872919286717661e-06,2.02451255172491074e-02
3,480,blocks/5/attention/query/kernel,39,1.67712232723715715e-06,2.02019419521093369e-02
3,480,blocks/5/attention/query/kernel,40,1.66142592661344679e-06,1.99959557503461838e-02
3,480,blocks/5/attention/query/kernel,41,1.59575392899569124e-06,1.99220404028892517e-02
3,480,blocks/5/attention/query/kernel,42,1.56012504248792538e-06,1.95845048874616623e-02
3,480,blocks/5/attention/query/kernel,43,1.54115343775629299e-06,1.94248948246240616e-02
3,480,blocks/5/attention/query/kernel,44,1.51101153278432321e-06,1.91745087504386902e-02
3,480,blocks/5/attention/query/kernel,45,1.47105026826466201e-06,1.91346891224384308e-02
3,480,blocks/5/attention/query/kernel,46,1.46586796745395986e-06,1.88327822834253311e-02
3,480,blocks/5/attention/query/kernel,47,1.37798133437172510e-06,1.87286436557769775e-02
3,480,blocks/5/attention/query/kernel,48,1.35185337057919241e-06,1.85369588434696198e-02
3,480,blocks/5/attention/query/kernel,49,1.31879414766444825e-06,1.84532664716243744e-02
3,480,blocks/5/attention/query/kernel,50,1.29393401948618703e-06,1.83664541691541672e-02
3,480,blocks/5/attention/query/kernel,51,1.26080055906641064e-06,1.81043539196252823e-02
3,480,blocks/5/attention/query/kernel,52,1.24979112570144935e-06,1.79704446345567703e-02
3,480,blocks/5/attention/query/kernel,53,1.21644063710846240e-06,1.79006718099117279e-02
3,480,blocks/5/attention/query/kernel,54,1.18031744023028295e-06,1.78359523415565491e-02
3,480,blocks/5/attention/query/kernel,55,1.17189040338416817e-06,1.75540372729301453e-02
3,480,blocks/5/attention/query/kernel,56,1.15096656827518018e-06,1.73054933547973633e-02
3,480,blocks/5/attention/query/kernel,57,1.13430212422827026e-06,1.72253046184778214e-02
3,480,blocks/5/attention/query/kernel,58,1.07623782241716981e-06,1.70782357454299927e-02
3,480,blocks/5/attention/query/kernel,59,1.04494836250523804e-06,1.69870238751173019e-02
3,480,blocks/5/attention/query/kernel,60,1.01668990737380227e-06,1.68303381651639938e-02
3,480,blocks/5/attention/query/kernel,61,1.00610691333713476e-06,1.66328232735395432e-02
3,480,blocks/5/attention/query/kernel,62,1.00010174719500355e-06,1.64044871926307678e-02
3,480,blocks/5/attention/query/kernel,63,9.68187237049278338e-07,1.63497328758239746e-02
3,480,blocks/5/attention/query/kernel,64,9.64718992690904997e-07,1.61588564515113831e-02
3,480,blocks/5/attention/query/kernel,65,9.55923724177409895e-07,1.60355512052774429e-02
3,480,blocks/5/attention/query/kernel,66,9.28770248265209375e-07,1.59550383687019348e-02
3,480,blocks/5/attention/query/kernel,67,9.24030587157176342e-07,1.59048568457365036e-02
3,480,blocks/5/attention/query/kernel,68,9.04457294836902292e-07,1.56451351940631866e-02
3,480,blocks/5/attention/query/kernel,69,8.85993813426466659e-07,1.55240781605243683e-02
3,480,blocks/5/attention/query/kernel,70,8.62915044308465440e-07,1.53362369164824486e-02
3,480,blocks/5/attention/query/kernel,71,8.44674559630220756e-07,1.52848092839121819e-02
3,480,blocks/5/attention/query/kernel,72,8.31661168376740534e-07,1.51107739657163620e-02
3,480,blocks/5/attention/query/kernel,73,8.08044092082127463e-07,1.50608597323298454e-02
3,480,blocks/5/attention/query/kernel,74,8.03201771759631811e-07,1.47605845704674721e-02
3,480,blocks/5/attention/query/kernel,75,7.92703190199972596e-07,1.46877421066164970e-02
3,480,blocks/5/attention/query/kernel,76,7.78517573962744791e-07,1.45976748317480087e-02
3,480,blocks/5/attention/query/kernel,77,7.68538882311986526e-07,1.44653609022498131e-02
3,480,blocks/5/attention/query/kernel,78,7.58919100007915404e-07,1.44098149612545967e-02
3,480,blocks/5/attention/query/kernel,79,7.44949829822871834e-07,1.41610596328973770e-02
3,480,blocks/5/attention/query/kernel,80,7.29323744508292293e-07,1.40157593414187431e-02
3,480,blocks/5/attention/query/kernel,81,7.14326688466826454e-07,1.39312436804175377e-02
3,480,blocks/5/attention/query/kernel,82,6.96562665325473063e-07,1.36674642562866211e-02
3,480,blocks/5/attention/query/kernel,83,6.77950652061554138e-07,1.34528605267405510e-02
3,480,blocks/5/attention/query/kernel,84,6.67777726448548492e-07,1.33149120956659317e-02
3,480,blocks/5/attention/query/kernel,85,6.64468188915634528e-07,1.32537474855780602e-02
3,480,blocks/5/attention/query/kernel,86,6.52310689019941492e-07,1.31489392369985580e-02
3,480,blocks/5/attention/query/kernel,87,6.44175770503352396e-07,1.29734976217150688e-02
3,480,blocks/5/attention/query/kernel,88,6.28568955107766669e-07,1.28856282681226730e-02
3,480,blocks/5/attention/query/kernel,89,6.24991514541761717e-07,1.27450283616781235e-02
3,480,blocks/5/attention/query/kernel,90,6.07959350418241229e-07,1.26284221187233925e-02
3,480,blocks/5/attention/query/kernel,91,5.90894615015713498e-07,1.24654574319720268e-02
3,480,blocks/5/attention/query/kernel,92,5.85402290198544506e-07,1.24209215864539146e-02
3,480,blocks/5/attention/query/kernel,93,5.72392423237033654e-07,1.23168854042887688e-02
3,480,blocks/5/attention/query/kernel,94,5.68771838516113348e-07,1.20425997301936150e-02
3,480,blocks/5/attention/query/kernel,95,5.54514429040864343e-07,1.19230309501290321e-02
3,480,blocks/5/attention/query/kernel,96,5.44977638128330000e-07,1.19017073884606361e-02
3,480,blocks/5/attention/query/kernel,97,5.39446830316592241e-07,1.18098743259906769e-02
3,480,blocks/5/attention/query/kernel,98,5.28625207607547054e-07,1.16569316014647484e-02
3,480,blocks/5/attention/query/kernel,99,5.23959272413776489e-07,1.14888260141015053e-02
3,480,blocks/5/attention/query/kernel,100,5.20162529937806539e-07,1.12843839451670647e-02
3,480,blocks/5/attention/query/kernel,101,5.00359021771146217e-07,1.12238051369786263e-02
3,480,blocks/5/attention/query/kernel,102,4.88407863485917915e-07,1.10593754798173904e-02
3,480,blocks/5/attention/query/kernel,103,4.81646566186100245e-07,1.08883287757635117e-02
3,480,blocks/5/attention/query/kernel,104,4.75004867439565714e-07,1.08172036707401276e-02
3,480,blocks/5/attention/query/kernel,105,4.71619074460249976e-07,1.06749301776289940e-02
3,480,blocks/5/attention/query/kernel,106,4.64116794773872243e-07,1.05184139683842659e-02
3,480,blocks/5/attention/query/kernel,107,4.55705276181106456e-07,1.04993609711527824e-02
3,480,blocks/5/attention/query/kernel,108,4.46434711420806707e-07,1.03972582146525383e-02
3,480,blocks/5/attention/query/kernel,109,4.40471836782307946e-07,1.01861404255032539e-02
3,480,blocks/5/attention/query/kernel,110,4.28404831609441317e-07,1.01602235808968544e-02
3,480,blocks/5/attention/query/kernel,111,4.23853919073735597e-07,1.00950216874480247e-02
3,480,blocks/5/attention/query/kernel,112,4.18985450778563973e-07,9.78943612426519394e-03
3,480,blocks/5/attention/query/kernel,113,4.13500742979522329e-07,9.69966407865285873e-03
3,480,blocks/5/attention/query/kernel,114,4.07286535164530505e-07,9.60052851587533951e-03
3,480,blocks/5/attention/query/kernel,115,3.91220027040617424e-07,9.59622766822576523e-03
3,480,blocks/5/attention/query/kernel,116,3.82446103230904555e-07,9.39134135842323303e-03
3,480,blocks/5/attention/query/kernel,117,3.71269237575688749e-07,9.20316111296415329e-03
3,480,blocks/5/attention/query/kernel,118,3.65487977660450269e-07,9.14430152624845505e-03
3,480,blocks/5/attention/query/kernel,119,3.63954768545227125e-07,8.97580292075872421e-03
3,480,blocks/5/attention/query/kernel,120,3.55897185499998159e-07,8.93944222480058670e-03
3,480,blocks/5/attention/query/kernel,121,3.48750006651243893e-07,8.83907359093427658e-03
3,480,blocks/5/attention/query/kernel,122,3.41580658869133913e-07,8.70202574878931046e-03
3,480,blocks/5/attention/query/kernel,123,3.34396361267863540e-07,8.65924358367919922e-03
3,480,blocks/5/attention/query/kernel,124,3.26561462316021789e-07,8.54670163244009018e-03
3,480,blocks/5/attention/query/kernel,125,3.23679813618582557e-07,8.29657912254333496e-03
3,480,blocks/5/attention/query/kernel,126,3.14089987796251080e-07,8.13550874590873718e-03
3,480,blocks/5/attention/query/kernel,127,3.06629942770086927e-07,7.91073963046073914e-03
3,480,blocks/5/attention/query/kernel,128,3.04486036384332692e-07,7.84168764948844910e-03
3,480,blocks/5/attention/query/kernel,129,3.00908737926874892e-07,7.76279391720890999e-03
3,480,blocks/5/attention/query/kernel,130,2.98884970106882975e-07,7.68192484974861145e-03
3,480,blocks/5/attention/query/kernel,131,2.96260196819275734e-07,7.60598434135317802e-03
3,480,blocks/5/attention/query/kernel,132,2.88429987449490000e-07,7.47775752097368240e-03
3,480,blocks/5/attention/query/kernel,133,2.81679547242674744e-07,7.33874924480915070e-03
3,480,blocks/5/attention/query/kernel,134,2.68153627303036046e-07,6.96252891793847084e-03
3,480,blocks/5/attention/query/kernel,135,2.58942378650317551e-07,6.85631856322288513e-03
3,480,blocks/5/attention/query/kernel,136,2.53689023566039396e-07,6.81651616469025612e-03
3,480,blocks/5/attention/query/kernel,137,2.47218110871472163e-07,6.71073142439126968e-03
3,480,blocks/5/attention/query/kernel,138,2.46070584353219601e-07,6.55973190441727638e-03
3,480,blocks/5/attention/query/kernel,139,2.42711450937349582e-07,6.47104065865278244e-03
3,480,blocks/5/attention/query/kernel,140,2.32312515890953364e-07,6.39148475602269173e-03
3,480,blocks/5/attention/query/kernel,141,2.31264124295194051e-07,6.20023999363183975e-03
3,480,blocks/5/attention/query/kernel,142,2.23423356260354922e-07,6.12874561920762062e-03
3,480,blocks/5/attention/query/kernel,143,2.21067409711395158e-07,6.05179881677031517e-03
3,480,blocks/5/attention/query/kernel,144,2.14934672726485587e-07,5.87547989562153816e-03
3,480,blocks/5/attention/query/kernel,145,2.11083587942084705e-07,5.83966216072440147e-03
3,480,blocks/5/attention/query/kernel,146,2.08048732019960880e-07,5.72661636397242546e-03
3,480,blocks/5/attention/query/kernel,147,1.94631880390261358e-07,5.56777836754918098e-03
3,480,blocks/5/attention/query/kernel,148,1.89054404131638876e-07,5.35734603181481361e-03
3,480,blocks/5/attention/query/kernel,149,1.86899583809463365e-07,5.19245071336627007e-03
3,480,blocks/5/attention/query/kernel,150,1.79675566869264003e-07,5.13558508828282356e-03
3,480,blocks/5/attention/query/kernel,151,1.78658666527553578e-07,5.07133640348911285e-03
3,480,blocks/5/attention/query/kernel,152,1.73416253801406128e-07,5.00204786658287048e-03
3,480,blocks/5/attention/query/kernel,153,1.69967592000830336e-07,4.84392698854207993e-03
3,480,blocks/5/attention/query/kernel,154,1.59121441356546711e-07,4.74531948566436768e-03
3,480,blocks/5/attention/query/kernel,155,1.57517192178602272e-07,4.59534954279661179e-03
3,480,blocks/5/attention/query/kernel,156,1.53809324388021196e-07,4.35737334191799164e-03
3,480,blocks/5/attention/query/kernel,157,1.48868807059443498e-07,4.28246986120939255e-03
3,480,blocks/5/attention/query/kernel,158,1.38222716827840486e-07,4.07388573512434959e-03
3,480,blocks/5/attention/query/kernel,159,1.35467075779160950e-07,3.95694701001048088e-03
3,480,blocks/5/attention/query/kernel,160,1.32647826944776170e-07,3.78770381212234497e-03
3,480,blocks/5/attention/query/kernel,161,1.28825149658950977e-07,3.69615945965051651e-03
3,480,blocks/5/attention/query/kernel,162,1.24206678719929187e-07,3.43036628328263760e-03
3,480,blocks/5/attention/query/kernel,163,1.18584964070578280e-07,3.30254947766661644e-03
3,480,blocks/5/attention/query/kernel,164,1.17111198960628826e-07,3.27319581992924213e-03
3,480,blocks/5/attention/query/kernel,165,1.13336412255193864e-07,3.20639833807945251e-03
3,480,blocks/5/attention/query/kernel,166,1.08988288616274076e-07,3.07681667618453503e-03
3,480,blocks/5/attention/query/kernel,167,1.03583559507569589e-07,3.03608085960149765e-03
3,480,blocks/5/attention/query/kernel,168,9.89829658237795229e-08,2.97637865878641605e-03
3,480,blocks/5/attention/query/kernel,169,9.40694917517248541e-08,2.87989177741110325e-03
3,480,blocks/5/attention/query/kernel,170,8.89011744220624678e-08,2.81744799576699734e-03
3,480,blocks/5/attention/query/kernel,171,8.64918163756556169e-08,2.58855964057147503e-03
3,480,blocks/5/attention/query/kernel,172,8.16031970884978364e-08,2.45657004415988922e-03
3,480,blocks/5/attention/query/kernel,173,8.00600332695466932e-08,2.30826810002326965e-03
3,480,blocks/5/attention/query/kernel,174,7.01892588494956726e-08,2.22455081529915333e-03
3,480,blocks/5/attention/query/kernel,175,6.83344936192042951e-08,2.09964066743850708e-03
3,480,blocks/5/attention/query/kernel,176,6.65297932300745742e-08,1.87418970745056868e-03
3,480,blocks/5/attention/query/kernel,177,6.22985965037514688e-08,1.80359417572617531e-03
3,480,blocks/5/attention/query/kernel,178,5.40085665079459432e-08,1.73607107717543840e-03
3,480,blocks/5/attention/query/kernel,179,4.90579594725204515e-08,1.58709660172462463e-03
3,480,blocks/5/attention/query/kernel,180,4.08301303878033650e-08,1.34819932281970978e-03
3,480,blocks/5/attention/query/kernel,181,3.81681708461201197e-08,1.29155279137194157e-03
3,480,blocks/5/attention/query/kernel,182,3.46431470177321899e-08,1.18378375191241503e-03
3,480,blocks/5/attention/query/kernel,183,3.31285612276133179e-08,1.08621676918119192e-03
3,480,blocks/5/attention/query/kernel,184,2.97409457061803550e-08,9.46919608395546675e-04
3,480,blocks/5/attention/query/kernel,185,2.48838176730714622e-08,7.87053024396300316e-04
3,480,blocks/5/attention/query/kernel,186,1.96593852308524220e-08,6.00637926254421473e-04
3,480,blocks/5/attention/query/kernel,187,1.64149742687413891e-08,5.56600920390337706e-04
3,480,blocks/5/attention/query/kernel,188,1.28899975138097034e-08,4.29546926170587540e-04
3,480,blocks/5/attention/query/kernel,189,8.78199646336952355e-09,3.13105992972850800e-04
3,480,blocks/5/attention/query/kernel,190,6.67504496121296143e-09,2.56372848525643349e-04
3,480,blocks/5/attention/query/kernel,191,6.37608910114551009e-10,1.14800837764050812e-04
3,480,blocks/5/attention/query/kernel,192,3.16923516509998171e-13,8.37489060359075665e-05
3,480,blocks/11/attention/query/kernel,1,9.48368233366636559e-06,2.93070226907730103e-02
3,480,blocks/11/attention/query/kernel,2,4.33174363934085704e-06,2.90150493383407593e-02
3,480,blocks/11/attention/query/kernel,3,2.91309515887405723e-06,2.83085517585277557e-02
3,480,blocks/11/attention/query/kernel,4,2.25103872253384907e-06,2.76337191462516785e-02
3,480,blocks/11/attention/query/kernel,5,2.19547041524492670e-06,2.71082948893308640e-02
3,480,blocks/11/attention/query/kernel,6,1.56942542162141763e-06,2.70656831562519073e-02
3,480,blocks/11/attention/query/kernel,7,1.55059933604206890e-06,2.67343129962682724e-02
3,480,blocks/11/attention/query/kernel,8,1.44627131248853402e-06,2.61738672852516174e-02
3,480,blocks/11/attention/query/kernel,9,1.36995515731541673e-06,2.61195618659257889e-02
3,480,blocks/11/attention/query/kernel,10,1.26837630887166597e-06,2.58375499397516251e-02
3,480,blocks/11/attention/query/kernel,11,1.21367270367045421e-06,2.54612602293491364e-02
3,480,blocks/11/attention/query/kernel,12,1.13038038307422539e-06,2.53576636314392090e-02
3,480,blocks/11/attention/query/kernel,13,1.03130628303915728e-06,2.51624267548322678e-02
3,480,blocks/11/attention/query/kernel,14,9.97439201455563307e-07,2.48935278505086899e-02
3,480,blocks/11/attention/query/kernel,15,9.52227026118634967e-07,2.46112011373043060e-02
3,480,blocks/11/attention/query/kernel,16,8.76933142990310444e-07,2.45635844767093658e-02
3,480,blocks/11/attention/query/kernel,17,8.42338920392649015e-07,2.42581926286220551e-02
3,480,blocks/11/attention/query/kernel,18,7.78615230956347659e-07,2.40697469562292099e-02
3,480,blocks/11/attention/query/kernel,19,7.14763586984190624e-07,2.37201210111379623e-02
3,480,blocks/11/attention/query/kernel,20,6.44458850729279220e-07,2.35629417002201080e-02
3,480,blocks/11/attention/query/kernel,21,6.29750388725369703e-07,2.32869554311037064e-02
3,480,blocks/11/attention/query/kernel,22,5.94853645452531055e-07,2.31164153665304184e-02
3,480,blocks/11/attention/query/kernel,23,5.82496625156636583e-07,2.27906014770269394e-02
3,480,blocks/11/attention/query/kernel,24,5.69916153381200274e-07,2.26740445941686630e-02
3,480,blocks/11/attention/query/kernel,25,5.36757909230800578e-07,2.26325020194053650e-02
3,480,blocks/11/attention/query/kernel,26,5.23313701705774292e-07,2.23572943359613419e-02
3,480,blocks/11/attention/query/kernel,27,4.95177459924889263e-07,2.22918763756752014e-02
3,480,blocks/11/attention/query/kernel,28,4.83399219319835538e-07,2.19886321574449539e-02
3,480,blocks/11/attention/query/kernel,29,4.65063322963032988e-07,2.17939950525760651e-02
3,480,blocks/11/attention/query/kernel,30,4.48700717470273958e-07,2.16008834540843964e-02
3,480,blocks/11/attention/query/kernel,31,4.43415700601690332e-07,2.14690733700990677e-02
3,480,blocks/11/attention/query/kernel,32,4.20455847915945924e-07,2.13680807501077652e-02
3,480,blocks/11/attention/query/kernel,33,3.94719393170817057e-07,2.12994962930679321e-02
3,480,blocks/11/attention/query/kernel,34,3.84603140446415637e-07,2.11474467068910599e-02
3,480,blocks/11/attention/query/kernel,35,3.74912616507572238e-07,2.09375619888305664e-02
3,480,blocks/11/attention/query/kernel,36,3.67141240076307440e-07,2.08223145455121994e-02
3,480,blocks/11/attention/query/kernel,37,3.54061512553016655e-07,2.05536838620901108e-02
3,480,blocks/11/attention/query/kernel,38,3.48983178355410928e-07,2.03214120119810104e-02
3,480,blocks/11/attention/query/kernel,39,3.40099234108492965e-07,2.02320311218500137e-02
3,480,blocks/11/attention/query/kernel,40,3.18581641067794408e-07,2.00998391956090927e-02
3,480,blocks/11/attention/query/kernel,41,3.13609035629269783e-07,2.00255028903484344e-02
3,480,blocks/11/attention/query/kernel,42,3.04661455174937146e-07,1.98443159461021423e-02
3,480,blocks/11/attention/query/kernel,43,2.99111405865915003e-07,1.97161454707384109e-02
3,480,blocks/11/attention/query/kernel,44,2.84340302414420876e-07,1.95636395364999771e-02
3,480,blocks/11/attention/query/kernel,45,2.74261992672109045e-07,1.92791465669870377e-02
3,480,blocks/11/attention/query/kernel,46,2.70116260026043165e-07,1.91520750522613525e-02
3,480,blocks/11/attention/query/kernel,47,2.65689465095420019e-07,1.90403684973716736e-02
3,480,blocks/11/attention/query/kernel,48,2.60311622923836694e-07,1.88544895499944687e-02
3,480,blocks/11/attention/query/kernel,49,2.57098946576661547e-07,1.85540243983268738e-02
3,480,blocks/11/attention/query/kernel,50,2.48447719286559732e-07,1.84844247996807098e-02
3,480,blocks/11/attention/query/kernel,51,2.39915891597775044e-07,1.83333903551101685e-02
3,480,blocks/11/attention/query/kernel,52,2.34253448638810369e-07,1.81062426418066025e-02
3,480,blocks/11/attention/query/kernel,53,2.26773039457839332e-07,1.80151462554931641e-02
3,480,blocks/11/attention/query/kernel,54,2.20451767063423176e-07,1.77929680794477463e-02
3,480,blocks/11/attention/query/kernel,55,2.18650427541433601e-07,1.76516883075237274e-02
3,480,blocks/11/attention/query/kernel,56,2.11488398349501949e-07,1.75581835210323334e-02
3,480,blocks/11/attention/query/kernel,57,2.09020740271625982e-07,1.73803772777318954e-02
3,480,blocks/11/attention/query/kernel,58,2.02722389985865448e-07,1.73295401036739349e-02
3,480,blocks/11/attention/query/kernel,59,2.00176216935687989e-07,1.72684788703918457e-02
3,480,blocks/11/attention/query/kernel,60,1.94791411445294216e-07,1.70720797032117844e-02
3,480,blocks/11/attention/query/kernel,61,1.87443234267448133e-07,1.66942402720451355e-02
3,480,blocks/11/attention/query/kernel,62,1.86333352303336142e-07,1.65111329406499863e-02
3,480,blocks/11/attention/query/kernel,63,1.83394291752847494e-07,1.63715966045856476e-02
3,480,blocks/11/attention/query/kernel,64,1.76870173618226545e-07,1.61709040403366089e-02
3,480,blocks/11/attention/query/kernel,65,1.72493372474491480e-07,1.60587057471275330e-02
3,480,blocks/11/attention/query/kernel,66,1.65102662208482798e-07,1.59437339752912521e-02
3,480,blocks/11/attention/query/kernel,67,1.63759978022426367e-07,1.58140286803245544e-02
3,480,blocks/11/attention/query/kernel,68,1.61934067932634207e-07,1.56832709908485413e-02
3,480,blocks/11/attention/query/kernel,69,1.59038890501506103e-07,1.56053416430950165e-02
3,480,blocks/11/attention/query/kernel,70,1.56433443976311537e-07,1.54332974925637245e-02
3,480,blocks/11/attention/query/kernel,71,1.52205245740333339e-07,1.53246326372027397e-02
3,480,blocks/11/attention/query/kernel,72,1.50132109411060810e-07,1.50748407468199730e-02
3,480,blocks/11/attention/query/kernel,73,1.46496162756193371e-07,1.49693256244063377e-02
3,480,blocks/11/attention/query/kernel,74,1.40545139970527089e-07,1.48597210645675659e-02
3,480,blocks/11/attention/query/kernel,75,1.37062428962053673e-07,1.47814964875578880e-02
3,480,blocks/11/attention/query/kernel,76,1.34784457372916222e-07,1.45965097472071648e-02
3,480,blocks/11/attention/query/kernel,77,1.32104418071321561e-07,1.44794173538684845e-02
3,480,blocks/11/attention/query/kernel,78,1.31286640225880546e-07,1.43305733799934387e-02
3,480,blocks/11/attention/query/kernel,79,1.27875054545256717e-07,1.42646078020334244e-02
3,480,blocks/11/attention/query/kernel,80,1.26145323520177044e-07,1.40438657253980637e-02
3,480,blocks/11/attention/query/kernel,81,1.23195562196087849e-07,1.38939665630459785e-02
3,480,blocks/11/attention/query/kernel,82,1.20096245836975868e-07,1.38027984648942947e-02
3,480,blocks/11/attention/query/kernel,83,1.15667823763487831e-07,1.35874031111598015e-02
3,480,blocks/11/attention/query/kernel,84,1.14401423445542605e-07,1.34809529408812523e-02
3,480,blocks/11/attention/query/kernel,85,1.10503748373957933e-07,1.34196262806653976e-02
3,480,blocks/11/attention/query/kernel,86,1.07207249300245167e-07,1.30950529128313065e-02
3,480,blocks/11/attention/query/kernel,87,1.04618976592973922e-07,1.30441170185804367e-02
3,480,blocks/11/attention/query/kernel,88,1.03645298565879784e-07,1.29349911585450172e-02
3,480,blocks/11/attention/query/kernel,89,1.02397883949834068e-07,1.27233481034636497e-02
3,480,blocks/11/attention/query/kernel,90,1.00741068820298096e-07,1.25740058720111847e-02
3,480,blocks/11/attention/query/kernel,91,9.75630314314912539e-08,1.24775171279907227e-02
3,480,blocks/11/attention/query/kernel,92,9.44683975490079320e-08,1.23696792870759964e-02
3,480,blocks/11/attention/query/kernel,93,9.35334938390042225e-08,1.22032864019274712e-02
3,480,blocks/11/attention/query/kernel,94,9.04859973616112256e-08,1.21216652914881706e-02
3,480,blocks/11/attention/query/kernel,95,8.93435654347740638e-08,1.21018877252936363e-02
3,480,blocks/11/attention/query/kernel,96,8.74832295494343271e-08,1.20087442919611931e-02
3,480,blocks/11/attention/query/kernel,97,8.55412025657642516e-08,1.16898370906710625e-02
3,480,blocks/11/attention/query/kernel,98,8.29640995902991563e-08,1.16454036906361580e-02
3,480,blocks/11/attention/query/kernel,99,8.17458172264196037e-08,1.15579338744282722e-02
3,480,blocks/11/attention/query/kernel,100,8.07773332667238719e-08,1.14823421463370323e-02
3,480,blocks/11/attention/query/kernel,101,7.82668081455994979e-08,1.13039230927824974e-02
3,480,blocks/11/attention/query/kernel,102,7.65669838642679679e-08,1.11166853457689285e-02
3,480,blocks/11/attention/query/kernel,103,7.57561124942185415e-08,1.09818540513515472e-02
3,480,blocks/11/attention/query/kernel,104,7.45271222513110843e-08,1.09460623934864998e-02
3,480,blocks/11/attention/query/kernel,105,7.28470084254695394e-08,1.07350880280137062e-02
3,480,blocks/11/attention/query/kernel,106,7.21661308489274234e-08,1.06475390493869781e-02
3,480,blocks/11/attention/query/kernel,107,6.91287169729548623e-08,1.05719221755862236e-02
3,480,blocks/11/attention/query/kernel,108,6.85148009438307781e-08,1.04754483327269554e-02
3,480,blocks/11/attention/query/kernel,109,6.71994868639558263e-08,1.03826206177473068e-02
3,480,blocks/11/attention/query/kernel,110,6.52851710469803947e-08,1.01728839799761772e-02
3,480,blocks/11/attention/query/kernel,111,6.37575894302244706e-08,9.94818378239870071e-03
3,480,blocks/11/attention/query/kernel,112,6.16192536995185947e-08,9.89050976932048798e-03
3,480,blocks/11/attention/query/kernel,113,5.93679203575447900e-08,9.83311701565980911e-03
3,480,blocks/11/attention/query/kernel,114,5.70286395884522790e-08,9.78342536836862564e-03
3,480,blocks/11/attention/query/kernel,115,5.64236195543799113e-08,9.51705779880285263e-03
3,480,blocks/11/attention/query/kernel,116,5.60468578214567970e-08,9.43978317081928253e-03
3,480,blocks/11/attention/query/kernel,117,5.45223315384646412e-08,9.33640636503696442e-03
3,480,blocks/11/attention/query/kernel,118,5.36166382403280295e-08,9.29245725274085999e-03
3,480,blocks/11/attention/query/kernel,119,5.31969348571692535e-08,9.24609601497650146e-03
3,480,blocks/11/attention/query/kernel,120,5.03803256890478224e-08,9.10276174545288086e-03
3,480,blocks/11/attention/query/kernel,121,4.99588637126180402e-08,8.96414835005998611e-03
3,480,blocks/11/attention/query/kernel,122,4.83924083027886809e-08,8.79943650215864182e-03
3,480,blocks/11/attention/query/kernel,123,4.78289656768993154e-08,8.67139454931020737e-03
3,480,blocks/11/attention/query/kernel,124,4.62300313586183620e-08,8.47816001623868942e-03
3,480,blocks/11/attention/query/kernel,125,4.56265532022825937e-08,8.37587378919124603e-03
3,480,blocks/11/attention/query/kernel,126,4.45498606893579563e-08,8.17684922367334366e-03
3,480,blocks/11/attention/query/kernel,127,4.32936140271067416e-08,8.05485714226961136e-03
3,480,blocks/11/attention/query/kernel,128,4.21622665669474372e-08,8.01196508109569550e-03
3,480,blocks/11/attention/query/kernel,129,4.16003906877904228e-08,7.91056267917156219e-03
3,480,blocks/11/attention/query/kernel,130,4.08992804068475380e-08,7.85707868635654449e-03
3,480,blocks/11/attention/query/kernel,131,3.95729244928588741e-08,7.52771925181150436e-03
3,480,blocks/11/attention/query/kernel,132,3.82604632420679991e-08,7.40853417664766312e-03
3,480,blocks/11/attention/query/kernel,133,3.76024438253352855e-08,7.33695738017559052e-03
3,480,blocks/11/attention/query/kernel,134,3.70228470103484142e-08,7.19620147719979286e-03
3,480,blocks/11/attention/query/kernel,135,3.67098209608229809e-08,7.03263049945235252e-03
3,480,blocks/11/attention/query/kernel,136,3.55825520159669395e-08,6.98163965716958046e-03
3,480,blocks/11/attention/query/kernel,137,3.50079147892756737e-08,6.83604041114449501e-03
3,480,blocks/11/attention/query/kernel,138,3.32135741132333351e-08,6.64098048582673073e-03
3,480,blocks/11/attention/query/kernel,139,3.28017399908731022e-08,6.53045019134879112e-03
3,480,blocks/11/attention/query/kernel,140,3.08994998476919136e-08,6.47452613338828087e-03
3,480,blocks/11/attention/query/kernel,141,3.02484366443422914e-08,6.28812238574028015e-03
3,480,blocks/11/attention/query/kernel,142,2.94672428680087251e-08,6.11067609861493111e-03
3,480,blocks/11/attention/query/kernel,143,2.91009367714423206e-08,6.01470936089754105e-03
3,480,blocks/11/attention/query/kernel,144,2.82386256600375418e-08,5.85078913718461990e-03
3,480,blocks/11/attention/query/kernel,145,2.78897651639908872e-08,5.81227475777268410e-03
3,480,blocks/11/attention/query/kernel,146,2.70192863638385461e-08,5.55691216140985489e-03
3,480,blocks/11/attention/query/kernel,147,2.62099710823804344e-08,5.40733709931373596e-03
3,480,blocks/11/attention/query/kernel,148,2.55333940657465064e-08,5.31609682366251945e-03
3,480,blocks/11/attention/query/kernel,149,2.48720439799399173e-08,5.23890554904937744e-03
3,480,blocks/11/attention/query/kernel,150,2.47043860923668035e-08,5.12081710621714592e-03
3,480,blocks/11/attention/query/kernel,151,2.30977228454776196e-08,5.08168851956725121e-03
3,480,blocks/11/attention/query/kernel,152,2.22234959323941439e-08,4.85405186191201210e-03
3,480,blocks/11/attention/query/kernel,153,2.13023394479705530e-08,4.80370968580245972e-03
3,480,blocks/11/attention/query/kernel,154,2.07695762810544693e-08,4.71787666901946068e-03
3,480,blocks/11/attention/query/kernel,155,2.02822771910859956e-08,4.56188898533582687e-03
3,480,blocks/11/attention/query/kernel,156,1.94931253361119161e-08,4.37130220234394073e-03
3,480,blocks/11/attention/query/kernel,157,1.92502227491786471e-08,4.32278867810964584e-03
3,480,blocks/11/attention/query/kernel,158,1.83424688771083311e-08,4.21648705378174782e-03
3,480,blocks/11/attention/query/kernel,159,1.78415859863889636e-08,3.98118374869227409e-03
3,480,blocks/11/attention/query/kernel,160,1.67446927434866666e-08,3.87165206484496593e-03
3,480,blocks/11/attention/query/kernel,161,1.60503006441103935e-08,3.82141768932342529e-03
3,480,blocks/11/attention/query/kernel,162,1.58341180167553830e-08,3.73962661251425743e-03
3,480,blocks/11/attention/query/kernel,163,1.47533176786396325e-08,3.61570925451815128e-03
3,480,blocks/11/attention/query/kernel,164,1.45363969750178512e-08,3.52945015765726566e-03
3,480,blocks/11/attention/query/kernel,165,1.36514914927943209e-08,3.45037388615310192e-03
3,480,blocks/11/attention/query/kernel,166,1.35381785781873987e-08,3.30994743853807449e-03
3,480,blocks/11/attention/query/kernel,167,1.25991510557810216e-08,3.06509411893785000e-03
3,480,blocks/11/attention/query/kernel,168,1.21472902847585829e-08,2.96490034088492393e-03
3,480,blocks/11/attention/query/kernel,169,1.15169527248326631e-08,2.86512123420834541e-03
3,480,blocks/11/attention/query/kernel,170,1.09378657242586996e-08,2.80762347392737865e-03
3,480,blocks/11/attention/query/kernel,171,1.00266595026710092e-08,2.68734316341578960e-03
3,480,blocks/11/attention/query/kernel,172,9.89672432893939913e-09,2.47681047767400742e-03
3,480,blocks/11/attention/query/kernel,173,9.27651466753331988e-09,2.19935271888971329e-03
3,480,blocks/11/attention/query/kernel,174,8.55359338913785905e-09,2.15411488898098469e-03
3,480,blocks/11/attention/query/kernel,175,8.22370260777915973e-09,2.03509372659027576e-03
3,480,blocks/11/attention/query/kernel,176,7.58684315371738194e-09,1.98435434140264988e-03
3,480,blocks/11/attention/query/kernel,177,7.39628269741388067e-09,1.88766978681087494e-03
3,480,blocks/11/attention/query/kernel,178,6.43383790688289992e-09,1.67530914768576622e-03
3,480,blocks/11/attention/query/kernel,179,5.87803450358137525e-09,1.63214921485632658e-03
3,480,blocks/11/attention/query/kernel,180,5.47199352496363645e-09,1.52234057895839214e-03
3,480,blocks/11/attention/query/kernel,181,5.29952393080179718e-09,1.44222774542868137e-03
3,480,blocks/11/attention/query/kernel,182,4.69246996814831618e-09,1.23819930013269186e-03
3,480,blocks/11/attention/query/kernel,183,3.66195673784375231e-09,1.19232968427240849e-03
3,480,blocks/11/attention/query/kernel,184,3.59885321543629288e-09,9.83484555035829544e-04
3,480,blocks/11/attention/query/kernel,185,3.40159722611588222e-09,8.89472896233201027e-04
3,480,blocks/11/attention/query/kernel,186,2.44323095088816444e-09,7.25290796253830194e-04
3,480,blocks/11/attention/query/kernel,187,2.09791917171742170e-09,6.49815425276756287e-04
3,480,blocks/11/attention/query/kernel,188,1.80817316675074835e-09,4.96154127176851034e-04
3,480,blocks/11/attention/query/kernel,189,1.58060942112570046e-09,3.64103529136627913e-04
3,480,blocks/11/attention/query/kernel,190,7.60090157481130291e-10,2.53439822699874640e-04
3,480,blocks/11/attention/query/kernel,191,3.62202212667028789e-10,1.69721999554894865e-04
3,480,blocks/11/attention/query/kernel,192,9.00129016462303255e-12,1.39178464451106265e-05
8,32,blocks/0/attention/query/kernel,1,2.08403303986415267e-04,1.23975817114114761e-02
8,32,blocks/0/attention/query/kernel,2,9.93466092040762305e-05,1.19549706578254700e-02
8,32,blocks/0/attention/query/kernel,3,8.85791814653202891e-05,1.17905605584383011e-02
8,32,blocks/0/attention/query/kernel,4,6.98049916536547244e-05,1.16024864837527275e-02
8,32,blocks/0/attention/query/kernel,5,5.76502898184116930e-05,1.15498369559645653e-02
8,32,blocks/0/attention/query/kernel,6,4.94387350045144558e-05,1.13704744726419449e-02
8,32,blocks/0/attention/query/kernel,7,4.12162844440899789e-05,1.13052008673548698e-02
8,32,blocks/0/attention/query/kernel,8,3.48231587850023061e-05,1.11788520589470863e-02
8,32,blocks/0/attention/query/kernel,9,3.28250862366985530e-05,1.10845416784286499e-02
8,32,blocks/0/attention/query/kernel,10,3.11124749714508653e-05,1.09282722696661949e-02
8,32,blocks/0/attention/query/kernel,11,2.83555327769136056e-05,1.08446814119815826e-02
8,32,blocks/0/attention/query/kernel,12,2.64417667494853958e-05,1.07423560693860054e-02
8,32,blocks/0/attention/query/kernel,13,2.49151162279304117e-05,1.06637626886367798e-02
8,32,blocks/0/attention/query/kernel,14,2.38839329540496692e-05,1.05418339371681213e-02
8,32,blocks/0/attention/query/kernel,15,2.14472092920914292e-05,1.04960575699806213e-02
8,32,blocks/0/attention/query/kernel,16,2.02314131456660107e-05,1.03768715634942055e-02
8,32,blocks/0/attention/query/kernel,17,1.79387170646805316e-05,1.03148045018315315e-02
8,32,blocks/0/attention/query/kernel,18,1.71119900187477469e-05,1.01503040641546249e-02
8,32,blocks/0/attention/query/kernel,19,1.65946166816866025e-05,1.00463572889566422e-02
8,32,blocks/0/attention/query/kernel,20,1.47714490594808012e-05,9.96045768260955811e-03
8,32,blocks/0/attention/query/kernel,21,1.34336842165794224e-05,9.87357739359140396e-03
8,32,blocks/0/attention/query/kernel,22,1.23876097859465517e-05,9.79373790323734283e-03
8,32,blocks/0/attention/query/kernel,23,1.15426782940630801e-05,9.73986275494098663e-03
8,32,blocks/0/attention/query/kernel,24,1.10677055999985896e-05,9.56339947879314423e-03
8,32,blocks/0/attention/query/kernel,25,9.88827378023415804e-06,9.54639632254838943e-03
8,32,blocks/0/attention/query/kernel,26,9.58785585680743679e-06,9.50953178107738495e-03
8,32,blocks/0/attention/query/kernel,27,9.49222976487362757e-06,9.46686044335365295e-03
8,32,blocks/0/attention/query/kernel,28,9.33601768338121474e-06,9.41730663180351257e-03
8,32,blocks/0/attention/query/kernel,29,8.18767966848099604e-06,9.34763718396425247e-03
8,32,blocks/0/attention/query/kernel,30,8.00387351773679256e-06,9.19205043464899063e-03
8,32,blocks/0/attention/query/kernel,31,7.14785983291221783e-06,9.13854315876960754e-03
8,32,blocks/0/attention/query/kernel,32,6.58937278785742819e-06,9.08966176211833954e-03
8,32,blocks/0/attention/query/kernel,33,6.20542641627253033e-06,8.95788986235857010e-03
8,32,blocks/0/attention/query/kernel,34,5.83932751396787353e-06,8.94594099372625351e-03
8,32,blocks/0/attention/query/kernel,35,5.53456084162462503e-06,8.85497964918613434e-03
8,32,blocks/0/attention/query/kernel,36,5.32801914232550189e-06,8.72364453971385956e-03
8,32,blocks/0/attention/query/kernel,37,4.63451215182431042e-06,8.64650122821331024e-03
8,32,blocks/0/attention/query/kernel,38,4.54978544439654797e-06,8.61360970884561539e-03
8,32,blocks/0/attention/query/kernel,39,4.28510702477069572e-06,8.54073558002710342e-03
8,32,blocks/0/attention/query/kernel,40,3.99954342356068082e-06,8.50759539753198624e-03
8,32,blocks/0/attention/query/kernel,41,3.81688323614071123e-06,8.48561339080333710e-03
8,32,blocks/0/attention/query/kernel,42,3.67192046724085230e-06,8.33659432828426361e-03
8,32,blocks/0/attention/query/kernel,43,3.50983577845909167e-06,8.30599106848239899e-03
8,32,blocks/0/attention/query/kernel,44,3.32424201587855350e-06,8.24806094169616699e-03
8,32,blocks/0/attention/query/kernel,45,3.20486242344486527e-06,8.21250397711992264e-03
8,32,blocks/0/attention/query/kernel,46,3.00791407426004298e-06,8.11519939452409744e-03
8,32,blocks/0/attention/query/kernel,47,2.80821700471278746e-06,8.06169211864471436e-03
8,32,blocks/0/attention/query/kernel,48,2.58221075455367099e-06,8.03146883845329285e-03
8,32,blocks/0/attention/query/kernel,49,2.50157427217345685e-06,7.95809179544448853e-03
8,32,blocks/0/attention/query/kernel,50,2.37665381064289249e-06,7.88700301200151443e-03
8,32,blocks/0/attention/query/kernel,51,2.30680620916245971e-06,7.83158186823129654e-03
8,32,blocks/0/attention/query/kernel,52,2.20175434151315130e-06,7.77281494811177254e-03
8,32,blocks/0/attention/query/kernel,53,2.09506220016919542e-06,7.63083389028906822e-03
8,32,blocks/0/attention/query/kernel,54,1.86076135832990985e-06,7.59345619007945061e-03
8,32,blocks/0/attention/query/kernel,55,1.81656093900528504e-06,7.58187379688024521e-03
8,32,blocks/0/attention/query/kernel,56,1.70756607076327782e-06,7.53941712900996208e-03
8,32,blocks/0/attention/query/kernel,57,1.69061968335881829e-06,7.49468198046088219e-03
8,32,blocks/0/attention/query/kernel,58,1.57969168412819272e-06,7.40803731605410576e-03
8,32,blocks/0/attention/query/kernel,59,1.47108835335529875e-06,7.37780705094337463e-03
8,32,blocks/0/attention/query/kernel,60,1.45203671308991034e-06,7.27470032870769501e-03
8,32,blocks/0/attention/query/kernel,61,1.33920411826693453e-06,7.21522932872176170e-03
8,32,blocks/0/attention/query/kernel,62,1.25956546526140301e-06,7.03464867547154427e-03
8,32,blocks/0/attention/query/kernel,63,1.10854080048738979e-06,7.01863458380103111e-03
8,32,blocks/0/attention/query/kernel,64,1.09579434592887992e-06,6.96125952526926994e-03
8,32,blocks/0/attention/query/kernel,65,1.02788101230544271e-06,6.90876459702849388e-03
8,32,blocks/0/attention/query/kernel,66,9.26914708543336019e-07,6.87622884288430214e-03
8,32,blocks/0/attention/query/kernel,67,8.83622590208688052e-07,6.80131744593381882e-03
8,32,blocks/0/attention/query/kernel,68,7.98235646470857318e-07,6.77058426663279533e-03
8,32,blocks/0/attention/query/kernel,69,7.63012792504014215e-07,6.71741226688027382e-03
8,32,blocks/0/attention/query/kernel,70,7.03060038631520001e-07,6.68991589918732643e-03
8,32,blocks/0/attention/query/kernel,71,6.79870936437509954e-07,6.55713351443409920e-03
8,32,blocks/0/attention/query/kernel,72,6.54684981782338582e-07,6.52879104018211365e-03
8,32,blocks/0/attention/query/kernel,73,6.28130692348349839e-07,6.45874626934528351e-03
8,32,blocks/0/attention/query/kernel,74,6.01018200541147962e-07,6.41829287633299828e-03
8,32,blocks/0/attention/query/kernel,75,5.30461477410426596e-07,6.36471295729279518e-03
8,32,blocks/0/attention/query/kernel,76,5.12580243139382219e-07,6.22301269322633743e-03
8,32,blocks/0/attention/query/kernel,77,4.60463041918046656e-07,6.20327703654766083e-03
8,32,blocks/0/attention/query/kernel,78,4.48533143071472296e-07,6.19514938443899155e-03
8,32,blocks/0/attention/query/kernel,79,4.27282856207966688e-07,6.11245725303888321e-03
8,32,blocks/0/attention/query/kernel,80,3.53473410541482735e-07,6.01810635998845100e-03
8,32,blocks/0/attention/query/kernel,81,3.45990031291876221e-07,5.92386629432439804e-03
8,32,blocks/0/attention/query/kernel,82,3.37963143692832091e-07,5.84569107741117477e-03
8,32,blocks/0/attention/query/kernel,83,3.31392584485001862e-07,5.77439879998564720e-03
8,32,blocks/0/attention/query/kernel,84,3.16327458449450205e-07,5.71204954758286476e-03
8,32,blocks/0/attention/query/kernel,85,2.91616942149630631e-07,5.69108640775084496e-03
8,32,blocks/0/attention/query/kernel,86,2.77988306152110454e-07,5.62678882852196693e-03
8,32,blocks/0/attention/query/kernel,87,2.54140672950597946e-07,5.56303979828953743e-03
8,32,blocks/0/attention/query/kernel,88,2.43499727048401837e-07,5.54776983335614204e-03
8,32,blocks/0/attention/query/kernel,89,2.21532587829642580e-07,5.46163599938154221e-03
8,32,blocks/0/attention/query/kernel,90,1.94917106455250178e-07,5.37793431431055069e-03
8,32,blocks/0/attention/query/kernel,91,1.93067165810134611e-07,5.35850925371050835e-03
8,32,blocks/0/attention/query/kernel,92,1.85764690741052618e-07,5.22111821919679642e-03
8,32,blocks/0/attention/query/kernel,93,1.57619126639474416e-07,5.21412631496787071e-03
8,32,blocks/0/attention/query/kernel,94,1.47533725680659700e-07,5.19100949168205261e-03
8,32,blocks/0/attention/query/kernel,95,1.35794110178721894e-07,5.14471484348177910e-03
8,32,blocks/0/attention/query/kernel,96,1.33430191340266902e-07,5.13517623767256737e-03
8,32,blocks/0/attention/query/kernel,97,1.16826655016666336e-07,5.08097931742668152e-03
8,32,blocks/0/attention/query/kernel,98,1.15326905358870135e-07,4.97821206226944923e-03
8,32,blocks/0/attention/query/kernel,99,1.08379396124291816e-07,4.93149738758802414e-03
8,32,blocks/0/attention/query/kernel,100,1.03173142917967198e-07,4.82938298955559731e-03
8,32,blocks/0/attention/query/kernel,101,9.53626582145261636e-08,4.79761557653546333e-03
8,32,blocks/0/attention/query/kernel,102,9.24646315070276614e-08,4.74833836778998375e-03
8,32,blocks/0/attention/query/kernel,103,8.38512264067503565e-08,4.71471343189477921e-03
8,32,blocks/0/attention/query/kernel,104,7.94709791307468549e-08,4.66806208714842796e-03
8,32,blocks/0/attention/query/kernel,105,7.86685561138256162e-08,4.57263784483075142e-03
8,32,blocks/0/attention/query/kernel,106,7.43260670788004063e-08,4.55607008188962936e-03
8,32,blocks/0/attention/query/kernel,107,6.97986308750841999e-08,4.46308730170130730e-03
8,32,blocks/0/attention/query/kernel,108,6.48860023488850857e-08,4.40933741629123688e-03
8,32,blocks/0/attention/query/kernel,109,6.09998309641923697e-08,4.37074387446045876e-03
8,32,blocks/0/attention/query/kernel,110,5.71425360362809442e-08,4.30222228169441223e-03
8,32,blocks/0/attention/query/kernel,111,5.54679466802099341e-08,4.21742303296923637e-03
8,32,blocks/0/attention/query/kernel,112,5.28064774130143633e-08,4.20244503766298294e-03
8,32,blocks/0/attention/query/kernel,113,5.19588674308124610e-08,4.12248820066452026e-03
8,32,blocks/0/attention/query/kernel,114,4.92463207990567753e-08,4.04671439900994301e-03
8,32,blocks/0/attention/query/kernel,115,4.74203503131320758e-08,4.03217179700732231e-03
8,32,blocks/0/attention/query/kernel,116,4.37672298403413151e-08,3.93903814256191254e-03
8,32,blocks/0/attention/query/kernel,117,3.99297768183259905e-08,3.93279921263456345e-03
8,32,blocks/0/attention/query/kernel,118,3.92544130534133728e-08,3.86859639547765255e-03
8,32,blocks/0/attention/query/kernel,119,3.65014898306981195e-08,3.79838864319026470e-03
8,32,blocks/0/attention/query/kernel,120,3.57348213242403290e-08,3.75168537721037865e-03
8,32,blocks/0/attention/query/kernel,121,3.42970736255665543e-08,3.73860402032732964e-03
8,32,blocks/0/attention/query/kernel,122,3.33922365314265335e-08,3.68149275891482830e-03
8,32,blocks/0/attention/query/kernel,123,2.97038766916557506e-08,3.64703335799276829e-03
8,32,blocks/0/attention/query/kernel,124,2.81252194866965510e-08,3.61535209231078625e-03
8,32,blocks/0/attention/query/kernel,125,2.69225211013690569e-08,3.50702600553631783e-03
8,32,blocks/0/attention/query/kernel,126,2.58436685385277087e-08,3.47935641184449196e-03
8,32,blocks/0/attention/query/kernel,127,2.44990108200227041e-08,3.46585083752870560e-03
8,32,blocks/0/attention/query/kernel,128,2.28097736254539996e-08,3.38743277825415134e-03
8,32,blocks/0/attention/query/kernel,129,2.18719460320926373e-08,3.31828161142766476e-03
8,32,blocks/0/attention/query/kernel,130,2.10543209533398112e-08,3.26088699512183666e-03
8,32,blocks/0/attention/query/kernel,131,1.95704039640531846e-08,3.21081071160733700e-03
8,32,blocks/0/attention/query/kernel,132,1.91562872231543224e-08,3.15714511089026928e-03
8,32,blocks/0/attention/query/kernel,133,1.71102136903300561e-08,3.05720907635986805e-03
8,32,blocks/0/attention/query/kernel,134,1.67992677546635605e-08,3.02141392603516579e-03
8,32,blocks/0/attention/query/kernel,135,1.59052575554596842e-08,2.93052638880908489e-03
8,32,blocks/0/attention/query/kernel,136,1.46206682316574188e-08,2.87051498889923096e-03
8,32,blocks/0/attention/query/kernel,137,1.32352813153602256e-08,2.84357741475105286e-03
8,32,blocks/0/attention/query/kernel,138,1.24129950762608132e-08,2.83041759394109249e-03
8,32,blocks/0/attention/query/kernel,139,1.20433147898779680e-08,2.72331177257001400e-03
8,32,blocks/0/attention/query/kernel,140,1.14327720623919049e-08,2.68471217714250088e-03
8,32,blocks/0/attention/query/kernel,141,1.11047651074613896e-08,2.63636116869747639e-03
8,32,blocks/0/attention/query/kernel,142,1.03749613344916725e-08,2.57348595187067986e-03
8,32,blocks/0/attention/query/kernel,143,1.00902379784884033e-08,2.54308944568037987e-03
8,32,blocks/0/attention/query/kernel,144,9.50906997587708247e-09,2.51615117304027081e-03
8,32,blocks/0/attention/query/kernel,145,8.95083385188399916e-09,2.47627077624201775e-03
8,32,blocks/0/attention/query/kernel,146,8.44546477196672640e-09,2.38012126646935940e-03
8,32,blocks/0/attention/query/kernel,147,8.14544787175464080e-09,2.34596291556954384e-03
8,32,blocks/0/attention/query/kernel,148,7.52088880062729004e-09,2.25543114356696606e-03
8,32,blocks/0/attention/query/kernel,149,6.84205048173680552e-09,2.21176072955131531e-03
8,32,blocks/0/attention/query/kernel,150,6.43078523765439058e-09,2.14834813959896564e-03
8,32,blocks/0/attention/query/kernel,151,5.84565684746962688e-09,2.10293964482843876e-03
8,32,blocks/0/attention/query/kernel,152,5.52491608019067826e-09,2.02418933622539043e-03
8,32,blocks/0/attention/query/kernel,153,5.02619679210170034e-09,1.99455977417528629e-03
8,32,blocks/0/attention/query/kernel,154,4.60154536696677496e-09,1.95106095634400845e-03
8,32,blocks/0/attention/query/kernel,155,4.39297309640096501e-09,1.93450332153588533e-03
8,32,blocks/0/attention/query/kernel,156,4.01767019653220814e-09,1.82419863995164633e-03
8,32,blocks/0/attention/query/kernel,157,3.63228513933222530e-09,1.80475844535976648e-03
8,32,blocks/0/attention/query/kernel,158,3.46246586957477120e-09,1.79073901381343603e-03
8,32,blocks/0/attention/query/kernel,159,3.35852501365252465e-09,1.66773062665015459e-03
8,32,blocks/0/attention/query/kernel,160,2.98934721421062477e-09,1.57387543004006147e-03
8,32,blocks/0/attention/query/kernel,161,2.66740496357442680e-09,1.56315625645220280e-03
8,32,blocks/0/attention/query/kernel,162,2.37134356595447571e-09,1.54497497715055943e-03
8,32,blocks/0/attention/query/kernel,163,2.20687090823901144e-09,1.45918969064950943e-03
8,32,blocks/0/attention/query/kernel,164,1.86590431994204664e-09,1.40972249209880829e-03
8,32,blocks/0/attention/query/kernel,165,1.55358348408185520e-09,1.37815182097256184e-03
8,32,blocks/0/attention/query/kernel,166,1.42885636655876169e-09,1.34000170510262251e-03
8,32,blocks/0/attention/query/kernel,167,1.38439493202469066e-09,1.25423597637563944e-03
8,32,blocks/0/attention/query/kernel,168,9.69628488611817829e-10,1.21487886644899845e-03
8,32,blocks/0/attention/query/kernel,169,7.95231547279229289e-10,1.18464569095522165e-03
8,32,blocks/0/attention/query/kernel,170,7.33840543887254171e-10,1.09294976573437452e-03
8,32,blocks/0/attention/query/kernel,171,4.98990793129650001e-10,1.05884147342294455e-03
8,32,blocks/0/attention/query/kernel,172,4.93813767654671665e-10,1.01541273761540651e-03
8,32,blocks/0/attention/query/kernel,173,3.61719987296282852e-10,9.99550451524555683e-04
8,32,blocks/0/attention/query/kernel,174,2.64435418007025191e-10,9.40240570344030857e-04
8,32,blocks/0/attention/query/kernel,175,2.12624390316662470e-10,9.22280480153858662e-04
8,32,blocks/0/attention/query/kernel,176,1.99683811152873147e-10,8.95036035217344761e-04
8,32,blocks/0/attention/query/kernel,177,1.31751193288565105e-10,8.31408018711954355e-04
8,32,blocks/0/attention/query/kernel,178,1.11681969228172306e-10,7.35516950953751802e-04
8,32,blocks/0/attention/query/kernel,179,9.54027828958814439e-11,6.92904635798186064e-04
8,32,blocks/0/attention/query/kernel,180,6.95841925746343293e-11,6.40756625216454268e-04
8,32,blocks/0/attention/query/kernel,181,4.02776700880735916e-11,5.78506966121494770e-04
8,32,blocks/0/attention/query/kernel,182,3.41796868585930724e-11,5.49238582607358694e-04
8,32,blocks/0/attention/query/kernel,183,2.84618301149563990e-11,4.78339468827471137e-04
8,32,blocks/0/attention/query/kernel,184,2.34582804570226955e-11,4.60679875686764717e-04
8,32,blocks/0/attention/query/kernel,185,2.04070284975932381e-11,3.67365864804014564e-04
8,32,blocks/0/attention/query/kernel,186,1.84985499140921661e-11,3.23898770147934556e-04
8,32,blocks/0/attention/query/kernel,187,1.04133038997256122e-11,2.79265339486300945e-04
8,32,blocks/0/attention/query/kernel,188,7.85026210703421157e-12,2.29230092372745275e-04
8,32,blocks/0/attention/query/kernel,189,6.83368509349358000e-12,1.69535400345921516e-04
8,32,blocks/0/attention/query/kernel,190,2.83739611667277458e-12,1.31949869683012366e-04
8,32,blocks/0/attention/query/kernel,191,2.42792548219017412e-12,7.44995195418596268e-05
8,32,blocks/0/attention/query/kernel,192,9.87625440956006739e-14,4.56051056971773505e-05
8,32,blocks/5/attention/query/kernel,1,2.11664650123566389e-04,1.24421501532196999e-02
8,32,blocks/5/attention/query/kernel,2,2.01878778170794249e-04,1.23403733596205711e-02
8,32,blocks/5/attention/query/kernel,3,1.47080048918724060e-04,1.19839496910572052e-02
8,32,blocks/5/attention/query/kernel,4,1.14800706796813756e-04,1.16455992683768272e-02
8,32,blocks/5/attention/query/kernel,5,9.53921335167251527e-05,1.15186125040054321e-02
8,32,blocks/5/attention/query/kernel,6,7.89400510257110000e-05,1.13826617598533630e-02
8,32,blocks/5/attention/query/kernel,7,7.29412058717571199e-05,1.12036066129803658e-02
8,32,blocks/5/attention/query/kernel,8,6.58948556520044804e-05,1.10234552994370461e-02
8,32,blocks/5/attention/query/kernel,9,6.23293017270043492e-05,1.09544899314641953e-02
8,32,blocks/5/attention/query/kernel,10,5.79104562348220497e-05,1.08302477747201920e-02
8,32,blocks/5/attention/query/kernel,11,5.19653585797641426e-05,1.08022931963205338e-02
8,32,blocks/5/attention/query/kernel,12,4.91411410621367395e-05,1.06708165258169174e-02
8,32,blocks/5/attention/query/kernel,13,4.42190175817813724e-05,1.05916531756520271e-02
8,32,blocks/5/attention/query/kernel,14,4.14765490859281272e-05,1.05222649872303009e-02
8,32,blocks/5/attention/query/kernel,15,3.96220420952886343e-05,1.04418266564607620e-02
8,32,blocks/5/attention/query/kernel,16,3.86726896977052093e-05,1.03392694145441055e-02
8,32,blocks/5/attention/query/kernel,17,3.61771453754045069e-05,1.02371750399470329e-02
8,32,blocks/5/attention/query/kernel,18,3.31427145283669233e-05,1.01665193215012550e-02
8,32,blocks/5/attention/query/kernel,19,3.15049001073930413e-05,1.01591441780328751e-02
8,32,blocks/5/attention/query/kernel,20,3.02177249977830797e-05,9.96678136289119720e-03
8,32,blocks/5/attention/query/kernel,21,2.85347323369933292e-05,9.91351529955863953e-03
8,32,blocks/5/attention/query/kernel,22,2.76513346761930734e-05,9.74633172154426575e-03
8,32,blocks/5/attention/query/kernel,23,2.60964079643599689e-05,9.69222933053970337e-03
8,32,blocks/5/attention/query/kernel,24,2.36423602473223582e-05,9.65461134910583496e-03
8,32,blocks/5/attention/query/kernel,25,2.27881300816079602e-05,9.62765328586101532e-03
8,32,blocks/5/attention/query/kernel,26,2.17057058762293309e-05,9.52233653515577316e-03
8,32,blocks/5/attention/query/kernel,27,2.08761321118799970e-05,9.42717026919126511e-03
8,32,blocks/5/attention/query/kernel,28,2.08130004466511309e-05,9.35815181583166122e-03
8,32,blocks/5/attention/query/kernel,29,1.97178051166702062e-05,9.29278787225484848e-03
8,32,blocks/5/attention/query/kernel,30,1.90548071259399876e-05,9.26828943192958832e-03
8,32,blocks/5/attention/query/kernel,31,1.80021797859808430e-05,9.22710821032524109e-03
8,32,blocks/5/attention/query/kernel,32,1.73341959452955052e-05,9.18264500796794891e-03
8,32,blocks/5/attention/query/kernel,33,1.64066386787453666e-05,9.03309974819421768e-03
8,32,blocks/5/attention/query/kernel,34,1.61324023792985827e-05,8.97742621600627899e-03
8,32,blocks/5/attention/query/kernel,35,1.59467072080587968e-05,8.84202588349580765e-03
8,32,blocks/5/attention/query/kernel,36,1.54967037815367803e-05,8.79160314798355103e-03
8,32,blocks/5/attention/query/kernel,37,1.45950898513547145e-05,8.76218918710947037e-03
8,32,blocks/5/attention/query/kernel,38,1.41446471388917416e-05,8.65105632692575455e-03
8,32,blocks/5/attention/query/kernel,39,1.39782159749302082e-05,8.61406233161687851e-03
8,32,blocks/5/attention/query/kernel,40,1.32449622469721362e-05,8.49594548344612122e-03
8,32,blocks/5/attention/query/kernel,41,1.31212964333826676e-05,8.47127661108970642e-03
8,32,blocks/5/attention/query/kernel,42,1.27844341477612033e-05,8.42686649411916733e-03
8,32,blocks/5/attention/query/kernel,43,1.23871068353764713e-05,8.35591927170753479e-03
8,32,blocks/5/attention/query/kernel,44,1.21386819955660030e-05,8.28916765749454498e-03
8,32,blocks/5/attention/query/kernel,45,1.14965068860328756e-05,8.24661273509263992e-03
8,32,blocks/5/attention/query/kernel,46,1.14126569314976223e-05,8.19755904376506805e-03
8,32,blocks/5/attention/query/kernel,47,1.10655219032196328e-05,8.15377850085496902e-03
8,32,blocks/5/attention/query/kernel,48,1.06225852505303919e-05,8.04571807384490967e-03
8,32,blocks/5/attention/query/kernel,49,1.02670528576709330e-05,7.97583907842636108e-03
8,32,blocks/5/attention/query/kernel,50,1.00934366855653934e-05,7.92193040251731873e-03
8,32,blocks/5/attention/query/kernel,51,9.90149328572442755e-06,7.81360361725091934e-03
8,32,blocks/5/attention/query/kernel,52,9.74786053120624274e-06,7.77219049632549286e-03
8,32,blocks/5/attention/query/kernel,53,9.34291256271535531e-06,7.69486138597130775e-03
8,32,blocks/5/attention/query/kernel,54,9.12075938686029986e-06,7.60339619591832161e-03
8,32,blocks/5/attention/query/kernel,55,8.83751727087656036e-06,7.56953191012144089e-03
8,32,blocks/5/attention/query/kernel,56,8.60325872054090723e-06,7.48250540345907211e-03
8,32,blocks/5/attention/query/kernel,57,8.32457135402364656e-06,7.45199387893080711e-03
8,32,blocks/5/attention/query/kernel,58,8.13134556665318087e-06,7.38542946055531502e-03
8,32,blocks/5/attention/query/kernel,59,8.05909348855493590e-06,7.33782537281513214e-03
8,32,blocks/5/attention/query/kernel,60,7.74357340560527518e-06,7.22947949543595314e-03
8,32,blocks/5/attention/query/kernel,61,7.46670139051275328e-06,7.13214511051774025e-03
8,32,blocks/5/attention/query/kernel,62,7.26805410522501916e-06,7.10880197584629059e-03
8,32,blocks/5/attention/query/kernel,63,7.20453681424260139e-06,7.03744404017925262e-03
8,32,blocks/5/attention/query/kernel,64,6.96681718181935139e-06,6.99575291946530342e-03
8,32,blocks/5/attention/query/kernel,65,6.82909512761398219e-06,6.93885283544659615e-03
8,32,blocks/5/attention/query/kernel,66,6.77299613016657531e-06,6.89487950876355171e-03
8,32,blocks/5/attention/query/kernel,67,6.72726355332997628e-06,6.86499988660216331e-03
8,32,blocks/5/attention/query/kernel,68,6.60757223158725537e-06,6.81251985952258110e-03
8,32,blocks/5/attention/query/kernel,69,6.54383256915025413e-06,6.71373680233955383e-03
8,32,blocks/5/attention/query/kernel,70,6.24454241915373132e-06,6.61374535411596298e-03
8,32,blocks/5/attention/query/kernel,71,6.09855442235129885e-06,6.52798917144536972e-03
8,32,blocks/5/attention/query/kernel,72,5.97467396801221184e-06,6.47756969556212425e-03
8,32,blocks/5/attention/query/kernel,73,5.96266181673854589e-06,6.43097283318638802e-03
8,32,blocks/5/attention/query/kernel,74,5.72176850255345926e-06,6.41181832179427147e-03
8,32,blocks/5/attention/query/kernel,75,5.68617224416811951e-06,6.30842382088303566e-03
8,32,blocks/5/attention/query/kernel,76,5.53580366613459773e-06,6.24572392553091049e-03
8,32,blocks/5/attention/query/kernel,77,5.42585894436342642e-06,6.24190038070082664e-03
8,32,blocks/5/attention/query/kernel,78,5.32719423063099384e-06,6.20425026863813400e-03
8,32,blocks/5/attention/query/kernel,79,5.19134755450068042e-06,6.12699985504150391e-03
8,32,blocks/5/attention/query/kernel,80,5.06050309923011810e-06,6.10028114169836044e-03
8,32,blocks/5/attention/query/kernel,81,4.97439395985566080e-06,6.00459706038236618e-03
8,32,blocks/5/attention/query/kernel,82,4.92630533699411899e-06,5.88173139840364456e-03
8,32,blocks/5/attention/query/kernel,83,4.81523511552950367e-06,5.84240816533565521e-03
8,32,blocks/5/attention/query/kernel,84,4.76237983093596995e-06,5.76497102156281471e-03
8,32,blocks/5/attention/query/kernel,85,4.69243832412757911e-06,5.71899535134434700e-03
8,32,blocks/5/attention/query/kernel,86,4.54250630355090834e-06,5.66605199128389359e-03
8,32,blocks/5/attention/query/kernel,87,4.45870136900339276e-06,5.57451089844107628e-03
8,32,blocks/5/attention/query/kernel,88,4.37562994193285704e-06,5.51888905465602875e-03
8,32,blocks/5/attention/query/kernel,89,4.33258310295059346e-06,5.45043684542179108e-03
8,32,blocks/5/attention/query/kernel,90,4.22776429331861436e-06,5.40148653090000153e-03
8,32,blocks/5/attention/query/kernel,91,4.07902643928537145e-06,5.35444961860775948e-03
8,32,blocks/5/attention/query/kernel,92,3.98230758946738206e-06,5.28239179402589798e-03
8,32,blocks/5/attention/query/kernel,93,3.96583436668151990e-06,5.25789568200707436e-03
8,32,blocks/5/attention/query/kernel,94,3.92791480408050120e-06,5.23988716304302216e-03
8,32,blocks/5/attention/query/kernel,95,3.87481895813834853e-06,5.16373571008443832e-03
8,32,blocks/5/attention/query/kernel,96,3.79943730877130292e-06,5.08981384336948395e-03
8,32,blocks/5/attention/query/kernel,97,3.70626162293774541e-06,5.02532860264182091e-03
8,32,blocks/5/attention/query/kernel,98,3.57805834028113168e-06,5.02029806375503540e-03
8,32,blocks/5/attention/query/kernel,99,3.52383995050331578e-06,4.96218260377645493e-03
8,32,blocks/5/attention/query/kernel,100,3.51675566889753100e-06,4.92264283820986748e-03
8,32,blocks/5/attention/query/kernel,101,3.42955013366008643e-06,4.87415166571736336e-03
8,32,blocks/5/attention/query/kernel,102,3.39169628205127083e-06,4.79582417756319046e-03
8,32,blocks/5/attention/query/kernel,103,3.33543880515208002e-06,4.76568052545189857e-03
8,32,blocks/5/attention/query/kernel,104,3.23321683026733808e-06,4.68031922355294228e-03
8,32,blocks/5/attention/query/kernel,105,3.19051059705088846e-06,4.60410164669156075e-03
8,32,blocks/5/attention/query/kernel,106,3.14638668896805029e-06,4.57665883004665375e-03
8,32,blocks/5/attention/query/kernel,107,3.12003430735785514e-06,4.52642794698476791e-03
8,32,blocks/5/attention/query/kernel,108,3.07144841826811898e-06,4.45727352052927017e-03
8,32,blocks/5/attention/query/kernel,109,2.99882503895787522e-06,4.40821377560496330e-03
8,32,blocks/5/attention/query/kernel,110,2.97841916108154692e-06,4.33000875636935234e-03
8,32,blocks/5/attention/query/kernel,111,2.92601248474966269e-06,4.23367787152528763e-03
8,32,blocks/5/attention/query/kernel,112,2.85665146293467842e-06,4.17627347633242607e-03
8,32,blocks/5/attention/query/kernel,113,2.85071200778475031e-06,4.14010416716337204e-03
8,32,blocks/5/attention/query/kernel,114,2.70702616944618057e-06,4.08632634207606316e-03
8,32,blocks/5/attention/query/kernel,115,2.66423853645392228e-06,4.05588047578930855e-03
8,32,blocks/5/attention/query/kernel,116,2.62818889495974872e-06,4.01230202987790108e-03
8,32,blocks/5/attention/query/kernel,117,2.61157515524246264e-06,3.96008836105465889e-03
8,32,blocks/5/attention/query/kernel,118,2.53467442234978080e-06,3.86582547798752785e-03
8,32,blocks/5/attention/query/kernel,119,2.48210926656611264e-06,3.82177857682108879e-03
8,32,blocks/5/attention/query/kernel,120,2.45150999944598880e-06,3.75547423027455807e-03
8,32,blocks/5/attention/query/kernel,121,2.39128053181048017e-06,3.69636132381856441e-03
8,32,blocks/5/attention/query/kernel,122,2.32897946261800826e-06,3.67640075273811817e-03
8,32,blocks/5/attention/query/kernel,123,2.25905432671424933e-06,3.61455441452562809e-03
8,32,blocks/5/attention/query/kernel,124,2.22673133976059034e-06,3.55260563082993031e-03
8,32,blocks/5/attention/query/kernel,125,2.19879370888520498e-06,3.51085001602768898e-03
8,32,blocks/5/attention/query/kernel,126,2.15636146094766445e-06,3.49502009339630604e-03
8,32,blocks/5/attention/query/kernel,127,2.10098755815124605e-06,3.43584571965038776e-03
8,32,blocks/5/attention/query/kernel,128,2.04409980142372660e-06,3.35645326413214207e-03
8,32,blocks/5/attention/query/kernel,129,2.03182707991800271e-06,3.28714330680668354e-03
8,32,blocks/5/attention/query/kernel,130,1.97004851543169934e-06,3.22706997394561768e-03
8,32,blocks/5/attention/query/kernel,131,1.94462586478039157e-06,3.17853130400180817e-03
8,32,blocks/5/attention/query/kernel,132,1.91285107575822622e-06,3.12246102839708328e-03
8,32,blocks/5/attention/query/kernel,133,1.86616796327143675e-06,3.08479345403611660e-03
8,32,blocks/5/attention/query/kernel,134,1.80240954250621144e-06,3.02729476243257523e-03
8,32,blocks/5/attention/query/kernel,135,1.77492279362923000e-06,2.97635677270591259e-03
8,32,blocks/5/attention/query/kernel,136,1.73101363998284796e-06,2.94066965579986572e-03
8,32,blocks/5/attention/query/kernel,137,1.67908694947982440e-06,2.86470470018684864e-03
8,32,blocks/5/attention/query/kernel,138,1.64302559824136551e-06,2.80779227614402771e-03
8,32,blocks/5/attention/query/kernel,139,1.61586069680197397e-06,2.77171726338565350e-03
8,32,blocks/5/attention/query/kernel,140,1.56733085532323457e-06,2.75004445575177670e-03
8,32,blocks/5/attention/query/kernel,141,1.53025519011862343e-06,2.63863033615052700e-03
8,32,blocks/5/attention/query/kernel,142,1.48324102156038862e-06,2.55975523032248020e-03
8,32,blocks/5/attention/query/kernel,143,1.44703551541169873e-06,2.52020591869950294e-03
8,32,blocks/5/attention/query/kernel,144,1.39618794037232874e-06,2.49015213921666145e-03
8,32,blocks/5/attention/query/kernel,145,1.38992663778481074e-06,2.41163326427340508e-03
8,32,blocks/5/attention/query/kernel,146,1.36502785608172417e-06,2.33703432604670525e-03
8,32,blocks/5/attention/query/kernel,147,1.33988282868813258e-06,2.29854416102170944e-03
8,32,blocks/5/attention/query/kernel,148,1.31297667849139543e-06,2.24131415598094463e-03
8,32,blocks/5/attention/query/kernel,149,1.27330167742911726e-06,2.19219760037958622e-03
8,32,blocks/5/attention/query/kernel,150,1.24288158076524269e-06,2.11730459704995155e-03
8,32,blocks/5/attention/query/kernel,151,1.17344723093992798e-06,2.09058332256972790e-03
8,32,blocks/5/attention/query/kernel,152,1.16707383313041646e-06,2.04925565049052238e-03
8,32,blocks/5/attention/query/kernel,153,1.14088811642432120e-06,2.00599478557705879e-03
8,32,blocks/5/attention/query/kernel,154,1.10449991552741267e-06,1.96172320283949375e-03
8,32,blocks/5/attention/query/kernel,155,1.04739626749505987e-06,1.90839997958391905e-03
8,32,blocks/5/attention/query/kernel,156,1.02479123142984463e-06,1.81236560456454754e-03
8,32,blocks/5/attention/query/kernel,157,9.94218794403423090e-07,1.80314271710813046e-03
8,32,blocks/5/attention/query/kernel,158,9.80745426204521209e-07,1.72822643071413040e-03
8,32,blocks/5/attention/query/kernel,159,9.20646982649486745e-07,1.70039641670882702e-03
8,32,blocks/5/attention/query/kernel,160,8.95688515356596326e-07,1.65786454454064369e-03
8,32,blocks/5/attention/query/kernel,161,8.63476429913134780e-07,1.63117516785860062e-03
8,32,blocks/5/attention/query/kernel,162,8.54258473736990709e-07,1.54224853031337261e-03
8,32,blocks/5/attention/query/kernel,163,8.43785471715818858e-07,1.50775699876248837e-03
8,32,blocks/5/attention/query/kernel,164,7.85427062055532588e-07,1.47502764593809843e-03
8,32,blocks/5/attention/query/kernel,165,7.77419018049840815e-07,1.43267086241394281e-03
8,32,blocks/5/attention/query/kernel,166,7.34619789000134915e-07,1.37813668698072433e-03
8,32,blocks/5/attention/query/kernel,167,6.74291356972389622e-07,1.31642085034400225e-03
8,32,blocks/5/attention/query/kernel,168,6.53353538382361876e-07,1.23571557924151421e-03
8,32,blocks/5/attention/query/kernel,169,6.12596352311811643e-07,1.20290461927652359e-03
8,32,blocks/5/attention/query/kernel,170,5.95943959069700213e-07,1.19159417226910591e-03
8,32,blocks/5/attention/query/kernel,171,5.74706689349113731e-07,1.14146759733557701e-03
8,32,blocks/5/attention/query/kernel,172,5.42901375411020126e-07,1.07665348332375288e-03
8,32,blocks/5/attention/query/kernel,173,5.00305816331092501e-07,9.64342383667826653e-04
8,32,blocks/5/attention/query/kernel,174,4.84185250115842791e-07,9.39879741054028273e-04
8,32,blocks/5/attention/query/kernel,175,4.41013298768666573e-07,8.68452480062842369e-04
8,32,blocks/5/attention/query/kernel,176,4.06239308858857839e-07,8.10152036137878895e-04
8,32,blocks/5/attention/query/kernel,177,3.94794341218585032e-07,7.76540022343397141e-04
8,32,blocks/5/attention/query/kernel,178,3.77036968757238355e-07,7.59399437811225653e-04
8,32,blocks/5/attention/query/kernel,179,3.48092953572631814e-07,7.32884276658296585e-04
8,32,blocks/5/attention/query/kernel,180,3.11007568143395474e-07,6.72922178637236357e-04
8,32,blocks/5/attention/query/kernel,181,2.85552715695303050e-07,5.88836206588894129e-04
8,32,blocks/5/attention/query/kernel,182,2.79425876215100288e-07,5.55752078071236610e-04
8,32,blocks/5/attention/query/kernel,183,2.43257602505764225e-07,5.06858166772872210e-04
8,32,blocks/5/attention/query/kernel,184,2.14239534557236766e-07,4.41739190137013793e-04
8,32,blocks/5/attention/query/kernel,185,2.10098875186304213e-07,3.79069300834089518e-04
8,32,blocks/5/attention/query/kernel,186,1.59416359224451298e-07,3.43337655067443848e-04
8,32,blocks/5/attention/query/kernel,187,1.24747899121757655e-07,2.65267619397491217e-04
8,32,blocks/5/attention/query/kernel,188,1.02063005158470332e-07,1.86434539500623941e-04
8,32,blocks/5/attention/query/kernel,189,9.28954264622916526e-08,1.26929720863699913e-04
8,32,blocks/5/attention/query/kernel,190,3.41107053714040376e-08,9.57607917371205986e-05
8,32,blocks/5/attention/query/kernel,191,1.46018725999397248e-08,4.69530314148869365e-05
8,32,blocks/5/attention/query/kernel,192,3.36269373457653842e-10,2.72255965683143586e-05
8,32,blocks/11/attention/query/kernel,1,3.60100675607100129e-04,1.22918207198381424e-02
8,32,blocks/11/attention/query/kernel,2,2.77545826975256205e-04,1.21088540181517601e-02
8,32,blocks/11/attention/query/kernel,3,2.17685053939931095e-04,1.18487626314163208e-02
8,32,blocks/11/attention/query/kernel,4,2.05246600671671331e-04,1.17324804887175560e-02
8,32,blocks/11/attention/query/kernel,5,1.57755130203440785e-04,1.16408839821815491e-02
8,32,blocks/11/attention/query/kernel,6,1.27119550597853959e-04,1.15315113216638565e-02
8,32,blocks/11/attention/query/kernel,7,1.10370958282146603e-04,1.12860174849629402e-02
8,32,blocks/11/attention/query/kernel,8,9.25904823816381395e-05,1.11400233581662178e-02
8,32,blocks/11/attention/query/kernel,9,8.95838602446019650e-05,1.09815858304500580e-02
8,32,blocks/11/attention/query/kernel,10,6.85475388308987021e-05,1.09788980334997177e-02
8,32,blocks/11/attention/query/kernel,11,4.21958102378994226e-05,1.07841687276959419e-02
8,32,blocks/11/attention/query/kernel,12,3.20717663271352649e-05,1.07288612052798271e-02
8,32,blocks/11/attention/query/kernel,13,2.55740778811741620e-05,1.06456242501735687e-02
8,32,blocks/11/attention/query/kernel,14,2.29060024139471352e-05,1.05208307504653931e-02
8,32,blocks/11/attention/query/kernel,15,2.03332856472115964e-05,1.04769691824913025e-02
8,32,blocks/11/attention/query/kernel,16,1.87543701031245291e-05,1.04168895632028580e-02
8,32,blocks/11/attention/query/kernel,17,1.75283912540180609e-05,1.03097353130578995e-02
8,32,blocks/11/attention/query/kernel,18,1.74634042195975780e-05,1.01268077269196510e-02
8,32,blocks/11/attention/query/kernel,19,1.60134532052325085e-05,1.00171081721782684e-02
8,32,blocks/11/attention/query/kernel,20,1.53908949869219214e-05,1.00020216777920723e-02
8,32,blocks/11/attention/query/kernel,21,1.48984772749827243e-05,9.95792914181947708e-03
8,32,blocks/11/attention/query/kernel,22,1.41537057061214000e-05,9.78965964168310165e-03
8,32,blocks/11/attention/query/kernel,23,1.35551999846938998e-05,9.68072284013032913e-03
8,32,blocks/11/attention/query/kernel,24,1.31265423988224939e-05,9.62324813008308411e-03
8,32,blocks/11/attention/query/kernel,25,1.28289757412858307e-05,9.59353614598512650e-03
8,32,blocks/11/attention/query/kernel,26,1.22245555758127011e-05,9.53647587448358536e-03
8,32,blocks/11/attention/query/kernel,27,1.15579723569680937e-05,9.42768901586532593e-03
8,32,blocks/11/attention/query/kernel,28,1.12755278678378090e-05,9.36608761548995972e-03
8,32,blocks/11/attention/query/kernel,29,1.04371556517435238e-05,9.25837457180023193e-03
8,32,blocks/11/attention/query/kernel,30,1.02444500953424722e-05,9.18858777731657028e-03
8,32,blocks/11/attention/query/kernel,31,9.73846636043163016e-06,9.09002125263214111e-03
8,32,blocks/11/attention/query/kernel,32,9.58353484747931361e-06,9.05804801732301712e-03
8,32,blocks/11/attention/query/kernel,33,9.42079168453346938e-06,8.98355990648269653e-03
8,32,blocks/11/attention/query/kernel,34,9.09387017600238323e-06,8.93267057836055756e-03
8,32,blocks/11/attention/query/kernel,35,8.81725190993165597e-06,8.82391072809696198e-03
8,32,blocks/11/attention/query/kernel,36,8.51017830427736044e-06,8.79686325788497925e-03
8,32,blocks/11/attention/query/kernel,37,8.19407159724505618e-06,8.72488599270582199e-03
8,32,blocks/11/attention/query/kernel,38,8.08486856840318069e-06,8.62000882625579834e-03
8,32,blocks/11/attention/query/kernel,39,7.75181706558214501e-06,8.53268057107925415e-03
8,32,blocks/11/attention/query/kernel,40,7.65865479479543865e-06,8.44465289264917374e-03
8,32,blocks/11/attention/query/kernel,41,7.45687657399685122e-06,8.41985922306776047e-03
8,32,blocks/11/attention/query/kernel,42,7.29437897462048568e-06,8.35229083895683289e-03
8,32,blocks/11/attention/query/kernel,43,6.98333224136149511e-06,8.34230147302150726e-03
8,32,blocks/11/attention/query/kernel,44,6.97426048645866103e-06,8.25164467096328735e-03
8,32,blocks/11/attention/query/kernel,45,6.79609047438134439e-06,8.18179268389940262e-03
8,32,blocks/11/attention/query/kernel,46,6.65779953124001622e-06,8.03918857127428055e-03
8,32,blocks/11/attention/query/kernel,47,6.60418072584434412e-06,8.02499148994684219e-03
8,32,blocks/11/attention/query/kernel,48,6.26890141575131565e-06,7.91225116699934006e-03
8,32,blocks/11/attention/query/kernel,49,6.17647401668364182e-06,7.87278544157743454e-03
8,32,blocks/11/attention/query/kernel,50,6.07862284596194513e-06,7.82427843660116196e-03
8,32,blocks/11/attention/query/kernel,51,6.00171051701181568e-06,7.76562653481960297e-03
8,32,blocks/11/attention/query/kernel,52,5.88134389545302838e-06,7.73146329447627068e-03
8,32,blocks/11/attention/query/kernel,53,5.72025919609586708e-06,7.66500411555171013e-03
8,32,blocks/11/attention/query/kernel,54,5.51503899259842001e-06,7.64973927289247513e-03
8,32,blocks/11/attention/query/kernel,55,5.48458410776220262e-06,7.58279068395495415e-03
8,32,blocks/11/attention/query/kernel,56,5.40256496606161818e-06,7.43781309574842453e-03
8,32,blocks/11/attention/query/kernel,57,5.29919634573161602e-06,7.37722171470522881e-03
8,32,blocks/11/attention/query/kernel,58,5.19022160005988553e-06,7.30517879128456116e-03
8,32,blocks/11/attention/query/kernel,59,5.02772945765173063e-06,7.27278459817171097e-03
8,32,blocks/11/attention/query/kernel,60,4.96760367241222411e-06,7.18736555427312851e-03
8,32,blocks/11/attention/query/kernel,61,4.85538475913926959e-06,7.13457539677619934e-03
8,32,blocks/11/attention/query/kernel,62,4.77183721159235574e-06,7.08361342549324036e-03
8,32,blocks/11/attention/query/kernel,63,4.64439062852761708e-06,6.96016428992152214e-03
8,32,blocks/11/attention/query/kernel,64,4.51874302598298527e-06,6.87534362077713013e-03
8,32,blocks/11/attention/query/kernel,65,4.46480089522083290e-06,6.83567952364683151e-03
8,32,blocks/11/attention/query/kernel,66,4.36898289990494959e-06,6.72027468681335449e-03
8,32,blocks/11/attention/query/kernel,67,4.34834873885847628e-06,6.67889602482318878e-03
8,32,blocks/11/attention/query/kernel,68,4.17009096054243855e-06,6.63605611771345139e-03
8,32,blocks/11/attention/query/kernel,69,4.14480246035964228e-06,6.59614475443959236e-03
8,32,blocks/11/attention/query/kernel,70,4.03088097300496884e-06,6.58902479335665703e-03
8,32,blocks/11/attention/query/kernel,71,3.91176672565052286e-06,6.52857497334480286e-03
8,32,blocks/11/attention/query/kernel,72,3.90106242775800638e-06,6.47109560668468475e-03
8,32,blocks/11/attention/query/kernel,73,3.85232669941615313e-06,6.39766920357942581e-03
8,32,blocks/11/attention/query/kernel,74,3.75380182049411815e-06,6.36266684159636497e-03
8,32,blocks/11/attention/query/kernel,75,3.67874895346176345e-06,6.26693759113550186e-03
8,32,blocks/11/attention/query/kernel,76,3.64684683518134989e-06,6.20520208030939102e-03
8,32,blocks/11/attention/query/kernel,77,3.49909828400996048e-06,6.16262666881084442e-03
8,32,blocks/11/attention/query/kernel,78,3.47411855727841612e-06,6.12425012513995171e-03
8,32,blocks/11/attention/query/kernel,79,3.39535222337872256e-06,6.00361637771129608e-03
8,32,blocks/11/attention/query/kernel,80,3.34306628246849868e-06,5.95068139955401421e-03
8,32,blocks/11/attention/query/kernel,81,3.29749673255719244e-06,5.91213442385196686e-03
8,32,blocks/11/attention/query/kernel,82,3.24373604598804377e-06,5.82445040345191956e-03
8,32,blocks/11/attention/query/kernel,83,3.22945447805977892e-06,5.80546725541353226e-03
8,32,blocks/11/attention/query/kernel,84,3.14536850964941550e-06,5.74167072772979736e-03
8,32,blocks/11/attention/query/kernel,85,3.04347395285731182e-06,5.65819861367344856e-03
8,32,blocks/11/attention/query/kernel,86,3.01760815091256518e-06,5.62863145023584366e-03
8,32,blocks/11/attention/query/kernel,87,2.95905283564934507e-06,5.57509902864694595e-03
8,32,blocks/11/attention/query/kernel,88,2.89964236799278297e-06,5.57244895026087761e-03
8,32,blocks/11/attention/query/kernel,89,2.81931943391100504e-06,5.44627197086811066e-03
8,32,blocks/11/attention/query/kernel,90,2.79091636912198737e-06,5.41602401062846184e-03
8,32,blocks/11/attention/query/kernel,91,2.78297875411226414e-06,5.35548711195588112e-03
8,32,blocks/11/attention/query/kernel,92,2.67068708126316778e-06,5.27919409796595573e-03
8,32,blocks/11/attention/query/kernel,93,2.64989625975431409e-06,5.22482395172119141e-03
8,32,blocks/11/attention/query/kernel,94,2.61398872680729255e-06,5.11421449482440948e-03
8,32,blocks/11/attention/query/kernel,95,2.57013425652985461e-06,5.04891015589237213e-03
8,32,blocks/11/attention/query/kernel,96,2.52854010795999784e-06,5.01297600567340851e-03
8,32,blocks/11/attention/query/kernel,97,2.46241052082041278e-06,4.98608965426683426e-03
8,32,blocks/11/attention/query/kernel,98,2.42984742726548575e-06,4.87043941393494606e-03
8,32,blocks/11/attention/query/kernel,99,2.38652091866242699e-06,4.83057741075754166e-03
8,32,blocks/11/attention/query/kernel,100,2.35831748796044849e-06,4.81572886928915977e-03
8,32,blocks/11/attention/query/kernel,101,2.28427370529971085e-06,4.69803018495440483e-03
8,32,blocks/11/attention/query/kernel,102,2.27680834541388322e-06,4.67803468927741051e-03
8,32,blocks/11/attention/query/kernel,103,2.26476504394668154e-06,4.62949415668845177e-03
8,32,blocks/11/attention/query/kernel,104,2.20748961510253139e-06,4.55826381221413612e-03
8,32,blocks/11/attention/query/kernel,105,2.15457475860603154e-06,4.50408691540360451e-03
8,32,blocks/11/attention/query/kernel,106,2.12838313018437475e-06,4.49214829131960869e-03
8,32,blocks/11/attention/query/kernel,107,2.10224061447661370e-06,4.46782307699322701e-03
8,32,blocks/11/attention/query/kernel,108,2.01859506887558382e-06,4.35448437929153442e-03
8,32,blocks/11/attention/query/kernel,109,1.97799090528860688e-06,4.32624854147434235e-03
8,32,blocks/11/attention/query/kernel,110,1.96351152226270642e-06,4.25955606624484062e-03
8,32,blocks/11/attention/query/kernel,111,1.94963422472937964e-06,4.21779928728938103e-03
8,32,blocks/11/attention/query/kernel,112,1.93650134860945400e-06,4.17658267542719841e-03
8,32,blocks/11/attention/query/kernel,113,1.85047497325285804e-06,4.14753099903464317e-03
8,32,blocks/11/attention/query/kernel,114,1.82305188900500070e-06,4.05200105160474777e-03
8,32,blocks/11/attention/query/kernel,115,1.81134817012207350e-06,4.00664936751127243e-03
8,32,blocks/11/attention/query/kernel,116,1.77337915374664590e-06,3.94580233842134476e-03
8,32,blocks/11/attention/query/kernel,117,1.73936609826341737e-06,3.92036698758602142e-03
8,32,blocks/11/attention/query/kernel,118,1.72201885106915142e-06,3.86216421611607075e-03
8,32,blocks/11/attention/query/kernel,119,1.67698794939497020e-06,3.83207225240767002e-03
8,32,blocks/11/attention/query/kernel,120,1.64466882779379375e-06,3.77207924611866474e-03
8,32,blocks/11/attention/query/kernel,121,1.61096409101446625e-06,3.75428749248385429e-03
8,32,blocks/11/attention/query/kernel,122,1.58011425810400397e-06,3.68631188757717609e-03
8,32,blocks/11/attention/query/kernel,123,1.53520534240669804e-06,3.58964176848530769e-03
8,32,blocks/11/attention/query/kernel,124,1.50660071085439995e-06,3.53637593798339367e-03
8,32,blocks/11/attention/query/kernel,125,1.48113508657843340e-06,3.44028626568615437e-03
8,32,blocks/11/attention/query/kernel,126,1.45077876823052065e-06,3.40549740940332413e-03
8,32,blocks/11/attention/query/kernel,127,1.43995316648215521e-06,3.36798396892845631e-03
8,32,blocks/11/attention/query/kernel,128,1.42185547247208888e-06,3.25575168244540691e-03
8,32,blocks/11/attention/query/kernel,129,1.39900555495842127e-06,3.22528090327978134e-03
8,32,blocks/11/attention/query/kernel,130,1.35497930386918597e-06,3.14740836620330811e-03
8,32,blocks/11/attention/query/kernel,131,1.28232011320505990e-06,3.12770204618573189e-03
8,32,blocks/11/attention/query/kernel,132,1.26618670037714764e-06,3.10260755941271782e-03
8,32,blocks/11/attention/query/kernel,133,1.24656980915460736e-06,3.01102828234434128e-03
8,32,blocks/11/attention/query/kernel,134,1.23278095998102799e-06,2.94808391481637955e-03
8,32,blocks/11/attention/query/kernel,135,1.21117091111955233e-06,2.89940834045410156e-03
8,32,blocks/11/attention/query/kernel,136,1.18872469556663418e-06,2.88455164991319180e-03
8,32,blocks/11/attention/query/kernel,137,1.18139291771512944e-06,2.84287449903786182e-03
8,32,blocks/11/attention/query/kernel,138,1.12950465336325578e-06,2.81860912218689919e-03
8,32,blocks/11/attention/query/kernel,139,1.10931830477056792e-06,2.76706041768193245e-03
8,32,blocks/11/attention/query/kernel,140,1.07256914816389326e-06,2.73242709226906300e-03
8,32,blocks/11/attention/query/kernel,141,1.06845686786982697e-06,2.67778988927602768e-03
8,32,blocks/11/attention/query/kernel,142,1.04708101389405783e-06,2.59588216431438923e-03
8,32,blocks/11/attention/query/kernel,143,1.02031390269985422e-06,2.49991938471794128e-03
8,32,blocks/11/attention/query/kernel,144,1.00191073215682991e-06,2.44908337481319904e-03
8,32,blocks/11/attention/query/kernel,145,9.91053525467577856e-07,2.42100888863205910e-03
8,32,blocks/11/attention/query/kernel,146,9.78100501924927812e-07,2.34951800666749477e-03
8,32,blocks/11/attention/query/kernel,147,9.26717518723307876e-07,2.33293441124260426e-03
8,32,blocks/11/attention/query/kernel,148,9.14656766326515935e-07,2.25179456174373627e-03
8,32,blocks/11/attention/query/kernel,149,9.04018179426202551e-07,2.19595897942781448e-03
8,32,blocks/11/attention/query/kernel,150,8.67657661274279235e-07,2.14917981065809727e-03
8,32,blocks/11/attention/query/kernel,151,8.22224535568238935e-07,2.08445941098034382e-03
8,32,blocks/11/attention/query/kernel,152,8.09903156095970189e-07,2.04528984613716602e-03
8,32,blocks/11/attention/query/kernel,153,7.85418762916378910e-07,1.97974173352122307e-03
8,32,blocks/11/attention/query/kernel,154,7.57145471652620472e-07,1.94780644960701466e-03
8,32,blocks/11/attention/query/kernel,155,7.43791019885975402e-07,1.90169783309102058e-03
8,32,blocks/11/attention/query/kernel,156,7.20332593573402846e-07,1.87831185758113861e-03
8,32,blocks/11/attention/query/kernel,157,6.98813323651847895e-07,1.85464601963758469e-03
8,32,blocks/11/attention/query/kernel,158,6.66735104459803551e-07,1.72430917154997587e-03
8,32,blocks/11/attention/query/kernel,159,6.57647376556269592e-07,1.69562234077602625e-03
8,32,blocks/11/attention/query/kernel,160,6.43985288206749829e-07,1.64223066531121731e-03
8,32,blocks/11/attention/query/kernel,161,6.31770660675101681e-07,1.59395043738186359e-03
8,32,blocks/11/attention/query/kernel,162,5.85839416089584120e-07,1.55988719779998064e-03
8,32,blocks/11/attention/query/kernel,163,5.67962672448629746e-07,1.51661597192287445e-03
8,32,blocks/11/attention/query/kernel,164,5.58808210371353198e-07,1.45843497011810541e-03
8,32,blocks/11/attention/query/kernel,165,5.31019793470477453e-07,1.38772523496299982e-03
8,32,blocks/11/attention/query/kernel,166,5.25431119058339391e-07,1.34541455190628767e-03
8,32,blocks/11/attention/query/kernel,167,5.17597641191969160e-07,1.29436934366822243e-03
8,32,blocks/11/attention/query/kernel,168,4.89867375108588021e-07,1.25001929700374603e-03
8,32,blocks/11/attention/query/kernel,169,4.62066765294366633e-07,1.13883428275585175e-03
8,32,blocks/11/attention/query/kernel,170,4.39326385048843804e-07,1.09199166763573885e-03
8,32,blocks/11/attention/query/kernel,171,4.15021730759690399e-07,1.06977892573922873e-03
8,32,blocks/11/attention/query/kernel,172,3.80812934963614680e-07,1.01028766948729753e-03
8,32,blocks/11/attention/query/kernel,173,3.61601479426099104e-07,1.00321741774678230e-03
8,32,blocks/11/attention/query/kernel,174,3.37291396590444492e-07,8.88098904397338629e-04
8,32,blocks/11/attention/query/kernel,175,3.27772738728526747e-07,8.41793254949152470e-04
8,32,blocks/11/attention/query/kernel,176,3.09255682395814802e-07,7.91073834989219904e-04
8,32,blocks/11/attention/query/kernel,177,2.97343774491309887e-07,7.62210926041007042e-04
8,32,blocks/11/attention/query/kernel,178,2.82233401094345027e-07,7.38663133233785629e-04
8,32,blocks/11/attention/query/kernel,179,2.69856997192619019e-07,7.00085307471454144e-04
8,32,blocks/11/attention/query/kernel,180,2.34813796851085499e-07,5.87642483878880739e-04
8,32,blocks/11/attention/query/kernel,181,2.21020869162202871e-07,5.29839075170457363e-04
8,32,blocks/11/attention/query/kernel,182,1.95101165445521474e-07,5.14091691002249718e-04
8,32,blocks/11/attention/query/kernel,183,1.64367179422697518e-07,4.64570330223068595e-04
8,32,blocks/11/attention/query/kernel,184,1.60706306928659615e-07,4.33715817052870989e-04
8,32,blocks/11/attention/query/kernel,185,1.30989661784042255e-07,3.55658994521945715e-04
8,32,blocks/11/attention/query/kernel,186,1.20692646987663466e-07,3.14336823066696525e-04
8,32,blocks/11/attention/query/kernel,187,9.63734336778543366e-08,2.93162331217899919e-04
8,32,blocks/11/attention/query/kernel,188,9.03587746847733797e-08,2.27663331315852702e-04
8,32,blocks/11/attention/query/kernel,189,6.42118180849138298e-08,1.73575201188214123e-04
8,32,blocks/11/attention/query/kernel,190,5.20514760182777536e-08,1.25675025628879666e-04
8,32,blocks/11/attention/query/kernel,191,1.75696577286998945e-08,8.13447113614529371e-05
8,32,blocks/11/attention/query/kernel,192,2.51997733791142764e-09,1.68084934557555243e-05
8,244,blocks/0/attention/query/kernel,1,4.13333873439114541e-05,1.24386008828878403e-02
8,244,blocks/0/attention/query/kernel,2,1.69023041962645948e-05,1.23436832800507545e-02
8,244,blocks/0/attention/query/kernel,3,1.46635748023982160e-05,1.20619386434555054e-02
8,244,blocks/0/attention/query/kernel,4,1.40969095809850842e-05,1.18865044787526131e-02
8,244,blocks/0/attention/query/kernel,5,1.28081028378801420e-05,1.18524217978119850e-02
8,244,blocks/0/attention/query/kernel,6,1.04126611404353753e-05,1.16265937685966492e-02
8,244,blocks/0/attention/query/kernel,7,9.68536005530040711e-06,1.15463742986321449e-02
8,244,blocks/0/attention/query/kernel,8,8.94851018529152498e-06,1.14394882693886757e-02
8,244,blocks/0/attention/query/kernel,9,8.57951181387761608e-06,1.12739410251379013e-02
8,244,blocks/0/attention/query/kernel,10,7.56741837903973646e-06,1.11907068639993668e-02
8,244,blocks/0/attention/query/kernel,11,7.19132685844670050e-06,1.11188162118196487e-02
8,244,blocks/0/attention/query/kernel,12,6.85156282997922972e-06,1.09323738142848015e-02
8,244,blocks/0/attention/query/kernel,13,6.22997004029457457e-06,1.08669446781277657e-02
8,244,blocks/0/attention/query/kernel,14,5.23908056493382901e-06,1.07066724449396133e-02
8,244,blocks/0/attention/query/kernel,15,5.12421820531017147e-06,1.06039242818951607e-02
8,244,blocks/0/attention/query/kernel,16,5.01618978887563571e-06,1.05308806523680687e-02
8,244,blocks/0/attention/query/kernel,17,4.41442807641578838e-06,1.04155596345663071e-02
8,244,blocks/0/attention/query/kernel,18,4.26674660047865473e-06,1.03227747604250908e-02
8,244,blocks/0/attention/query/kernel,19,4.14277883464819752e-06,1.02740693837404251e-02
8,244,blocks/0/attention/query/kernel,20,3.94695734939887188e-06,1.02471867576241493e-02
8,244,blocks/0/attention/query/kernel,21,3.67890720553987194e-06,1.01592801511287689e-02
8,244,blocks/0/attention/query/kernel,22,3.11395865537633654e-06,1.00790876895189285e-02
8,244,blocks/0/attention/query/kernel,23,3.08326184494944755e-06,1.00006870925426483e-02
8,244,blocks/0/attention/query/kernel,24,2.90685625259357039e-06,9.93175804615020752e-03
8,244,blocks/0/attention/query/kernel,25,2.79216942544735502e-06,9.84940677881240845e-03
8,244,blocks/0/attention/query/kernel,26,2.66382176050683483e-06,9.76795144379138947e-03
8,244,blocks/0/attention/query/kernel,27,2.35919264923722949e-06,9.69018880277872086e-03
8,244,blocks/0/attention/query/kernel,28,2.31254443860962056e-06,9.56136640161275864e-03
8,244,blocks/0/attention/query/kernel,29,2.20969104702817276e-06,9.49026644229888916e-03
8,244,blocks/0/attention/query/kernel,30,2.01138573174830526e-06,9.39184054732322693e-03
8,244,blocks/0/attention/query/kernel,31,1.89631691682734527e-06,9.34461690485477448e-03
8,244,blocks/0/attention/query/kernel,32,1.84119573987118201e-06,9.29646100848913193e-03
8,244,blocks/0/attention/query/kernel,33,1.72848922375123948e-06,9.12464130669832230e-03
8,244,blocks/0/attention/query/kernel,34,1.68028088864957681e-06,9.07042901962995529e-03
8,244,blocks/0/attention/query/kernel,35,1.58137686412374023e-06,9.04037710279226303e-03
8,244,blocks/0/attention/query/kernel,36,1.39057465275982395e-06,8.96311737596988678e-03
8,244,blocks/0/attention/query/kernel,37,1.34854963107500225e-06,8.91973637044429779e-03
8,244,blocks/0/attention/query/kernel,38,1.30168177747691516e-06,8.75254254788160324e-03
8,244,blocks/0/attention/query/kernel,39,1.22220922094129492e-06,8.73235054314136505e-03
8,244,blocks/0/attention/query/kernel,40,1.17640070129709784e-06,8.66671185940504074e-03
8,244,blocks/0/attention/query/kernel,41,1.12534769414196489e-06,8.55832081288099289e-03
8,244,blocks/0/attention/query/kernel,42,1.06716640857484890e-06,8.47405567765235901e-03
8,244,blocks/0/attention/query/kernel,43,9.61832483881153166e-07,8.38922616094350815e-03
8,244,blocks/0/attention/query/kernel,44,9.28187887438980397e-07,8.36357753723859787e-03
8,244,blocks/0/attention/query/kernel,45,9.17695274438301567e-07,8.31893645226955414e-03
8,244,blocks/0/attention/query/kernel,46,8.90827493549295468e-07,8.22893064469099045e-03
8,244,blocks/0/attention/query/kernel,47,8.26543612220120849e-07,8.15694965422153473e-03
8,244,blocks/0/attention/query/kernel,48,7.67526614708913257e-07,8.10901448130607605e-03
8,244,blocks/0/attention/query/kernel,49,7.52837252093740972e-07,8.01708735525608063e-03
8,244,blocks/0/attention/query/kernel,50,6.94469179052248364e-07,7.98765756189823151e-03
8,244,blocks/0/attention/query/kernel,51,6.56339693705376703e-07,7.93701503425836563e-03
8,244,blocks/0/attention/query/kernel,52,6.26993596597458236e-07,7.84037448465824127e-03
8,244,blocks/0/attention/query/kernel,53,5.96085897086595651e-07,7.80416373163461685e-03
8,244,blocks/0/attention/query/kernel,54,5.55787380562833278e-07,7.68324499949812889e-03
8,244,blocks/0/attention/query/kernel,55,5.21810534337419085e-07,7.59546924382448196e-03
8,244,blocks/0/attention/query/kernel,56,4.96536642913270043e-07,7.51335406675934792e-03
8,244,blocks/0/attention/query/kernel,57,4.47094237188139232e-07,7.46595580130815506e-03
8,244,blocks/0/attention/query/kernel,58,4.20762148678477388e-07,7.42507772520184517e-03
8,244,blocks/0/attention/query/kernel,59,4.03525433512186282e-07,7.35904462635517120e-03
8,244,blocks/0/attention/query/kernel,60,3.76195970375192701e-07,7.32084037736058235e-03
8,244,blocks/0/attention/query/kernel,61,3.55938823304313701e-07,7.29340314865112305e-03
8,244,blocks/0/attention/query/kernel,62,3.24176056665237411e-07,7.22580449655652046e-03
8,244,blocks/0/attention/query/kernel,63,3.11254950702277711e-07,7.14916177093982697e-03
8,244,blocks/0/attention/query/kernel,64,2.87146406208194094e-07,7.11635407060384750e-03
8,244,blocks/0/attention/query/kernel,65,2.67855767788205412e-07,7.05242203548550606e-03
8,244,blocks/0/attention/query/kernel,66,2.49419514375404106e-07,6.97535742074251175e-03
8,244,blocks/0/attention/query/kernel,67,2.33383175896051398e-07,6.91762473434209824e-03
8,244,blocks/0/attention/query/kernel,68,2.28854844408488134e-07,6.83139078319072723e-03
8,244,blocks/0/attention/query/kernel,69,2.16666435903789534e-07,6.77904486656188965e-03
8,244,blocks/0/attention/query/kernel,70,2.01357465812179726e-07,6.73400750383734703e-03
8,244,blocks/0/attention/query/kernel,71,1.73257973301588208e-07,6.64545269683003426e-03
8,244,blocks/0/attention/query/kernel,72,1.71296790085762041e-07,6.54179882258176804e-03
8,244,blocks/0/attention/query/kernel,73,1.55093161424701975e-07,6.48501981049776077e-03
8,244,blocks/0/attention/query/kernel,74,1.51463623865311092e-07,6.43265387043356895e-03
8,244,blocks/0/attention/query/kernel,75,1.41697725553058262e-07,6.33733021095395088e-03
8,244,blocks/0/attention/query/kernel,76,1.33077946884441189e-07,6.29667472094297409e-03
8,244,blocks/0/attention/query/kernel,77,1.25950904816818365e-07,6.21508248150348663e-03
8,244,blocks/0/attention/query/kernel,78,1.23619543046515901e-07,6.12310972064733505e-03
8,244,blocks/0/attention/query/kernel,79,1.07706455310108140e-07,6.06326758861541748e-03
8,244,blocks/0/attention/query/kernel,80,1.02466955809177307e-07,6.02296274155378342e-03
8,244,blocks/0/attention/query/kernel,81,9.76990932599619555e-08,5.99756976589560509e-03
8,244,blocks/0/attention/query/kernel,82,9.45999403256791993e-08,5.96950482577085495e-03
8,244,blocks/0/attention/query/kernel,83,9.05471182477413095e-08,5.90986106544733047e-03
8,244,blocks/0/attention/query/kernel,84,8.11954947721460485e-08,5.83603838458657265e-03
8,244,blocks/0/attention/query/kernel,85,7.56166045334794035e-08,5.82344969734549522e-03
8,244,blocks/0/attention/query/kernel,86,7.00305946566004422e-08,5.70295099169015884e-03
8,244,blocks/0/attention/query/kernel,87,6.32580352544209745e-08,5.66130178049206734e-03
8,244,blocks/0/attention/query/kernel,88,6.15926083469275909e-08,5.61714498326182365e-03
8,244,blocks/0/attention/query/kernel,89,5.74309027001618233e-08,5.54154580458998680e-03
8,244,blocks/0/attention/query/kernel,90,5.36263335959574761e-08,5.46164158731698990e-03
8,244,blocks/0/attention/query/kernel,91,5.03767516590869491e-08,5.45351905748248100e-03
8,244,blocks/0/attention/query/kernel,92,4.71986609795749246e-08,5.39367552846670151e-03
8,244,blocks/0/attention/query/kernel,93,4.38522604895297263e-08,5.27172023430466652e-03
8,244,blocks/0/attention/query/kernel,94,4.14565874962136149e-08,5.23523660376667976e-03
8,244,blocks/0/attention/query/kernel,95,4.07437745764127612e-08,5.19293965771794319e-03
8,244,blocks/0/attention/query/kernel,96,3.68581751786223322e-08,5.18449069932103157e-03
8,244,blocks/0/attention/query/kernel,97,3.53186528911919595e-08,5.07900025695562363e-03
8,244,blocks/0/attention/query/kernel,98,3.49324515980242722e-08,5.04750432446599007e-03
8,244,blocks/0/attention/query/kernel,99,3.31250760154944146e-08,4.97945351526141167e-03
8,244,blocks/0/attention/query/kernel,100,3.08452250408208783e-08,4.92269126698374748e-03
8,244,blocks/0/attention/query/kernel,101,3.00108915496366535e-08,4.91003412753343582e-03
8,244,blocks/0/attention/query/kernel,102,2.87622743400106629e-08,4.79642068967223167e-03
8,244,blocks/0/attention/query/kernel,103,2.72912803467306730e-08,4.75305086001753807e-03
8,244,blocks/0/attention/query/kernel,104,2.60849954969444298e-08,4.71672741696238518e-03
8,244,blocks/0/attention/query/kernel,105,2.37537562952638837e-08,4.65215835720300674e-03
8,244,blocks/0/attention/query/kernel,106,2.22707292607537966e-08,4.59642102941870689e-03
8,244,blocks/0/attention/query/kernel,107,2.15214175369737859e-08,4.54530119895935059e-03
8,244,blocks/0/attention/query/kernel,108,2.10697006508553386e-08,4.47498681023716927e-03
8,244,blocks/0/attention/query/kernel,109,1.89057605126663475e-08,4.47362847626209259e-03
8,244,blocks/0/attention/query/kernel,110,1.84929671576128385e-08,4.42838529124855995e-03
8,244,blocks/0/attention/query/kernel,111,1.74030265753799540e-08,4.27432125434279442e-03
8,244,blocks/0/attention/query/kernel,112,1.72202963000245290e-08,4.23240568488836288e-03
8,244,blocks/0/attention/query/kernel,113,1.63693751886739847e-08,4.19948110356926918e-03
8,244,blocks/0/attention/query/kernel,114,1.61171804791138129e-08,4.12733526900410652e-03
8,244,blocks/0/attention/query/kernel,115,1.49785250869172160e-08,4.09371638670563698e-03
8,244,blocks/0/attention/query/kernel,116,1.46402534539902263e-08,4.05198289081454277e-03
8,244,blocks/0/attention/query/kernel,117,1.42475080622261885e-08,3.99125833064317703e-03
8,244,blocks/0/attention/query/kernel,118,1.21688188414736942e-08,3.93693055957555771e-03
8,244,blocks/0/attention/query/kernel,119,1.17533147658832604e-08,3.86848999187350273e-03
8,244,blocks/0/attention/query/kernel,120,1.12922053929764843e-08,3.85573110543191433e-03
8,244,blocks/0/attention/query/kernel,121,1.08295425960136527e-08,3.84647771716117859e-03
8,244,blocks/0/attention/query/kernel,122,1.07974162943946794e-08,3.78383719362318516e-03
8,244,blocks/0/attention/query/kernel,123,1.00763308807927388e-08,3.69252241216599941e-03
8,244,blocks/0/attention/query/kernel,124,9.75615233045346031e-09,3.65141872316598892e-03
8,244,blocks/0/attention/query/kernel,125,9.04464769746482489e-09,3.61815374344587326e-03
8,244,blocks/0/attention/query/kernel,126,8.72001937324284881e-09,3.53028229437768459e-03
8,244,blocks/0/attention/query/kernel,127,8.12245914971754246e-09,3.41237499378621578e-03
8,244,blocks/0/attention/query/kernel,128,7.87239695654307070e-09,3.38614149950444698e-03
8,244,blocks/0/attention/query/kernel,129,7.59341833855842196e-09,3.31330648623406887e-03
8,244,blocks/0/attention/query/kernel,130,6.93923585259881293e-09,3.27886152081191540e-03
8,244,blocks/0/attention/query/kernel,131,6.52271436862861265e-09,3.21804662235081196e-03
8,244,blocks/0/attention/query/kernel,132,6.04892624878061724e-09,3.15897003747522831e-03
8,244,blocks/0/attention/query/kernel,133,5.36444577647898768e-09,3.14842117950320244e-03
8,244,blocks/0/attention/query/kernel,134,5.20904785972220452e-09,3.01287695765495300e-03
8,244,blocks/0/attention/query/kernel,135,5.10260145247798391e-09,2.96960608102381229e-03
8,244,blocks/0/attention/query/kernel,136,4.89238694001414842e-09,2.94696469791233540e-03
8,244,blocks/0/attention/query/kernel,137,4.65139038396955584e-09,2.88436515256762505e-03
8,244,blocks/0/attention/query/kernel,138,4.44470282801034955e-09,2.81964777968823910e-03
8,244,blocks/0/attention/query/kernel,139,4.36073266385506031e-09,2.79779615812003613e-03
8,244,blocks/0/attention/query/kernel,140,4.08353351133428077e-09,2.74910498410463333e-03
8,244,blocks/0/attention/query/kernel,141,4.03879552024477562e-09,2.71292449906468391e-03
8,244,blocks/0/attention/query/kernel,142,3.42706574230078331e-09,2.63578956946730614e-03
8,244,blocks/0/attention/query/kernel,143,3.32188943019673388e-09,2.57647293619811535e-03
8,244,blocks/0/attention/query/kernel,144,3.20236281936558953e-09,2.56973411887884140e-03
8,244,blocks/0/attention/query/kernel,145,3.15307024933986213e-09,2.51959776505827904e-03
8,244,blocks/0/attention/query/kernel,146,3.02502023430406553e-09,2.43080337531864643e-03
8,244,blocks/0/attention/query/kernel,147,2.67138156040402919e-09,2.35621002502739429e-03
8,244,blocks/0/attention/query/kernel,148,2.47175813150590784e-09,2.32040369883179665e-03
8,244,blocks/0/attention/query/kernel,149,2.33183983233686831e-09,2.24272999912500381e-03
8,244,blocks/0/attention/query/kernel,150,2.28969909699117125e-09,2.20275460742413998e-03
8,244,blocks/0/attention/query/kernel,151,2.00107530545778900e-09,2.19351588748395443e-03
8,244,blocks/0/attention/query/kernel,152,1.77700898440491528e-09,2.07560742273926735e-03
8,244,blocks/0/attention/query/kernel,153,1.72508418661010410e-09,2.02315952628850937e-03
8,244,blocks/0/attention/query/kernel,154,1.61784785568386269e-09,1.97995896451175213e-03
8,244,blocks/0/attention/query/kernel,155,1.54119328410473599e-09,1.89421267714351416e-03
8,244,blocks/0/attention/query/kernel,156,1.28716493019709333e-09,1.85219326522201300e-03
8,244,blocks/0/attention/query/kernel,157,1.27577859387884018e-09,1.80469453334808350e-03
8,244,blocks/0/attention/query/kernel,158,1.14351073055019015e-09,1.76536722574383020e-03
8,244,blocks/0/attention/query/kernel,159,9.71500102586730918e-10,1.71583727933466434e-03
8,244,blocks/0/attention/query/kernel,160,9.13876252450762649e-10,1.69853179249912500e-03
8,244,blocks/0/attention/query/kernel,161,8.31429702863317743e-10,1.56997493468225002e-03
8,244,blocks/0/attention/query/kernel,162,7.05277058976605531e-10,1.52619963046163321e-03
8,244,blocks/0/attention/query/kernel,163,5.94834126399490515e-10,1.50727434083819389e-03
8,244,blocks/0/attention/query/kernel,164,5.84817194670961271e-10,1.45899108611047268e-03
8,244,blocks/0/attention/query/kernel,165,5.63477597914641137e-10,1.37879326939582825e-03
8,244,blocks/0/attention/query/kernel,166,5.18287801565264772e-10,1.36721518356353045e-03
8,244,blocks/0/attention/query/kernel,167,4.23689888728873143e-10,1.29643653053790331e-03
8,244,blocks/0/attention/query/kernel,168,3.11595665936081900e-10,1.24219083227217197e-03
8,244,blocks/0/attention/query/kernel,169,2.47792980578864785e-10,1.21157022658735514e-03
8,244,blocks/0/attention/query/kernel,170,2.22583590447911206e-10,1.16596394218504429e-03
8,244,blocks/0/attention/query/kernel,171,1.89885010493107131e-10,1.09871581662446260e-03
8,244,blocks/0/attention/query/kernel,172,1.78894107860649854e-10,1.04223599191755056e-03
8,244,blocks/0/attention/query/kernel,173,1.34749295055414109e-10,9.50492976699024439e-04
8,244,blocks/0/attention/query/kernel,174,9.04399471979289160e-11,9.02679632417857647e-04
8,244,blocks/0/attention/query/kernel,175,7.64498256367041051e-11,8.49176256451755762e-04
8,244,blocks/0/attention/query/kernel,176,6.03201030791034043e-11,7.97563232481479645e-04
8,244,blocks/0/attention/query/kernel,177,4.56628831968508564e-11,7.84036237746477127e-04
8,244,blocks/0/attention/query/kernel,178,4.27316515505538064e-11,7.24384677596390247e-04
8,244,blocks/0/attention/query/kernel,179,3.46605903700503148e-11,7.08040490280836821e-04
8,244,blocks/0/attention/query/kernel,180,2.69849299155966449e-11,6.70160632580518723e-04
8,244,blocks/0/attention/query/kernel,181,1.97655138783892070e-11,5.90849143918603659e-04
8,244,blocks/0/attention/query/kernel,182,1.35512148377592290e-11,5.51017816178500652e-04
8,244,blocks/0/attention/query/kernel,183,1.23351849568020810e-11,5.22529531735926867e-04
8,244,blocks/0/attention/query/kernel,184,9.68182305161047196e-12,4.65967401396483183e-04
8,244,blocks/0/attention/query/kernel,185,9.15775701798571262e-12,3.84373473934829235e-04
8,244,blocks/0/attention/query/kernel,186,8.93810286201057735e-12,2.93683435302227736e-04
8,244,blocks/0/attention/query/kernel,187,5.66716768998776210e-12,2.85498215816915035e-04
8,244,blocks/0/attention/query/kernel,188,4.06956152804172078e-12,2.32432386837899685e-04
8,244,blocks/0/attention/query/kernel,189,3.18491522217911882e-12,1.69748367625288665e-04
8,244,blocks/0/attention/query/kernel,190,2.39908678860423219e-12,1.18260497401934117e-04
8,244,blocks/0/attention/query/kernel,191,1.56135683809094372e-12,1.11655979708302766e-04
8,244,blocks/0/attention/query/kernel,192,4.04410581628447674e-13,4.43483440903946757e-05
8,244,blocks/5/attention/query/kernel,1,2.21577174670528620e-05,1.27482134848833084e-02
8,244,blocks/5/attention/query/kernel,2,1.61235584528185427e-05,1.22617250308394432e-02
8,244,blocks/5/attention/query/kernel,3,1.39710464281961322e-05,1.21141206473112106e-02
8,244,blocks/5/attention/query/kernel,4,1.26117502077249810e-05,1.20729897171258926e-02
8,244,blocks/5/attention/query/kernel,5,1.14962731458945200e-05,1.19230207055807114e-02
8,244,blocks/5/attention/query/kernel,6,9.98647738015279174e-06,1.18786003440618515e-02
8,244,blocks/5/attention/query/kernel,7,9.71833196672378108e-06,1.17060635238885880e-02
8,244,blocks/5/attention/query/kernel,8,8.83374013938009739e-06,1.16841550916433334e-02
8,244,blocks/5/attention/query/kernel,9,8.32665227790130302e-06,1.14649804309010506e-02
8,244,blocks/5/attention/query/kernel,10,7.97046504885656759e-06,1.13279400393366814e-02
8,244,blocks/5/attention/query/kernel,11,7.56288727643550374e-06,1.11861201003193855e-02
8,244,blocks/5/attention/query/kernel,12,7.37450500309932977e-06,1.10968546941876411e-02
8,244,blocks/5/attention/query/kernel,13,6.79910817780182697e-06,1.10911047086119652e-02
8,244,blocks/5/attention/query/kernel,14,6.64670460537308827e-06,1.08847720548510551e-02
8,244,blocks/5/attention/query/kernel,15,6.13501561019802466e-06,1.08709707856178284e-02
8,244,blocks/5/attention/query/kernel,16,5.86394889978691936e-06,1.07297282665967941e-02
8,244,blocks/5/attention/query/kernel,17,5.70680822420399636e-06,1.06417220085859299e-02
8,244,blocks/5/attention/query/kernel,18,5.44912154509802349e-06,1.05548799037933350e-02
8,244,blocks/5/attention/query/kernel,19,5.15052170158014633e-06,1.03739146143198013e-02
8,244,blocks/5/attention/query/kernel,20,5.05131129102665000e-06,1.03667508810758591e-02
8,244,blocks/5/attention/query/kernel,21,4.74241869596880861e-06,1.02984067052602768e-02
8,244,blocks/5/attention/query/kernel,22,4.49309072791947983e-06,1.01340347900986671e-02
8,244,blocks/5/attention/query/kernel,23,4.43481212641927414e-06,1.00896107032895088e-02
8,244,blocks/5/attention/query/kernel,24,4.30623731517698616e-06,9.92557313293218613e-03
8,244,blocks/5/attention/query/kernel,25,4.20761716668494046e-06,9.81780327856540680e-03
8,244,blocks/5/attention/query/kernel,26,4.09200993090053089e-06,9.70218889415264130e-03
8,244,blocks/5/attention/query/kernel,27,3.77062406187178567e-06,9.69089195132255554e-03
8,244,blocks/5/attention/query/kernel,28,3.71049554814817384e-06,9.60502680391073227e-03
8,244,blocks/5/attention/query/kernel,29,3.62688456334581133e-06,9.56307724118232727e-03
8,244,blocks/5/attention/query/kernel,30,3.55958195541461464e-06,9.44521836936473846e-03
8,244,blocks/5/attention/query/kernel,31,3.52006532011728268e-06,9.39348805695772171e-03
8,244,blocks/5/attention/query/kernel,32,3.46564002029481344e-06,9.32940561324357986e-03
8,244,blocks/5/attention/query/kernel,33,3.29403064824873582e-06,9.22097917646169662e-03
8,244,blocks/5/attention/query/kernel,34,3.18080560646194499e-06,9.16199292987585068e-03
8,244,blocks/5/attention/query/kernel,35,3.15676425088895485e-06,9.06125735491514206e-03
8,244,blocks/5/attention/query/kernel,36,2.97615429190045688e-06,8.97469930350780487e-03
8,244,blocks/5/attention/query/kernel,37,2.87780426333483774e-06,8.91952402889728546e-03
8,244,blocks/5/attention/query/kernel,38,2.79277878689754289e-06,8.86168703436851501e-03
8,244,blocks/5/attention/query/kernel,39,2.76160335488384590e-06,8.79897736012935638e-03
8,244,blocks/5/attention/query/kernel,40,2.73158593699918129e-06,8.75434186309576035e-03
8,244,blocks/5/attention/query/kernel,41,2.67328846348391380e-06,8.66041984409093857e-03
8,244,blocks/5/attention/query/kernel,42,2.59464286500588059e-06,8.62369872629642487e-03
8,244,blocks/5/attention/query/kernel,43,2.56753151006705593e-06,8.56835767626762390e-03
8,244,blocks/5/attention/query/kernel,44,2.53410030381928664e-06,8.52241180837154388e-03
8,244,blocks/5/attention/query/kernel,45,2.40899134951177984e-06,8.40082764625549316e-03
8,244,blocks/5/attention/query/kernel,46,2.34752110372937750e-06,8.34561325609683990e-03
8,244,blocks/5/attention/query/kernel,47,2.34475646720966324e-06,8.28024558722972870e-03
8,244,blocks/5/attention/query/kernel,48,2.31681519835547078e-06,8.11745971441268921e-03
8,244,blocks/5/attention/query/kernel,49,2.26856150220555719e-06,8.10623727738857269e-03
8,244,blocks/5/attention/query/kernel,50,2.22509993363928515e-06,8.04772973060607910e-03
8,244,blocks/5/attention/query/kernel,51,2.20814990825601853e-06,7.95266218483448029e-03
8,244,blocks/5/attention/query/kernel,52,2.18527452489070129e-06,7.94333964586257935e-03
8,244,blocks/5/attention/query/kernel,53,2.12199256566236727e-06,7.88395479321479797e-03
8,244,blocks/5/attention/query/kernel,54,2.06328809326805640e-06,7.85943865776062012e-03
8,244,blocks/5/attention/query/kernel,55,2.03852255253877956e-06,7.71913398057222366e-03
8,244,blocks/5/attention/query/kernel,56,2.00140175365959294e-06,7.66468560323119164e-03
8,244,blocks/5/attention/query/kernel,57,1.95464531316247303e-06,7.60750845074653625e-03
8,244,blocks/5/attention/query/kernel,58,1.87009311503061326e-06,7.54061993211507797e-03
8,244,blocks/5/attention/query/kernel,59,1.83699955869087717e-06,7.47004151344299316e-03
8,244,blocks/5/attention/query/kernel,60,1.82616713573224843e-06,7.37541122362017632e-03
8,244,blocks/5/attention/query/kernel,61,1.78794800831383327e-06,7.31805292889475822e-03
8,244,blocks/5/attention/query/kernel,62,1.78373272774479119e-06,7.21902260556817055e-03
8,244,blocks/5/attention/query/kernel,63,1.70237410657136934e-06,7.18682073056697845e-03
8,244,blocks/5/attention/query/kernel,64,1.68890812801691936e-06,7.15870596468448639e-03
8,244,blocks/5/attention/query/kernel,65,1.65895403370086569e-06,7.02804233878850937e-03
8,244,blocks/5/attention/query/kernel,66,1.62099775025126291e-06,7.02422251924872398e-03
8,244,blocks/5/attention/query/kernel,67,1.59638909735804191e-06,6.89982622861862183e-03
8,244,blocks/5/attention/query/kernel,68,1.56614828483725432e-06,6.82912627235054970e-03
8,244,blocks/5/attention/query/kernel,69,1.54519500483729644e-06,6.79517164826393127e-03
8,244,blocks/5/attention/query/kernel,70,1.54069562086078804e-06,6.75733061507344246e-03
8,244,blocks/5/attention/query/kernel,71,1.49309278185683070e-06,6.65543042123317719e-03
8,244,blocks/5/attention/query/kernel,72,1.42499072808277560e-06,6.56632287427783012e-03
8,244,blocks/5/attention/query/kernel,73,1.40973315865267068e-06,6.49282615631818771e-03
8,244,blocks/5/attention/query/kernel,74,1.36392816330044298e-06,6.43354235216975212e-03
8,244,blocks/5/attention/query/kernel,75,1.35524942379561253e-06,6.36732811108231544e-03
8,244,blocks/5/attention/query/kernel,76,1.34385516048496356e-06,6.31566345691680908e-03
8,244,blocks/5/attention/query/kernel,77,1.30924479435634566e-06,6.19894312694668770e-03
8,244,blocks/5/attention/query/kernel,78,1.27799034999043215e-06,6.12932955846190453e-03
8,244,blocks/5/attention/query/kernel,79,1.24434939152706647e-06,6.11006002873182297e-03
8,244,blocks/5/attention/query/kernel,80,1.23567406262736768e-06,6.03424618020653725e-03
8,244,blocks/5/attention/query/kernel,81,1.21712753298197640e-06,5.96890598535537720e-03
8,244,blocks/5/attention/query/kernel,82,1.20320896712655667e-06,5.92715572565793991e-03
8,244,blocks/5/attention/query/kernel,83,1.18081561595317908e-06,5.85580198094248772e-03
8,244,blocks/5/attention/query/kernel,84,1.15308671411185060e-06,5.82934776321053505e-03
8,244,blocks/5/attention/query/kernel,85,1.13159524062211858e-06,5.79261220991611481e-03
8,244,blocks/5/attention/query/kernel,86,1.12024372356245294e-06,5.69697283208370209e-03
8,244,blocks/5/attention/query/kernel,87,1.10330051938944962e-06,5.67413726821541786e-03
8,244,blocks/5/attention/query/kernel,88,1.08757444650109392e-06,5.63663430511951447e-03
8,244,blocks/5/attention/query/kernel,89,1.07733171716972720e-06,5.54863363504409790e-03
8,244,blocks/5/attention/query/kernel,90,1.05787785287247971e-06,5.50931971520185471e-03
8,244,blocks/5/attention/query/kernel,91,1.05118022020178614e-06,5.43135683983564377e-03
8,244,blocks/5/attention/query/kernel,92,1.01705154520459473e-06,5.35024143755435944e-03
8,244,blocks/5/attention/query/kernel,93,1.00651050161104649e-06,5.31725957989692688e-03
8,244,blocks/5/attention/query/kernel,94,9.92279524325567763e-07,5.22434711456298828e-03
8,244,blocks/5/attention/query/kernel,95,9.49292484619945753e-07,5.20079629495739937e-03
8,244,blocks/5/attention/query/kernel,96,9.34641434469085652e-07,5.11383730918169022e-03
8,244,blocks/5/attention/query/kernel,97,9.33730063934490317e-07,5.06020244210958481e-03
8,244,blocks/5/attention/query/kernel,98,9.14722647848975612e-07,5.03660226240754128e-03
8,244,blocks/5/attention/query/kernel,99,9.03260001905437093e-07,5.00758225098252296e-03
8,244,blocks/5/attention/query/kernel,100,8.92613059022551170e-07,4.91902325302362442e-03
8,244,blocks/5/attention/query/kernel,101,8.62565627812728053e-07,4.88166976720094681e-03
8,244,blocks/5/attention/query/kernel,102,8.56074620969593525e-07,4.78250486776232719e-03
8,244,blocks/5/attention/query/kernel,103,8.40241966670873808e-07,4.73252497613430023e-03
8,244,blocks/5/attention/query/kernel,104,8.22657796106796013e-07,4.68749832361936569e-03
8,244,blocks/5/attention/query/kernel,105,8.11091069863323355e-07,4.55806637182831764e-03
8,244,blocks/5/attention/query/kernel,106,7.91490890605928143e-07,4.51623881235718727e-03
8,244,blocks/5/attention/query/kernel,107,7.69857081195368664e-07,4.48483554646372795e-03
8,244,blocks/5/attention/query/kernel,108,7.57161728870414663e-07,4.45548351854085922e-03
8,244,blocks/5/attention/query/kernel,109,7.51524908082501497e-07,4.40145982429385185e-03
8,244,blocks/5/attention/query/kernel,110,7.44181249956454849e-07,4.35226783156394958e-03
8,244,blocks/5/attention/query/kernel,111,7.35941227958392119e-07,4.33485303074121475e-03
8,244,blocks/5/attention/query/kernel,112,6.95583366905339062e-07,4.29600803181529045e-03
8,244,blocks/5/attention/query/kernel,113,6.88728391651238780e-07,4.24599135294556618e-03
8,244,blocks/5/attention/query/kernel,114,6.81925314438558416e-07,4.18225722387433052e-03
8,244,blocks/5/attention/query/kernel,115,6.74736497785488609e-07,4.10979241132736206e-03
8,244,blocks/5/attention/query/kernel,116,6.58172496059705736e-07,4.05242945998907089e-03
8,244,blocks/5/attention/query/kernel,117,6.47444778678618604e-07,4.01470577344298363e-03
8,244,blocks/5/attention/query/kernel,118,6.34140917554759653e-07,3.99771146476268768e-03
8,244,blocks/5/attention/query/kernel,119,6.21292883806745522e-07,3.90448095276951790e-03
8,244,blocks/5/attention/query/kernel,120,6.08496520726475865e-07,3.80114978179335594e-03
8,244,blocks/5/attention/query/kernel,121,6.07180822953523602e-07,3.76781472004950047e-03
8,244,blocks/5/attention/query/kernel,122,5.84194992825359805e-07,3.72964655980467796e-03
8,244,blocks/5/attention/query/kernel,123,5.72637759432836901e-07,3.69820068590342999e-03
8,244,blocks/5/attention/query/kernel,124,5.64678600767365424e-07,3.68117378093302250e-03
8,244,blocks/5/attention/query/kernel,125,5.42135921932640485e-07,3.59541270881891251e-03
8,244,blocks/5/attention/query/kernel,126,5.25960274444514653e-07,3.50565463304519653e-03
8,244,blocks/5/attention/query/kernel,127,5.19521904607245233e-07,3.48910409957170486e-03
8,244,blocks/5/attention/query/kernel,128,5.06251183196582133e-07,3.45529336482286453e-03
8,244,blocks/5/attention/query/kernel,129,5.03757007663807599e-07,3.40252369642257690e-03
8,244,blocks/5/attention/query/kernel,130,4.87889224132231902e-07,3.39682702906429768e-03
8,244,blocks/5/attention/query/kernel,131,4.81120196127449162e-07,3.35138244554400444e-03
8,244,blocks/5/attention/query/kernel,132,4.75070265792965074e-07,3.32257035188376904e-03
8,244,blocks/5/attention/query/kernel,133,4.66055240622154088e-07,3.21532203815877438e-03
8,244,blocks/5/attention/query/kernel,134,4.56666327863786137e-07,3.14408680424094200e-03
8,244,blocks/5/attention/query/kernel,135,4.46131849685116322e-07,3.11210751533508301e-03
8,244,blocks/5/attention/query/kernel,136,4.36827662042560405e-07,3.04343947209417820e-03
8,244,blocks/5/attention/query/kernel,137,4.24131087584100896e-07,2.91634257882833481e-03
8,244,blocks/5/attention/query/kernel,138,4.11015435020090081e-07,2.89831194095313549e-03
8,244,blocks/5/attention/query/kernel,139,4.01776759417771245e-07,2.86035356111824512e-03
8,244,blocks/5/attention/query/kernel,140,3.90028588981294888e-07,2.83766794018447399e-03
8,244,blocks/5/attention/query/kernel,141,3.78575037984774099e-07,2.74558039382100105e-03
8,244,blocks/5/attention/query/kernel,142,3.72735854625716456e-07,2.70175770856440067e-03
8,244,blocks/5/attention/query/kernel,143,3.63829485650057904e-07,2.64930748380720615e-03
8,244,blocks/5/attention/query/kernel,144,3.60026007228952949e-07,2.57366267032921314e-03
8,244,blocks/5/attention/query/kernel,145,3.41746357435113168e-07,2.54695350304245949e-03
8,244,blocks/5/attention/query/kernel,146,3.34749785224630614e-07,2.46473099105060101e-03
8,244,blocks/5/attention/query/kernel,147,3.32003736502883839e-07,2.43385648354887962e-03
8,244,blocks/5/attention/query/kernel,148,3.25595550521029509e-07,2.37635034136474133e-03
8,244,blocks/5/attention/query/kernel,149,3.21393798685676302e-07,2.35098809935152531e-03
8,244,blocks/5/attention/query/kernel,150,3.13627708692365559e-07,2.25065136328339577e-03
8,244,blocks/5/attention/query/kernel,151,3.05541334455483593e-07,2.22687586210668087e-03
8,244,blocks/5/attention/query/kernel,152,2.93772330905994750e-07,2.18882435001432896e-03
8,244,blocks/5/attention/query/kernel,153,2.78932418495969614e-07,2.12490162812173367e-03
8,244,blocks/5/attention/query/kernel,154,2.71416553232484148e-07,2.08189571276307106e-03
8,244,blocks/5/attention/query/kernel,155,2.63314319681740017e-07,1.96213508024811745e-03
8,244,blocks/5/attention/query/kernel,156,2.57450864182828809e-07,1.94175087381154299e-03
8,244,blocks/5/attention/query/kernel,157,2.51041342380631249e-07,1.90806284081190825e-03
8,244,blocks/5/attention/query/kernel,158,2.43705613911515684e-07,1.85239221900701523e-03
8,244,blocks/5/attention/query/kernel,159,2.38229858950944617e-07,1.78882386535406113e-03
8,244,blocks/5/attention/query/kernel,160,2.22464535681865527e-07,1.74863147549331188e-03
8,244,blocks/5/attention/query/kernel,161,2.16007961739705934e-07,1.71095679979771376e-03
8,244,blocks/5/attention/query/kernel,162,2.11574544550785504e-07,1.69414828997105360e-03
8,244,blocks/5/attention/query/kernel,163,2.03838482093487983e-07,1.55878788791596889e-03
8,244,blocks/5/attention/query/kernel,164,1.98650212723805453e-07,1.51479849591851234e-03
8,244,blocks/5/attention/query/kernel,165,1.91515368896943983e-07,1.44112436100840569e-03
8,244,blocks/5/attention/query/kernel,166,1.84256975899188546e-07,1.38930103275924921e-03
8,244,blocks/5/attention/query/kernel,167,1.82379736202165077e-07,1.35681533720344305e-03
8,244,blocks/5/attention/query/kernel,168,1.73465295461028290e-07,1.23306713066995144e-03
8,244,blocks/5/attention/query/kernel,169,1.57248877030724543e-07,1.19833613280206919e-03
8,244,blocks/5/attention/query/kernel,170,1.51077642840391491e-07,1.18226942140609026e-03
8,244,blocks/5/attention/query/kernel,171,1.37992088866667473e-07,1.08369265217334032e-03
8,244,blocks/5/attention/query/kernel,172,1.34473125967815577e-07,1.07140850741416216e-03
8,244,blocks/5/attention/query/kernel,173,1.30719570279325126e-07,1.04826339520514011e-03
8,244,blocks/5/attention/query/kernel,174,1.19235409101747791e-07,9.92167158983647823e-04
8,244,blocks/5/attention/query/kernel,175,1.14467368916848500e-07,8.89319053385406733e-04
8,244,blocks/5/attention/query/kernel,176,1.11649178791140002e-07,8.49171367008239031e-04
8,244,blocks/5/attention/query/kernel,177,9.91713520193115983e-08,7.82272894866764545e-04
8,244,blocks/5/attention/query/kernel,178,8.72632739401524304e-08,7.66177079640328884e-04
8,244,blocks/5/attention/query/kernel,179,8.31391346878262993e-08,7.07811734173446894e-04
8,244,blocks/5/attention/query/kernel,180,8.09187739037042775e-08,6.16277160588651896e-04
8,244,blocks/5/attention/query/kernel,181,7.12576024852751289e-08,5.93464181292802095e-04
8,244,blocks/5/attention/query/kernel,182,6.98399418297412922e-08,5.47543459106236696e-04
8,244,blocks/5/attention/query/kernel,183,5.57188322147794679e-08,4.72088024253025651e-04
8,244,blocks/5/attention/query/kernel,184,5.09226225631209672e-08,4.57968446426093578e-04
8,244,blocks/5/attention/query/kernel,185,4.52382842297538446e-08,3.50240647094324231e-04
8,244,blocks/5/attention/query/kernel,186,3.41785408863870543e-08,3.01570398733019829e-04
8,244,blocks/5/attention/query/kernel,187,2.51315146471142725e-08,2.86112510366365314e-04
8,244,blocks/5/attention/query/kernel,188,2.13820481320681210e-08,2.62371002463623881e-04
8,244,blocks/5/attention/query/kernel,189,1.29761685840890095e-08,1.87153724255040288e-04
8,244,blocks/5/attention/query/kernel,190,8.08405786756338784e-09,1.33719382574781775e-04
8,244,blocks/5/attention/query/kernel,191,2.86669687987739508e-09,1.12343601358588785e-04
8,244,blocks/5/attention/query/kernel,192,1.15560366831246597e-10,2.47384514295845293e-06
8,244,blocks/11/attention/query/kernel,1,2.27620748773915693e-05,1.24489841982722282e-02
8,244,blocks/11/attention/query/kernel,2,9.30496935325209051e-06,1.21663771569728851e-02
8,244,blocks/11/attention/query/kernel,3,7.14607176632853225e-06,1.20332241058349609e-02
8,244,blocks/11/attention/query/kernel,4,5.20584808327839710e-06,1.17991138249635696e-02
8,244,blocks/11/attention/query/kernel,5,4.64972163172205910e-06,1.17278760299086571e-02
8,244,blocks/11/attention/query/kernel,6,4.38810047853621654e-06,1.15884952247142792e-02
8,244,blocks/11/attention/query/kernel,7,3.58766419594758190e-06,1.14392098039388657e-02
8,244,blocks/11/attention/query/kernel,8,3.22095820592949167e-06,1.13385068252682686e-02
8,244,blocks/11/attention/query/kernel,9,2.92349614028353244e-06,1.11912367865443230e-02
8,244,blocks/11/attention/query/kernel,10,2.82669225271092728e-06,1.11332451924681664e-02
8,244,blocks/11/attention/query/kernel,11,2.55308373198204208e-06,1.09999245032668114e-02
8,244,blocks/11/attention/query/kernel,12,2.48712149186758325e-06,1.09498761594295502e-02
8,244,blocks/11/attention/query/kernel,13,2.32240904551872518e-06,1.08033716678619385e-02
8,244,blocks/11/attention/query/kernel,14,2.19734761230938602e-06,1.06608103960752487e-02
8,244,blocks/11/attention/query/kernel,15,1.94479025594773702e-06,1.05960648506879807e-02
8,244,blocks/11/attention/query/kernel,16,1.90822993317851797e-06,1.05442535132169724e-02
8,244,blocks/11/attention/query/kernel,17,1.74484682702313876e-06,1.04338461533188820e-02
8,244,blocks/11/attention/query/kernel,18,1.65647577432537219e-06,1.02776475250720978e-02
8,244,blocks/11/attention/query/kernel,19,1.63415120368881617e-06,1.02252643555402756e-02
8,244,blocks/11/attention/query/kernel,20,1.53807457081711618e-06,1.02061340585350990e-02
8,244,blocks/11/attention/query/kernel,21,1.50179664615279762e-06,1.01143289357423782e-02
8,244,blocks/11/attention/query/kernel,22,1.40189399644441437e-06,1.00558735430240631e-02
8,244,blocks/11/attention/query/kernel,23,1.34722097300254973e-06,9.95836593210697174e-03
8,244,blocks/11/attention/query/kernel,24,1.30106786855321843e-06,9.84887778759002686e-03
8,244,blocks/11/attention/query/kernel,25,1.26909480968606658e-06,9.75241139531135559e-03
8,244,blocks/11/attention/query/kernel,26,1.22761287002504105e-06,9.65201761573553085e-03
8,244,blocks/11/attention/query/kernel,27,1.22016479053854709e-06,9.54742357134819031e-03
8,244,blocks/11/attention/query/kernel,28,1.16586522835859796e-06,9.37598478049039841e-03
8,244,blocks/11/attention/query/kernel,29,1.12314774014521390e-06,9.34040453284978867e-03
8,244,blocks/11/attention/query/kernel,30,1.10681446585658705e-06,9.33726970106363297e-03
8,244,blocks/11/attention/query/kernel,31,1.06162747215421405e-06,9.19941160827875137e-03
8,244,blocks/11/attention/query/kernel,32,1.03731906619941583e-06,9.14142001420259476e-03
8,244,blocks/11/attention/query/kernel,33,9.76229671323380899e-07,9.07982978969812393e-03
8,244,blocks/11/attention/query/kernel,34,9.68676090451481286e-07,9.04071796685457230e-03
8,244,blocks/11/attention/query/kernel,35,9.58266809902852401e-07,8.97682923823595047e-03
8,244,blocks/11/attention/query/kernel,36,9.16160388442222029e-07,8.88233631849288940e-03
8,244,blocks/11/attention/query/kernel,37,8.83537211393559119e-07,8.77630989998579025e-03
8,244,blocks/11/attention/query/kernel,38,8.79786398400028702e-07,8.76221433281898499e-03
8,244,blocks/11/attention/query/kernel,39,8.46359284878417384e-07,8.70105251669883728e-03
8,244,blocks/11/attention/query/kernel,40,8.26688278721121605e-07,8.57821200042963028e-03
8,244,blocks/11/attention/query/kernel,41,8.12312691778060980e-07,8.49598739296197891e-03
8,244,blocks/11/attention/query/kernel,42,8.02508452579786535e-07,8.43493826687335968e-03
8,244,blocks/11/attention/query/kernel,43,7.70188080423395149e-07,8.39903019368648529e-03
8,244,blocks/11/attention/query/kernel,44,7.45659747281024465e-07,8.31164140254259109e-03
8,244,blocks/11/attention/query/kernel,45,7.18569651780853746e-07,8.25902447104454041e-03
8,244,blocks/11/attention/query/kernel,46,7.10720541974296793e-07,8.19237809628248215e-03
8,244,blocks/11/attention/query/kernel,47,6.96356380558427190e-07,8.15343949943780899e-03
8,244,blocks/11/attention/query/kernel,48,6.60635009808174800e-07,8.09925980865955353e-03
8,244,blocks/11/attention/query/kernel,49,6.50353683795401594e-07,8.03909730166196823e-03
8,244,blocks/11/attention/query/kernel,50,6.40387440853373846e-07,7.97409471124410629e-03
8,244,blocks/11/attention/query/kernel,51,6.37564369299070677e-07,7.89549574255943298e-03
8,244,blocks/11/attention/query/kernel,52,6.28453051376709482e-07,7.80367571860551834e-03
8,244,blocks/11/attention/query/kernel,53,6.10227573361044051e-07,7.75414891541004181e-03
8,244,blocks/11/attention/query/kernel,54,6.00478244905389147e-07,7.66702229157090187e-03
8,244,blocks/11/attention/query/kernel,55,5.96672123265307164e-07,7.54218501970171928e-03
8,244,blocks/11/attention/query/kernel,56,5.73854663343809079e-07,7.50485341995954514e-03
8,244,blocks/11/attention/query/kernel,57,5.56401744233880891e-07,7.46985478326678276e-03
8,244,blocks/11/attention/query/kernel,58,5.51300104234542232e-07,7.40941986441612244e-03
8,244,blocks/11/attention/query/kernel,59,5.40091775746986968e-07,7.36335804685950279e-03
8,244,blocks/11/attention/query/kernel,60,5.29937210558273364e-07,7.27245397865772247e-03
8,244,blocks/11/attention/query/kernel,61,5.21852655310794944e-07,7.19495629891753197e-03
8,244,blocks/11/attention/query/kernel,62,5.08325456394231878e-07,7.18396902084350586e-03
8,244,blocks/11/attention/query/kernel,63,4.99858117564144777e-07,7.15020392090082169e-03
8,244,blocks/11/attention/query/kernel,64,4.89244030177360401e-07,7.05105066299438477e-03
8,244,blocks/11/attention/query/kernel,65,4.72683410634999746e-07,7.01191322878003120e-03
8,244,blocks/11/attention/query/kernel,66,4.65754510514670983e-07,6.88975444063544273e-03
8,244,blocks/11/attention/query/kernel,67,4.60374820931974682e-07,6.87792664393782616e-03
8,244,blocks/11/attention/query/kernel,68,4.49994132623032783e-07,6.81557320058345795e-03
8,244,blocks/11/attention/query/kernel,69,4.44158388290816220e-07,6.70850276947021484e-03
8,244,blocks/11/attention/query/kernel,70,4.30217312441527611e-07,6.65446277707815170e-03
8,244,blocks/11/attention/query/kernel,71,4.17693001963925781e-07,6.64109224453568459e-03
8,244,blocks/11/attention/query/kernel,72,4.11100330666158698e-07,6.57067960128188133e-03
8,244,blocks/11/attention/query/kernel,73,4.06215065140713705e-07,6.41878461465239525e-03
8,244,blocks/11/attention/query/kernel,74,3.98834231418732088e-07,6.40511093661189079e-03
8,244,blocks/11/attention/query/kernel,75,3.93221171179902740e-07,6.34748907759785652e-03
8,244,blocks/11/attention/query/kernel,76,3.88367112691412331e-07,6.28370419144630432e-03
8,244,blocks/11/attention/query/kernel,77,3.80987160042423056e-07,6.22184155508875847e-03
8,244,blocks/11/attention/query/kernel,78,3.77049047983746277e-07,6.18093460798263550e-03
8,244,blocks/11/attention/query/kernel,79,3.70004755723130074e-07,6.09672209247946739e-03
8,244,blocks/11/attention/query/kernel,80,3.60549989864011877e-07,6.05391245335340500e-03
8,244,blocks/11/attention/query/kernel,81,3.57157972530330881e-07,5.93577651306986809e-03
8,244,blocks/11/attention/query/kernel,82,3.55461480694430065e-07,5.91271789744496346e-03
8,244,blocks/11/attention/query/kernel,83,3.47337902439903701e-07,5.85410417988896370e-03
8,244,blocks/11/attention/query/kernel,84,3.41625423061486799e-07,5.83030004054307938e-03
8,244,blocks/11/attention/query/kernel,85,3.39133976012817584e-07,5.73041662573814392e-03
8,244,blocks/11/attention/query/kernel,86,3.32698050442559179e-07,5.64478151500225067e-03
8,244,blocks/11/attention/query/kernel,87,3.19768389545060927e-07,5.60980150476098061e-03
8,244,blocks/11/attention/query/kernel,88,3.15896613756194711e-07,5.57237863540649414e-03
8,244,blocks/11/attention/query/kernel,89,3.05280195789237041e-07,5.45385433360934258e-03
8,244,blocks/11/attention/query/kernel,90,2.96346030381755554e-07,5.39865996688604355e-03
8,244,blocks/11/attention/query/kernel,91,2.94544179268996231e-07,5.31501695513725281e-03
8,244,blocks/11/attention/query/kernel,92,2.85763348983891774e-07,5.27015514671802521e-03
8,244,blocks/11/attention/query/kernel,93,2.81516349787125364e-07,5.25984633713960648e-03
8,244,blocks/11/attention/query/kernel,94,2.77260369330178946e-07,5.19616901874542236e-03
8,244,blocks/11/attention/query/kernel,95,2.68717599283263553e-07,5.10161742568016052e-03
8,244,blocks/11/attention/query/kernel,96,2.65909164909317042e-07,5.07939560338854790e-03
8,244,blocks/11/attention/query/kernel,97,2.58356038784768316e-07,5.02080377191305161e-03
8,244,blocks/11/attention/query/kernel,98,2.53677910677652108e-07,4.95676929131150246e-03
8,244,blocks/11/attention/query/kernel,99,2.50012789138054359e-07,4.85649332404136658e-03
8,244,blocks/11/attention/query/kernel,100,2.47429937871856964e-07,4.82949474826455116e-03
8,244,blocks/11/attention/query/kernel,101,2.46880972554208711e-07,4.77400468662381172e-03
8,244,blocks/11/attention/query/kernel,102,2.41157749769627117e-07,4.70187095925211906e-03
8,244,blocks/11/attention/query/kernel,103,2.39599472706686356e-07,4.66397823765873909e-03
8,244,blocks/11/attention/query/kernel,104,2.32914999287459068e-07,4.62464941665530205e-03
8,244,blocks/11/attention/query/kernel,105,2.31694770036483533e-07,4.56796167418360710e-03
8,244,blocks/11/attention/query/kernel,106,2.25473016257637937e-07,4.51595662161707878e-03
8,244,blocks/11/attention/query/kernel,107,2.24286509364901576e-07,4.48751635849475861e-03
8,244,blocks/11/attention/query/kernel,108,2.24057629338858533e-07,4.44361101835966110e-03
8,244,blocks/11/attention/query/kernel,109,2.16525620544416597e-07,4.32999664917588234e-03
8,244,blocks/11/attention/query/kernel,110,2.09541312301553262e-07,4.27539320662617683e-03
8,244,blocks/11/attention/query/kernel,111,2.07419404318898160e-07,4.21244790777564049e-03
8,244,blocks/11/attention/query/kernel,112,2.04005687010067049e-07,4.18467586860060692e-03
8,244,blocks/11/attention/query/kernel,113,1.98343869328709843e-07,4.15594177320599556e-03
8,244,blocks/11/attention/query/kernel,114,1.95556296489485248e-07,4.07394347712397575e-03
8,244,blocks/11/attention/query/kernel,115,1.91842573826761509e-07,4.07085381448268890e-03
8,244,blocks/11/attention/query/kernel,116,1.86389144118948025e-07,3.99580597877502441e-03
8,244,blocks/11/attention/query/kernel,117,1.83136734221989173e-07,3.90863372012972832e-03
8,244,blocks/11/attention/query/kernel,118,1.80989900400163606e-07,3.88310523703694344e-03
8,244,blocks/11/attention/query/kernel,119,1.79160977609171823e-07,3.85259487666189671e-03
8,244,blocks/11/attention/query/kernel,120,1.71503415913321078e-07,3.77924460917711258e-03
8,244,blocks/11/attention/query/kernel,121,1.70271192700965912e-07,3.72948683798313141e-03
8,244,blocks/11/attention/query/kernel,122,1.63978469913672598e-07,3.65610909648239613e-03
8,244,blocks/11/attention/query/kernel,123,1.62549298465819447e-07,3.62225202843546867e-03
8,244,blocks/11/attention/query/kernel,124,1.58180853304656921e-07,3.54130938649177551e-03
8,244,blocks/11/attention/query/kernel,125,1.54669223206838069e-07,3.45532363280653954e-03
8,244,blocks/11/attention/query/kernel,126,1.50206403759511886e-07,3.42020485550165176e-03
8,244,blocks/11/attention/query/kernel,127,1.45798466633095813e-07,3.33727407269179821e-03
8,244,blocks/11/attention/query/kernel,128,1.42362608812618419e-07,3.29653499647974968e-03
8,244,blocks/11/attention/query/kernel,129,1.39771756835216365e-07,3.26150213368237019e-03
8,244,blocks/11/attention/query/kernel,130,1.37053305593326513e-07,3.21037881076335907e-03
8,244,blocks/11/attention/query/kernel,131,1.33269892899079423e-07,3.17488936707377434e-03
8,244,blocks/11/attention/query/kernel,132,1.31570260464286548e-07,3.16502177156507969e-03
8,244,blocks/11/attention/query/kernel,133,1.29011723970506864e-07,3.05769755505025387e-03
8,244,blocks/11/attention/query/kernel,134,1.25326607758324826e-07,3.00083798356354237e-03
8,244,blocks/11/attention/query/kernel,135,1.21187227364316641e-07,2.95925652608275414e-03
8,244,blocks/11/attention/query/kernel,136,1.18681178662427556e-07,2.91626597754657269e-03
8,244,blocks/11/attention/query/kernel,137,1.18064150456120842e-07,2.91282101534307003e-03
8,244,blocks/11/attention/query/kernel,138,1.15670765410413878e-07,2.84369220025837421e-03
8,244,blocks/11/attention/query/kernel,139,1.10823783927571640e-07,2.77821021154522896e-03
8,244,blocks/11/attention/query/kernel,140,1.09387478630651458e-07,2.73888581432402134e-03
8,244,blocks/11/attention/query/kernel,141,1.07719323239052756e-07,2.70473025739192963e-03
8,244,blocks/11/attention/query/kernel,142,1.05681586148875795e-07,2.66370014287531376e-03
8,244,blocks/11/attention/query/kernel,143,1.02923799261134263e-07,2.60393600910902023e-03
8,244,blocks/11/attention/query/kernel,144,1.02547936364771886e-07,2.50695948489010334e-03
8,244,blocks/11/attention/query/kernel,145,9.72605604943055368e-08,2.50278413295745850e-03
8,244,blocks/11/attention/query/kernel,146,9.55347516651272599e-08,2.45711766183376312e-03
8,244,blocks/11/attention/query/kernel,147,9.16713744913977280e-08,2.36414815299212933e-03
8,244,blocks/11/attention/query/kernel,148,8.86874005345816840e-08,2.35145282931625843e-03
8,244,blocks/11/attention/query/kernel,149,8.63219185021080193e-08,2.23102397285401821e-03
8,244,blocks/11/attention/query/kernel,150,8.56671533711050870e-08,2.19900324009358883e-03
8,244,blocks/11/attention/query/kernel,151,8.28709474376410071e-08,2.13556713424623013e-03
8,244,blocks/11/attention/query/kernel,152,8.20260552814033872e-08,2.10785144008696079e-03
8,244,blocks/11/attention/query/kernel,153,7.86462308610680338e-08,2.04441556707024574e-03
8,244,blocks/11/attention/query/kernel,154,7.62277139187972352e-08,2.01824586838483810e-03
8,244,blocks/11/attention/query/kernel,155,7.26879818557790713e-08,1.97468767873942852e-03
8,244,blocks/11/attention/query/kernel,156,7.03021783010626677e-08,1.88559608068317175e-03
8,244,blocks/11/attention/query/kernel,157,6.96642814546066802e-08,1.77847477607429028e-03
8,244,blocks/11/attention/query/kernel,158,6.72294007131313265e-08,1.77224841900169849e-03
8,244,blocks/11/attention/query/kernel,159,6.64487487256337772e-08,1.74570269882678986e-03
8,244,blocks/11/attention/query/kernel,160,6.50205294050465454e-08,1.71522353775799274e-03
8,244,blocks/11/attention/query/kernel,161,6.10857853189372690e-08,1.65695406030863523e-03
8,244,blocks/11/attention/query/kernel,162,6.00462257693834545e-08,1.61418714560568333e-03
8,244,blocks/11/attention/query/kernel,163,5.88607775853233761e-08,1.58120563719421625e-03
8,244,blocks/11/attention/query/kernel,164,5.68709452863913612e-08,1.53933593537658453e-03
8,244,blocks/11/attention/query/kernel,165,5.47685985452517343e-08,1.48544507101178169e-03
8,244,blocks/11/attention/query/kernel,166,5.11093567467924004e-08,1.45134795457124710e-03
8,244,blocks/11/attention/query/kernel,167,5.10163644662497973e-08,1.36310805100947618e-03
8,244,blocks/11/attention/query/kernel,168,4.73544758960997569e-08,1.32592394948005676e-03
8,244,blocks/11/attention/query/kernel,169,4.60584601569280494e-08,1.23068469110876322e-03
8,244,blocks/11/attention/query/kernel,170,4.45546994853884826e-08,1.18295243009924889e-03
8,244,blocks/11/attention/query/kernel,171,4.24978416901922174e-08,1.11961201764643192e-03
8,244,blocks/11/attention/query/kernel,172,3.67790988775595906e-08,1.08450546395033598e-03
8,244,blocks/11/attention/query/kernel,173,3.44256854134528112e-08,1.04146916419267654e-03
8,244,blocks/11/attention/query/kernel,174,3.43744979147686536e-08,9.82575002126395702e-04
8,244,blocks/11/attention/query/kernel,175,3.28235785218566889e-08,9.30846319533884525e-04
8,244,blocks/11/attention/query/kernel,176,3.19526058945029945e-08,8.57953797094523907e-04
8,244,blocks/11/attention/query/kernel,177,2.91096338145280242e-08,8.32123041618615389e-04
8,244,blocks/11/attention/query/kernel,178,2.43812046107905189e-08,7.59769347496330738e-04
8,244,blocks/11/attention/query/kernel,179,2.33423360640472310e-08,6.96911301929503679e-04
8,244,blocks/11/attention/query/kernel,180,2.07947064012614646e-08,6.85046485159546137e-04
8,244,blocks/11/attention/query/kernel,181,2.00970617925122497e-08,5.95318968407809734e-04
8,244,blocks/11/attention/query/kernel,182,1.87728357303740268e-08,5.51752396859228611e-04
8,244,blocks/11/attention/query/kernel,183,1.61519579933155910e-08,5.31350786332041025e-04
8,244,blocks/11/attention/query/kernel,184,1.32591146950744587e-08,4.56571782706305385e-04
8,244,blocks/11/attention/query/kernel,185,1.29543087368233500e-08,4.10079461289569736e-04
8,244,blocks/11/attention/query/kernel,186,1.11599938179551827e-08,3.39901511324569583e-04
8,244,blocks/11/attention/query/kernel,187,8.65398774863024300e-09,3.25943547068163753e-04
8,244,blocks/11/attention/query/kernel,188,5.79394754396389544e-09,2.54889921052381396e-04
8,244,blocks/11/attention/query/kernel,189,3.60875462845910988e-09,1.74742104718461633e-04
8,244,blocks/11/attention/query/kernel,190,3.31498117844830631e-09,1.30157728563062847e-04
8,244,blocks/11/attention/query/kernel,191,1.39835243384567320e-09,8.58889106893911958e-05
8,244,blocks/11/attention/query/kernel,192,1.47490786944759478e-11,6.74820694257505238e-06
8,480,blocks/0/attention/query/kernel,1,1.82715466507943347e-05,1.26243066042661667e-02
8,480,blocks/0/attention/query/kernel,2,1.02872572824708186e-05,1.22644966468214989e-02
8,480,blocks/0/attention/query/kernel,3,8.19365504867164418e-06,1.21311154216527939e-02
8,480,blocks/0/attention/query/kernel,4,7.02224269844009541e-06,1.20071843266487122e-02
8,480,blocks/0/attention/query/kernel,5,6.65292236590175889e-06,1.17895239964127541e-02
8,480,blocks/0/attention/query/kernel,6,5.94587390878587030e-06,1.16655342280864716e-02
8,480,blocks/0/attention/query/kernel,7,5.83973587708896957e-06,1.14742582663893700e-02
8,480,blocks/0/attention/query/kernel,8,5.46669025425217114e-06,1.13996965810656548e-02
8,480,blocks/0/attention/query/kernel,9,4.97616292705060914e-06,1.13441180437803268e-02
8,480,blocks/0/attention/query/kernel,10,4.44017996414913796e-06,1.12014915794134140e-02
8,480,blocks/0/attention/query/kernel,11,4.22411130784894340e-06,1.10647883266210556e-02
8,480,blocks/0/attention/query/kernel,12,3.78135177925287280e-06,1.10516892746090889e-02
8,480,blocks/0/attention/query/kernel,13,3.72437307305517606e-06,1.09235616400837898e-02
8,480,blocks/0/attention/query/kernel,14,3.33332536683883518e-06,1.07952328398823738e-02
8,480,blocks/0/attention/query/kernel,15,3.13341865876282100e-06,1.07432445511221886e-02
8,480,blocks/0/attention/query/kernel,16,3.04337891066097654e-06,1.06828715652227402e-02
8,480,blocks/0/attention/query/kernel,17,2.83719305116392206e-06,1.05310194194316864e-02
8,480,blocks/0/attention/query/kernel,18,2.53445364251092542e-06,1.03943282738327980e-02
8,480,blocks/0/attention/query/kernel,19,2.42225382862670813e-06,1.02565241977572441e-02
8,480,blocks/0/attention/query/kernel,20,2.15206455322913826e-06,1.02053107693791389e-02
8,480,blocks/0/attention/query/kernel,21,2.00903400582319591e-06,1.01611232385039330e-02
8,480,blocks/0/attention/query/kernel,22,1.83832014499785146e-06,1.00405160337686539e-02
8,480,blocks/0/attention/query/kernel,23,1.79645940079353750e-06,9.90700069814920425e-03
8,480,blocks/0/attention/query/kernel,24,1.66776112564548384e-06,9.86004807054996490e-03
8,480,blocks/0/attention/query/kernel,25,1.62523747349041514e-06,9.74931661039590836e-03
8,480,blocks/0/attention/query/kernel,26,1.51683389049139805e-06,9.64172743260860443e-03
8,480,blocks/0/attention/query/kernel,27,1.38298514684720431e-06,9.49748978018760681e-03
8,480,blocks/0/attention/query/kernel,28,1.33364687826542649e-06,9.40959807485342026e-03
8,480,blocks/0/attention/query/kernel,29,1.28278043121099472e-06,9.34183504432439804e-03
8,480,blocks/0/attention/query/kernel,30,1.16575552056019660e-06,9.26066003739833832e-03
8,480,blocks/0/attention/query/kernel,31,1.03165109521796694e-06,9.15186572819948196e-03
8,480,blocks/0/attention/query/kernel,32,9.95967297967581544e-07,9.09724924713373184e-03
8,480,blocks/0/attention/query/kernel,33,9.81193466031982098e-07,9.00579150766134262e-03
8,480,blocks/0/attention/query/kernel,34,8.50876233471353771e-07,8.98888427764177322e-03
8,480,blocks/0/attention/query/kernel,35,8.32300202091573738e-07,8.92326980829238892e-03
8,480,blocks/0/attention/query/kernel,36,7.27824044588487595e-07,8.86538345366716385e-03
8,480,blocks/0/attention/query/kernel,37,7.05991340055334149e-07,8.75607319176197052e-03
8,480,blocks/0/attention/query/kernel,38,6.79414029036706779e-07,8.72393324971199036e-03
8,480,blocks/0/attention/query/kernel,39,6.64738195155223366e-07,8.63171555101871490e-03
8,480,blocks/0/attention/query/kernel,40,5.93639754242758499e-07,8.58763325959444046e-03
8,480,blocks/0/attention/query/kernel,41,5.68365408071258571e-07,8.51277355104684830e-03
8,480,blocks/0/attention/query/kernel,42,5.28254815890250029e-07,8.40878300368785858e-03
8,480,blocks/0/attention/query/kernel,43,5.01289775911573088e-07,8.36816523224115372e-03
8,480,blocks/0/attention/query/kernel,44,4.59415900877502281e-07,8.34134966135025024e-03
8,480,blocks/0/attention/query/kernel,45,4.41239848214536323e-07,8.23713373392820358e-03
8,480,blocks/0/attention/query/kernel,46,4.29398284040871658e-07,8.16068984568119049e-03
8,480,blocks/0/attention/query/kernel,47,3.90400629157738877e-07,8.10269080102443695e-03
8,480,blocks/0/attention/query/kernel,48,3.74218046772512025e-07,8.03996901959180832e-03
8,480,blocks/0/attention/query/kernel,49,3.39428453344226000e-07,7.95461516827344894e-03
8,480,blocks/0/attention/query/kernel,50,3.32885718989928137e-07,7.89183657616376877e-03
8,480,blocks/0/attention/query/kernel,51,3.27946224842889933e-07,7.86841195076704025e-03
8,480,blocks/0/attention/query/kernel,52,3.09509800899832044e-07,7.78956385329365730e-03
8,480,blocks/0/attention/query/kernel,53,2.72310131776976050e-07,7.73689756169915199e-03
8,480,blocks/0/attention/query/kernel,54,2.63165503611162421e-07,7.70485075190663338e-03
8,480,blocks/0/attention/query/kernel,55,2.46005043891273090e-07,7.60738179087638855e-03
8,480,blocks/0/attention/query/kernel,56,2.20090768721092900e-07,7.53976870328187943e-03
8,480,blocks/0/attention/query/kernel,57,2.17123599099977582e-07,7.45768658816814423e-03
8,480,blocks/0/attention/query/kernel,58,2.09945781648457341e-07,7.40961544215679169e-03
8,480,blocks/0/attention/query/kernel,59,1.96027002630216884e-07,7.33544444665312767e-03
8,480,blocks/0/attention/query/kernel,60,1.87359404435483157e-07,7.25607061758637428e-03
8,480,blocks/0/attention/query/kernel,61,1.74229995764108025e-07,7.23869679495692253e-03
8,480,blocks/0/attention/query/kernel,62,1.67278273011106648e-07,7.22512323409318924e-03
8,480,blocks/0/attention/query/kernel,63,1.52270104081253521e-07,7.15286051854491234e-03
8,480,blocks/0/attention/query/kernel,64,1.49430434248642996e-07,7.12027959525585175e-03
8,480,blocks/0/attention/query/kernel,65,1.28788073538999015e-07,7.02149979770183563e-03
8,480,blocks/0/attention/query/kernel,66,1.25339354895004362e-07,6.92605599761009216e-03
8,480,blocks/0/attention/query/kernel,67,1.18969410323188640e-07,6.85689086094498634e-03
8,480,blocks/0/attention/query/kernel,68,1.10094497074442188e-07,6.80299755185842514e-03
8,480,blocks/0/attention/query/kernel,69,1.01852371869881608e-07,6.69944379478693008e-03
8,480,blocks/0/attention/query/kernel,70,9.58721386723482283e-08,6.64997519925236702e-03
8,480,blocks/0/attention/query/kernel,71,8.44004830469202716e-08,6.61238515749573708e-03
8,480,blocks/0/attention/query/kernel,72,7.97792836237931624e-08,6.54113292694091797e-03
8,480,blocks/0/attention/query/kernel,73,7.62968497269866930e-08,6.48643728345632553e-03
8,480,blocks/0/attention/query/kernel,74,6.94542734436254250e-08,6.41323067247867584e-03
8,480,blocks/0/attention/query/kernel,75,6.56516263575213088e-08,6.32921885699033737e-03
8,480,blocks/0/attention/query/kernel,76,6.23082314632483758e-08,6.29656296223402023e-03
8,480,blocks/0/attention/query/kernel,77,5.61193047587948968e-08,6.26676110550761223e-03
8,480,blocks/0/attention/query/kernel,78,5.53015730986317067e-08,6.19044015184044838e-03
8,480,blocks/0/attention/query/kernel,79,5.10869639924749208e-08,6.13278476521372795e-03
8,480,blocks/0/attention/query/kernel,80,4.75590162807293382e-08,6.06130575761198997e-03
8,480,blocks/0/attention/query/kernel,81,4.55493882611790468e-08,6.04674872010946274e-03
8,480,blocks/0/attention/query/kernel,82,3.97398309814889217e-08,6.00883178412914276e-03
8,480,blocks/0/attention/query/kernel,83,3.77920521543728682e-08,5.94083871692419052e-03
8,480,blocks/0/attention/query/kernel,84,3.63674814707337646e-08,5.83145068958401680e-03
8,480,blocks/0/attention/query/kernel,85,3.61231471401879389e-08,5.76153723523020744e-03
8,480,blocks/0/attention/query/kernel,86,3.28410827421521390e-08,5.71433268487453461e-03
8,480,blocks/0/attention/query/kernel,87,3.01625817655803985e-08,5.60360541567206383e-03
8,480,blocks/0/attention/query/kernel,88,2.88369044199043856e-08,5.54456142708659172e-03
8,480,blocks/0/attention/query/kernel,89,2.84039831655036323e-08,5.51954051479697227e-03
8,480,blocks/0/attention/query/kernel,90,2.54879015670894660e-08,5.49711147323250771e-03
8,480,blocks/0/attention/query/kernel,91,2.52114471521736050e-08,5.44255273416638374e-03
8,480,blocks/0/attention/query/kernel,92,2.36164723332876747e-08,5.39004104211926460e-03
8,480,blocks/0/attention/query/kernel,93,2.16895479354661802e-08,5.34704606980085373e-03
8,480,blocks/0/attention/query/kernel,94,1.93602325282427046e-08,5.33442758023738861e-03
8,480,blocks/0/attention/query/kernel,95,1.89519031579266084e-08,5.26223145425319672e-03
8,480,blocks/0/attention/query/kernel,96,1.78128161110180372e-08,5.14130806550383568e-03
8,480,blocks/0/attention/query/kernel,97,1.71974594564971994e-08,5.08523127064108849e-03
8,480,blocks/0/attention/query/kernel,98,1.67878404511156987e-08,5.04256458953022957e-03
8,480,blocks/0/attention/query/kernel,99,1.62419748761521987e-08,4.97666047886013985e-03
8,480,blocks/0/attention/query/kernel,100,1.45373144633254014e-08,4.94189048185944557e-03
8,480,blocks/0/attention/query/kernel,101,1.38606646160610580e-08,4.86535578966140747e-03
8,480,blocks/0/attention/query/kernel,102,1.33559527881743634e-08,4.85575199127197266e-03
8,480,blocks/0/attention/query/kernel,103,1.27696484497619167e-08,4.74599376320838928e-03
8,480,blocks/0/attention/query/kernel,104,1.23371295401852876e-08,4.70970384776592255e-03
8,480,blocks/0/attention/query/kernel,105,1.16513083625591207e-08,4.67429589480161667e-03
8,480,blocks/0/attention/query/kernel,106,1.12155191800411558e-08,4.58720047026872635e-03
8,480,blocks/0/attention/query/kernel,107,1.08467048676175182e-08,4.49262140318751335e-03
8,480,blocks/0/attention/query/kernel,108,1.03643644777662303e-08,4.47592325508594513e-03
8,480,blocks/0/attention/query/kernel,109,1.00253396695393349e-08,4.40294854342937469e-03
8,480,blocks/0/attention/query/kernel,110,9.11993680574596510e-09,4.36018407344818115e-03
8,480,blocks/0/attention/query/kernel,111,8.47867021036563528e-09,4.27509285509586334e-03
8,480,blocks/0/attention/query/kernel,112,8.28720914114455809e-09,4.24013333395123482e-03
8,480,blocks/0/attention/query/kernel,113,7.96374788336606798e-09,4.20782994478940964e-03
8,480,blocks/0/attention/query/kernel,114,7.62864615921898803e-09,4.18733898550271988e-03
8,480,blocks/0/attention/query/kernel,115,7.56750306862841171e-09,4.15628869086503983e-03
8,480,blocks/0/attention/query/kernel,116,6.75112588055526430e-09,4.08686930313706398e-03
8,480,blocks/0/attention/query/kernel,117,6.46679820803797156e-09,3.93996853381395340e-03
8,480,blocks/0/attention/query/kernel,118,6.22116003157202613e-09,3.86077049188315868e-03
8,480,blocks/0/attention/query/kernel,119,6.03907945873061180e-09,3.82541352882981300e-03
8,480,blocks/0/attention/query/kernel,120,5.72300073997666914e-09,3.76583030447363853e-03
8,480,blocks/0/attention/query/kernel,121,5.62465674036616292e-09,3.69792245328426361e-03
8,480,blocks/0/attention/query/kernel,122,5.34942312668817976e-09,3.65565414540469646e-03
8,480,blocks/0/attention/query/kernel,123,4.91852647499513296e-09,3.61807341687381268e-03
8,480,blocks/0/attention/query/kernel,124,4.45767556200848958e-09,3.58734768815338612e-03
8,480,blocks/0/attention/query/kernel,125,4.09220923813791160e-09,3.48202162422239780e-03
8,480,blocks/0/attention/query/kernel,126,3.91658483422929748e-09,3.42313200235366821e-03
8,480,blocks/0/attention/query/kernel,127,3.87436438487043233e-09,3.41036263853311539e-03
8,480,blocks/0/attention/query/kernel,128,3.54704843275044368e-09,3.33107635378837585e-03
8,480,blocks/0/attention/query/kernel,129,3.46798079142729421e-09,3.29012982547283173e-03
8,480,blocks/0/attention/query/kernel,130,3.20240656215275976e-09,3.19308298639953136e-03
8,480,blocks/0/attention/query/kernel,131,3.13517500849513908e-09,3.17840650677680969e-03
8,480,blocks/0/attention/query/kernel,132,2.86914270120064430e-09,3.15264496020972729e-03
8,480,blocks/0/attention/query/kernel,133,2.61825872094334500e-09,3.08223068714141846e-03
8,480,blocks/0/attention/query/kernel,134,2.59359600462971684e-09,3.01517616026103497e-03
8,480,blocks/0/attention/query/kernel,135,2.45122877551295915e-09,2.95695639215409756e-03
8,480,blocks/0/attention/query/kernel,136,2.12723483272725389e-09,2.89818458259105682e-03
8,480,blocks/0/attention/query/kernel,137,2.09249284566226379e-09,2.83192819915711880e-03
8,480,blocks/0/attention/query/kernel,138,1.99807903555893063e-09,2.82174022868275642e-03
8,480,blocks/0/attention/query/kernel,139,1.93859062136425564e-09,2.77955597266554832e-03
8,480,blocks/0/attention/query/kernel,140,1.86437643101555750e-09,2.66452692449092865e-03
8,480,blocks/0/attention/query/kernel,141,1.64357827348027286e-09,2.62318528257310390e-03
8,480,blocks/0/attention/query/kernel,142,1.49964618501030600e-09,2.57742335088551044e-03
8,480,blocks/0/attention/query/kernel,143,1.42170586414636091e-09,2.55918735638260841e-03
8,480,blocks/0/attention/query/kernel,144,1.25726384858637630e-09,2.46580154635012150e-03
8,480,blocks/0/attention/query/kernel,145,1.22525323220656901e-09,2.43928213603794575e-03
8,480,blocks/0/attention/query/kernel,146,1.12451803424562513e-09,2.34680622816085815e-03
8,480,blocks/0/attention/query/kernel,147,1.07793340919926095e-09,2.33013508841395378e-03
8,480,blocks/0/attention/query/kernel,148,9.79647252208337704e-10,2.28620180860161781e-03
8,480,blocks/0/attention/query/kernel,149,9.59916368614699422e-10,2.25393008440732956e-03
8,480,blocks/0/attention/query/kernel,150,9.31097587919538228e-10,2.17238231562077999e-03
8,480,blocks/0/attention/query/kernel,151,8.84728623695707483e-10,2.13087210431694984e-03
8,480,blocks/0/attention/query/kernel,152,8.43526359872726061e-10,2.07080901600420475e-03
8,480,blocks/0/attention/query/kernel,153,7.47734374417774461e-10,1.99367711320519447e-03
8,480,blocks/0/attention/query/kernel,154,5.84349679755291618e-10,1.95453036576509476e-03
8,480,blocks/0/attention/query/kernel,155,5.54771006910925735e-10,1.89489952754229307e-03
8,480,blocks/0/attention/query/kernel,156,5.38076749823090950e-10,1.86679710168391466e-03
8,480,blocks/0/attention/query/kernel,157,4.80891493293000849e-10,1.82016706094145775e-03
8,480,blocks/0/attention/query/kernel,158,4.38675651359687890e-10,1.73764687497168779e-03
8,480,blocks/0/attention/query/kernel,159,3.88241383486587210e-10,1.68844743166118860e-03
8,480,blocks/0/attention/query/kernel,160,3.48988338227940176e-10,1.62359129171818495e-03
8,480,blocks/0/attention/query/kernel,161,3.25561938518958982e-10,1.60697917453944683e-03
8,480,blocks/0/attention/query/kernel,162,2.97538466087488018e-10,1.54138880316168070e-03
8,480,blocks/0/attention/query/kernel,163,2.71412170516072138e-10,1.50442577432841063e-03
8,480,blocks/0/attention/query/kernel,164,2.39844200056182899e-10,1.48253177758306265e-03
8,480,blocks/0/attention/query/kernel,165,1.99487551477695035e-10,1.39632599893957376e-03
8,480,blocks/0/attention/query/kernel,166,1.93599289377566208e-10,1.35574990417808294e-03
8,480,blocks/0/attention/query/kernel,167,1.70218270034716568e-10,1.28886022139340639e-03
8,480,blocks/0/attention/query/kernel,168,1.38029240814852017e-10,1.26951537095010281e-03
8,480,blocks/0/attention/query/kernel,169,1.24089294395446359e-10,1.21231446973979473e-03
8,480,blocks/0/attention/query/kernel,170,9.60010820838519408e-11,1.18296046275645494e-03
8,480,blocks/0/attention/query/kernel,171,9.36833666198566561e-11,1.12600461579859257e-03
8,480,blocks/0/attention/query/kernel,172,5.85285708787353087e-11,1.10920937731862068e-03
8,480,blocks/0/attention/query/kernel,173,5.47097991909772929e-11,1.03873957414180040e-03
8,480,blocks/0/attention/query/kernel,174,4.11830673729962626e-11,9.67130356002599001e-04
8,480,blocks/0/attention/query/kernel,175,3.34099518883856916e-11,9.18873527552932501e-04
8,480,blocks/0/attention/query/kernel,176,3.09073912296842224e-11,8.88670794665813446e-04
8,480,blocks/0/attention/query/kernel,177,1.96722291234685542e-11,8.23973270598798990e-04
8,480,blocks/0/attention/query/kernel,178,1.48650328157806655e-11,8.10733647085726261e-04
8,480,blocks/0/attention/query/kernel,179,1.32086286352972593e-11,7.33914552256464958e-04
8,480,blocks/0/attention/query/kernel,180,1.22304015873209160e-11,6.50297442916780710e-04
8,480,blocks/0/attention/query/kernel,181,1.06413836076235668e-11,6.06508750934153795e-04
8,480,blocks/0/attention/query/kernel,182,7.23254659287797530e-12,5.91683026868849993e-04
8,480,blocks/0/attention/query/kernel,183,6.46918109359351234e-12,5.21019042935222387e-04
8,480,blocks/0/attention/query/kernel,184,5.10136637793534575e-12,4.21466160332784057e-04
8,480,blocks/0/attention/query/kernel,185,4.91250876782922674e-12,3.40352038620039821e-04
8,480,blocks/0/attention/query/kernel,186,4.20357759017830901e-12,3.25018161674961448e-04
8,480,blocks/0/attention/query/kernel,187,2.87675373973617088e-12,2.77952727628871799e-04
8,480,blocks/0/attention/query/kernel,188,2.79816187581660714e-12,2.41959569393657148e-04
8,480,blocks/0/attention/query/kernel,189,2.01724704648742481e-12,1.63852368132211268e-04
8,480,blocks/0/attention/query/kernel,190,1.59599124281012417e-12,1.27717532450333238e-04
8,480,blocks/0/attention/query/kernel,191,6.00797460826446583e-13,8.60478976392187178e-05
8,480,blocks/0/attention/query/kernel,192,1.75197584304648268e-13,1.10193905129563063e-05
8,480,blocks/5/attention/query/kernel,1,1.22742249004659243e-05,1.24312164261937141e-02
8,480,blocks/5/attention/query/kernel,2,1.02080412034410983e-05,1.23547194525599480e-02
8,480,blocks/5/attention/query/kernel,3,8.25995448394678533e-06,1.21836978942155838e-02
8,480,blocks/5/attention/query/kernel,4,7.65300319471862167e-06,1.18336733430624008e-02
8,480,blocks/5/attention/query/kernel,5,6.59971328786923550e-06,1.17694633081555367e-02
8,480,blocks/5/attention/query/kernel,6,6.42578925180714577e-06,1.14898467436432838e-02
8,480,blocks/5/attention/query/kernel,7,5.75337753616622649e-06,1.13717718049883842e-02
8,480,blocks/5/attention/query/kernel,8,5.34687296749325469e-06,1.13327605649828911e-02
8,480,blocks/5/attention/query/kernel,9,5.08838411406031810e-06,1.12521173432469368e-02
8,480,blocks/5/attention/query/kernel,10,4.62982961835223250e-06,1.11899944022297859e-02
8,480,blocks/5/attention/query/kernel,11,4.54485416412353516e-06,1.11127123236656189e-02
8,480,blocks/5/attention/query/kernel,12,4.33954846812412143e-06,1.10083874315023422e-02
8,480,blocks/5/attention/query/kernel,13,3.97239045923925005e-06,1.08399288728833199e-02
8,480,blocks/5/attention/query/kernel,14,3.73258080799132586e-06,1.07290958985686302e-02
8,480,blocks/5/attention/query/kernel,15,3.57300928044423927e-06,1.05965686962008476e-02
8,480,blocks/5/attention/query/kernel,16,3.44140607921872288e-06,1.05647575110197067e-02
8,480,blocks/5/attention/query/kernel,17,3.38289373758016154e-06,1.05211548507213593e-02
8,480,blocks/5/attention/query/kernel,18,3.31230580741248559e-06,1.03176757693290710e-02
8,480,blocks/5/attention/query/kernel,19,3.05739308714692015e-06,1.02077154442667961e-02
8,480,blocks/5/attention/query/kernel,20,2.96169105240551289e-06,1.01652806624770164e-02
8,480,blocks/5/attention/query/kernel,21,2.81971460935892537e-06,1.00807733833789825e-02
8,480,blocks/5/attention/query/kernel,22,2.77580511465203017e-06,1.00272493436932564e-02
8,480,blocks/5/attention/query/kernel,23,2.64444429376453627e-06,9.92343761026859283e-03
8,480,blocks/5/attention/query/kernel,24,2.57226702160551213e-06,9.91439260542392731e-03
8,480,blocks/5/attention/query/kernel,25,2.48996980189986061e-06,9.77533031255006790e-03
8,480,blocks/5/attention/query/kernel,26,2.33587070397334173e-06,9.68362763524055481e-03
8,480,blocks/5/attention/query/kernel,27,2.31286458074464463e-06,9.54749528318643570e-03
8,480,blocks/5/attention/query/kernel,28,2.14059082281892188e-06,9.51396394520998001e-03
8,480,blocks/5/attention/query/kernel,29,2.10361690733407158e-06,9.50374640524387360e-03
8,480,blocks/5/attention/query/kernel,30,2.08881351682066452e-06,9.31839738041162491e-03
8,480,blocks/5/attention/query/kernel,31,2.03850981961295474e-06,9.27715189754962921e-03
8,480,blocks/5/attention/query/kernel,32,1.98188058675441425e-06,9.17805079370737076e-03
8,480,blocks/5/attention/query/kernel,33,1.93698838302225340e-06,9.14331711828708649e-03
8,480,blocks/5/attention/query/kernel,34,1.90400885458075209e-06,9.01796016842126846e-03
8,480,blocks/5/attention/query/kernel,35,1.84567784344835673e-06,8.94534680992364883e-03
8,480,blocks/5/attention/query/kernel,36,1.79435585323517444e-06,8.90054926276206970e-03
8,480,blocks/5/attention/query/kernel,37,1.75394529833283741e-06,8.77297390252351761e-03
8,480,blocks/5/attention/query/kernel,38,1.69872919286717661e-06,8.73823091387748718e-03
8,480,blocks/5/attention/query/kernel,39,1.67712232723715715e-06,8.71966965496540070e-03
8,480,blocks/5/attention/query/kernel,40,1.66142592661344679e-06,8.63094720989465714e-03
8,480,blocks/5/attention/query/kernel,41,1.59575392899569124e-06,8.59929248690605164e-03
8,480,blocks/5/attention/query/kernel,42,1.56012504248792538e-06,8.45269393175840378e-03
8,480,blocks/5/attention/query/kernel,43,1.54115343775629299e-06,8.38470831513404846e-03
8,480,blocks/5/attention/query/kernel,44,1.51101153278432321e-06,8.27690307050943375e-03
8,480,blocks/5/attention/query/kernel,45,1.47105026826466201e-06,8.25910829007625580e-03
8,480,blocks/5/attention/query/kernel,46,1.46586796745395986e-06,8.12877714633941650e-03
8,480,blocks/5/attention/query/kernel,47,1.37798133437172510e-06,8.08382686227560043e-03
8,480,blocks/5/attention/query/kernel,48,1.35185337057919241e-06,8.00090096890926361e-03
8,480,blocks/5/attention/query/kernel,49,1.31879414766444825e-06,7.96547904610633850e-03
8,480,blocks/5/attention/query/kernel,50,1.29393401948618703e-06,7.92763568460941315e-03
8,480,blocks/5/attention/query/kernel,51,1.26080055906641064e-06,7.81542621552944183e-03
8,480,blocks/5/attention/query/kernel,52,1.24979112570144935e-06,7.75705464184284210e-03
8,480,blocks/5/attention/query/kernel,53,1.21644063710846240e-06,7.72639131173491478e-03
8,480,blocks/5/attention/query/kernel,54,1.18031744023028295e-06,7.69886141642928123e-03
8,480,blocks/5/attention/query/kernel,55,1.17189040338416817e-06,7.57661787793040276e-03
8,480,blocks/5/attention/query/kernel,56,1.15096656827518018e-06,7.46961217373609543e-03
8,480,blocks/5/attention/query/kernel,57,1.13430212422827026e-06,7.43570271879434586e-03
8,480,blocks/5/attention/query/kernel,58,1.07623782241716981e-06,7.37227080389857292e-03
8,480,blocks/5/attention/query/kernel,59,1.04494836250523804e-06,7.33238598331809044e-03
8,480,blocks/5/attention/query/kernel,60,1.01668990737380227e-06,7.26535497233271599e-03
8,480,blocks/5/attention/query/kernel,61,1.00610691333713476e-06,7.17955036088824272e-03
8,480,blocks/5/attention/query/kernel,62,1.00010174719500355e-06,7.08091491833329201e-03
8,480,blocks/5/attention/query/kernel,63,9.68187237049278338e-07,7.05717224627733231e-03
8,480,blocks/5/attention/query/kernel,64,9.64718992690904997e-07,6.97461934760212898e-03
8,480,blocks/5/attention/query/kernel,65,9.55923724177409895e-07,6.92259240895509720e-03
8,480,blocks/5/attention/query/kernel,66,9.28770248265209375e-07,6.88708852976560593e-03
8,480,blocks/5/attention/query/kernel,67,9.24030587157176342e-07,6.86458963900804520e-03
8,480,blocks/5/attention/query/kernel,68,9.04457294836902292e-07,6.75244722515344620e-03
8,480,blocks/5/attention/query/kernel,69,8.85993813426466659e-07,6.70175859704613686e-03
8,480,blocks/5/attention/query/kernel,70,8.62915044308465440e-07,6.61909207701683044e-03
8,480,blocks/5/attention/query/kernel,71,8.44674559630220756e-07,6.59751147031784058e-03
8,480,blocks/5/attention/query/kernel,72,8.31661168376740534e-07,6.52279099449515343e-03
8,480,blocks/5/attention/query/kernel,73,8.08044092082127463e-07,6.50053750723600388e-03
8,480,blocks/5/attention/query/kernel,74,8.03201771759631811e-07,6.37103244662284851e-03
8,480,blocks/5/attention/query/kernel,75,7.92703190199972596e-07,6.34022103622555733e-03
8,480,blocks/5/attention/query/kernel,76,7.78517573962744791e-07,6.30042143166065216e-03
8,480,blocks/5/attention/query/kernel,77,7.68538882311986526e-07,6.24405220150947571e-03
8,480,blocks/5/attention/query/kernel,78,7.58919100007915404e-07,6.21886411681771278e-03
8,480,blocks/5/attention/query/kernel,79,7.44949829822871834e-07,6.11277297139167786e-03
8,480,blocks/5/attention/query/kernel,80,7.29323744508292293e-07,6.04885676875710487e-03
8,480,blocks/5/attention/query/kernel,81,7.14326688466826454e-07,6.01249700412154198e-03
8,480,blocks/5/attention/query/kernel,82,6.96562665325473063e-07,5.89926447719335556e-03
8,480,blocks/5/attention/query/kernel,83,6.77950652061554138e-07,5.80681487917900085e-03
8,480,blocks/5/attention/query/kernel,84,6.67777726448548492e-07,5.74799114838242531e-03
8,480,blocks/5/attention/query/kernel,85,6.64468188915634528e-07,5.72072854265570641e-03
8,480,blocks/5/attention/query/kernel,86,6.52310689019941492e-07,5.67574705928564072e-03
8,480,blocks/5/attention/query/kernel,87,6.44175770503352396e-07,5.59974834322929382e-03
8,480,blocks/5/attention/query/kernel,88,6.28568955107766669e-07,5.56183513253927231e-03
8,480,blocks/5/attention/query/kernel,89,6.24991514541761717e-07,5.50060765817761421e-03
8,480,blocks/5/attention/query/kernel,90,6.07959350418241229e-07,5.45129412785172462e-03
8,480,blocks/5/attention/query/kernel,91,5.90894615015713498e-07,5.38065098226070404e-03
8,480,blocks/5/attention/query/kernel,92,5.85402290198544506e-07,5.36082498729228973e-03
8,480,blocks/5/attention/query/kernel,93,5.72392423237033654e-07,5.31660718843340874e-03
8,480,blocks/5/attention/query/kernel,94,5.68771838516113348e-07,5.19805913791060448e-03
8,480,blocks/5/attention/query/kernel,95,5.54514429040864343e-07,5.14761405065655708e-03
8,480,blocks/5/attention/query/kernel,96,5.44977638128330000e-07,5.13663003221154213e-03
8,480,blocks/5/attention/query/kernel,97,5.39446830316592241e-07,5.09736686944961548e-03
8,480,blocks/5/attention/query/kernel,98,5.28625207607547054e-07,5.03178825601935387e-03
8,480,blocks/5/attention/query/kernel,99,5.23959272413776489e-07,4.95902542024850845e-03
8,480,blocks/5/attention/query/kernel,100,5.20162529937806539e-07,4.87147271633148193e-03
8,480,blocks/5/attention/query/kernel,101,5.00359021771146217e-07,4.84400941058993340e-03
8,480,blocks/5/attention/query/kernel,102,4.88407863485917915e-07,4.77345474064350128e-03
8,480,blocks/5/attention/query/kernel,103,4.81646566186100245e-07,4.69986023381352425e-03
8,480,blocks/5/attention/query/kernel,104,4.75004867439565714e-07,4.66875219717621803e-03
8,480,blocks/5/attention/query/kernel,105,4.71619074460249976e-07,4.60613612085580826e-03
8,480,blocks/5/attention/query/kernel,106,4.64116794773872243e-07,4.53987438231706619e-03
8,480,blocks/5/attention/query/kernel,107,4.55705276181106456e-07,4.53286105766892433e-03
8,480,blocks/5/attention/query/kernel,108,4.46434711420806707e-07,4.48745023459196091e-03
8,480,blocks/5/attention/query/kernel,109,4.40471836782307946e-07,4.39530005678534508e-03
8,480,blocks/5/attention/query/kernel,110,4.28404831609441317e-07,4.38522035256028175e-03
8,480,blocks/5/attention/query/kernel,111,4.23853919073735597e-07,4.35893097892403603e-03
8,480,blocks/5/attention/query/kernel,112,4.18985450778563973e-07,4.22528432682156563e-03
8,480,blocks/5/attention/query/kernel,113,4.13500742979522329e-07,4.18665912002325058e-03
8,480,blocks/5/attention/query/kernel,114,4.07286535164530505e-07,4.14484180510044098e-03
8,480,blocks/5/attention/query/kernel,115,3.91220027040617424e-07,4.14308393374085426e-03
8,480,blocks/5/attention/query/kernel,116,3.82446103230904555e-07,4.05369047075510025e-03
8,480,blocks/5/attention/query/kernel,117,3.71269237575688749e-07,3.97296855226159096e-03
8,480,blocks/5/attention/query/kernel,118,3.65487977660450269e-07,3.94705403596162796e-03
8,480,blocks/5/attention/query/kernel,119,3.63954768545227125e-07,3.87407606467604637e-03
8,480,blocks/5/attention/query/kernel,120,3.55897185499998159e-07,3.85828316211700439e-03
8,480,blocks/5/attention/query/kernel,121,3.48750006651243893e-07,3.81530984304845333e-03
8,480,blocks/5/attention/query/kernel,122,3.41580658869133913e-07,3.75646888278424740e-03
8,480,blocks/5/attention/query/kernel,123,3.34396361267863540e-07,3.73790133744478226e-03
8,480,blocks/5/attention/query/kernel,124,3.26561462316021789e-07,3.68935824371874332e-03
8,480,blocks/5/attention/query/kernel,125,3.23679813618582557e-07,3.58204636722803116e-03
8,480,blocks/5/attention/query/kernel,126,3.14089987796251080e-07,3.51146166212856770e-03
8,480,blocks/5/attention/query/kernel,127,3.06629942770086927e-07,3.41451540589332581e-03
8,480,blocks/5/attention/query/kernel,128,3.04486036384332692e-07,3.38529865257441998e-03
8,480,blocks/5/attention/query/kernel,129,3.00908737926874892e-07,3.34990047849714756e-03
8,480,blocks/5/attention/query/kernel,130,2.98884970106882975e-07,3.31584597006440163e-03
8,480,blocks/5/attention/query/kernel,131,2.96260196819275734e-07,3.28341918066143990e-03
8,480,blocks/5/attention/query/kernel,132,2.88429987449490000e-07,3.22794541716575623e-03
8,480,blocks/5/attention/query/kernel,133,2.81679547242674744e-07,3.16730514168739319e-03
8,480,blocks/5/attention/query/kernel,134,2.68153627303036046e-07,3.00577143207192421e-03
8,480,blocks/5/attention/query/kernel,135,2.58942378650317551e-07,2.95920227654278278e-03
8,480,blocks/5/attention/query/kernel,136,2.53689023566039396e-07,2.94102099724113941e-03
8,480,blocks/5/attention/query/kernel,137,2.47218110871472163e-07,2.89669679477810860e-03
8,480,blocks/5/attention/query/kernel,138,2.46070584353219601e-07,2.83137313090264797e-03
8,480,blocks/5/attention/query/kernel,139,2.42711450937349582e-07,2.79262592084705830e-03
8,480,blocks/5/attention/query/kernel,140,2.32312515890953364e-07,2.75867525488138199e-03
8,480,blocks/5/attention/query/kernel,141,2.31264124295194051e-07,2.67582945525646210e-03
8,480,blocks/5/attention/query/kernel,142,2.23423356260354922e-07,2.64473189599812031e-03
8,480,blocks/5/attention/query/kernel,143,2.21067409711395158e-07,2.61222827248275280e-03
8,480,blocks/5/attention/query/kernel,144,2.14934672726485587e-07,2.53635901026427746e-03
8,480,blocks/5/attention/query/kernel,145,2.11083587942084705e-07,2.52037425525486469e-03
8,480,blocks/5/attention/query/kernel,146,2.08048732019960880e-07,2.47270800173282623e-03
8,480,blocks/5/attention/query/kernel,147,1.94631880390261358e-07,2.40388023667037487e-03
8,480,blocks/5/attention/query/kernel,148,1.89054404131638876e-07,2.31226976029574871e-03
8,480,blocks/5/attention/query/kernel,149,1.86899583809463365e-07,2.24095676094293594e-03
8,480,blocks/5/attention/query/kernel,150,1.79675566869264003e-07,2.21618637442588806e-03
8,480,blocks/5/attention/query/kernel,151,1.78658666527553578e-07,2.18991003930568695e-03
8,480,blocks/5/attention/query/kernel,152,1.73416253801406128e-07,2.15904694050550461e-03
8,480,blocks/5/attention/query/kernel,153,1.69967592000830336e-07,2.08941986784338951e-03
8,480,blocks/5/attention/query/kernel,154,1.59121441356546711e-07,2.04863562248647213e-03
8,480,blocks/5/attention/query/kernel,155,1.57517192178602272e-07,1.98334339074790478e-03
8,480,blocks/5/attention/query/kernel,156,1.53809324388021196e-07,1.88165868166834116e-03
8,480,blocks/5/attention/query/kernel,157,1.48868807059443498e-07,1.84772419743239880e-03
8,480,blocks/5/attention/query/kernel,158,1.38222716827840486e-07,1.75787089392542839e-03
8,480,blocks/5/attention/query/kernel,159,1.35467075779160950e-07,1.70697749126702547e-03
8,480,blocks/5/attention/query/kernel,160,1.32647826944776170e-07,1.63435668218880892e-03
8,480,blocks/5/attention/query/kernel,161,1.28825149658950977e-07,1.59507652278989553e-03
8,480,blocks/5/attention/query/kernel,162,1.24206678719929187e-07,1.48009054828435183e-03
8,480,blocks/5/attention/query/kernel,163,1.18584964070578280e-07,1.42502423841506243e-03
8,480,blocks/5/attention/query/kernel,164,1.17111198960628826e-07,1.41237606294453144e-03
8,480,blocks/5/attention/query/kernel,165,1.13336412255193864e-07,1.38419680297374725e-03
8,480,blocks/5/attention/query/kernel,166,1.08988288616274076e-07,1.32789986673742533e-03
8,480,blocks/5/attention/query/kernel,167,1.03583559507569589e-07,1.31075771059840918e-03
8,480,blocks/5/attention/query/kernel,168,9.89829658237795229e-08,1.28524261526763439e-03
8,480,blocks/5/attention/query/kernel,169,9.40694917517248541e-08,1.24250072985887527e-03
8,480,blocks/5/attention/query/kernel,170,8.89011744220624678e-08,1.21721939649432898e-03
8,480,blocks/5/attention/query/kernel,171,8.64918163756556169e-08,1.11682771239429712e-03
8,480,blocks/5/attention/query/kernel,172,8.16031970884978364e-08,1.05946965049952269e-03
8,480,blocks/5/attention/query/kernel,173,8.00600332695466932e-08,9.96733899228274822e-04
8,480,blocks/5/attention/query/kernel,174,7.01892588494956726e-08,9.59859462454915047e-04
8,480,blocks/5/attention/query/kernel,175,6.83344936192042951e-08,9.06408356968313456e-04
8,480,blocks/5/attention/query/kernel,176,6.65297932300745742e-08,8.09800054412335157e-04
8,480,blocks/5/attention/query/kernel,177,6.22985965037514688e-08,7.77554931119084358e-04
8,480,blocks/5/attention/query/kernel,178,5.40085665079459432e-08,7.48833874240517616e-04
8,480,blocks/5/attention/query/kernel,179,4.90579594725204515e-08,6.84948172420263290e-04
8,480,blocks/5/attention/query/kernel,180,4.08301303878033650e-08,5.82275446504354477e-04
8,480,blocks/5/attention/query/kernel,181,3.81681708461201197e-08,5.57904946617782116e-04
8,480,blocks/5/attention/query/kernel,182,3.46431470177321899e-08,5.10324316564947367e-04
8,480,blocks/5/attention/query/kernel,183,3.31285612276133179e-08,4.68324054963886738e-04
8,480,blocks/5/attention/query/kernel,184,2.97409457061803550e-08,4.09128464525565505e-04
8,480,blocks/5/attention/query/kernel,185,2.48838176730714622e-08,3.40311642503365874e-04
8,480,blocks/5/attention/query/kernel,186,1.96593852308524220e-08,2.58879386819899082e-04
8,480,blocks/5/attention/query/kernel,187,1.64149742687413891e-08,2.39869550568982959e-04
8,480,blocks/5/attention/query/kernel,188,1.28899975138097034e-08,1.85196448001079261e-04
8,480,blocks/5/attention/query/kernel,189,8.78199646336952355e-09,1.35519920149818063e-04
8,480,blocks/5/attention/query/kernel,190,6.67504496121296143e-09,1.11415574792772532e-04
8,480,blocks/5/attention/query/kernel,191,6.37608910114551009e-10,4.96134416607674211e-05
8,480,blocks/5/attention/query/kernel,192,3.16923516509998171e-13,3.57132012140937150e-05
8,480,blocks/11/attention/query/kernel,1,9.48368233366636559e-06,1.26494169235229492e-02
8,480,blocks/11/attention/query/kernel,2,4.33174363934085704e-06,1.25238280743360519e-02
8,480,blocks/11/attention/query/kernel,3,2.91309515887405723e-06,1.22184688225388527e-02
8,480,blocks/11/attention/query/kernel,4,2.25103872253384907e-06,1.19280600920319557e-02
8,480,blocks/11/attention/query/kernel,5,2.19547041524492670e-06,1.17006190121173859e-02
8,480,blocks/11/attention/query/kernel,6,1.56942542162141763e-06,1.16834584623575211e-02
8,480,blocks/11/attention/query/kernel,7,1.55059933604206890e-06,1.15394461899995804e-02
8,480,blocks/11/attention/query/kernel,8,1.44627131248853402e-06,1.12958382815122604e-02
8,480,blocks/11/attention/query/kernel,9,1.36995515731541673e-06,1.12740388140082359e-02
8,480,blocks/11/attention/query/kernel,10,1.26837630887166597e-06,1.11522274091839790e-02
8,480,blocks/11/attention/query/kernel,11,1.21367270367045421e-06,1.09893288463354111e-02
8,480,blocks/11/attention/query/kernel,12,1.13038038307422539e-06,1.09457308426499367e-02
8,480,blocks/11/attention/query/kernel,13,1.03130628303915728e-06,1.08613492920994759e-02
8,480,blocks/11/attention/query/kernel,14,9.97439201455563307e-07,1.07451779767870903e-02
8,480,blocks/11/attention/query/kernel,15,9.52227026118634967e-07,1.06227984651923180e-02
8,480,blocks/11/attention/query/kernel,16,8.76933142990310444e-07,1.06024667620658875e-02
8,480,blocks/11/attention/query/kernel,17,8.42338920392649015e-07,1.04703456163406372e-02
8,480,blocks/11/attention/query/kernel,18,7.78615230956347659e-07,1.03902714326977730e-02
8,480,blocks/11/attention/query/kernel,19,7.14763586984190624e-07,1.02382600307464600e-02
8,480,blocks/11/attention/query/kernel,20,6.44458850729279220e-07,1.01699857041239738e-02
8,480,blocks/11/attention/query/kernel,21,6.29750388725369703e-07,1.00511861965060234e-02
8,480,blocks/11/attention/query/kernel,22,5.94853645452531055e-07,9.97764151543378830e-03
8,480,blocks/11/attention/query/kernel,23,5.82496625156636583e-07,9.83734149485826492e-03
8,480,blocks/11/attention/query/kernel,24,5.69916153381200274e-07,9.78493317961692810e-03
8,480,blocks/11/attention/query/kernel,25,5.36757909230800578e-07,9.76938754320144653e-03
8,480,blocks/11/attention/query/kernel,26,5.23313701705774292e-07,9.64942574501037598e-03
8,480,blocks/11/attention/query/kernel,27,4.95177459924889263e-07,9.62219387292861938e-03
8,480,blocks/11/attention/query/kernel,28,4.83399219319835538e-07,9.49073303490877151e-03
8,480,blocks/11/attention/query/kernel,29,4.65063322963032988e-07,9.40659642219543457e-03
8,480,blocks/11/attention/query/kernel,30,4.48700717470273958e-07,9.32451989501714706e-03
8,480,blocks/11/attention/query/kernel,31,4.43415700601690332e-07,9.26684401929378510e-03
8,480,blocks/11/attention/query/kernel,32,4.20455847915945924e-07,9.22307185828685760e-03
8,480,blocks/11/attention/query/kernel,33,3.94719393170817057e-07,9.19297896325588226e-03
8,480,blocks/11/attention/query/kernel,34,3.84603140446415637e-07,9.12821665406227112e-03
8,480,blocks/11/attention/query/kernel,35,3.74912616507572238e-07,9.03749745339155197e-03
8,480,blocks/11/attention/query/kernel,36,3.67141240076307440e-07,8.98872502148151398e-03
8,480,blocks/11/attention/query/kernel,37,3.54061512553016655e-07,8.87189712375402451e-03
8,480,blocks/11/attention/query/kernel,38,3.48983178355410928e-07,8.77118669450283051e-03
8,480,blocks/11/attention/query/kernel,39,3.40099234108492965e-07,8.73318966478109360e-03
8,480,blocks/11/attention/query/kernel,40,3.18581641067794408e-07,8.67532659322023392e-03
8,480,blocks/11/attention/query/kernel,41,3.13609035629269783e-07,8.64338502287864685e-03
8,480,blocks/11/attention/query/kernel,42,3.04661455174937146e-07,8.56624078005552292e-03
8,480,blocks/11/attention/query/kernel,43,2.99111405865915003e-07,8.50966200232505798e-03
8,480,blocks/11/attention/query/kernel,44,2.84340302414420876e-07,8.44456814229488373e-03
8,480,blocks/11/attention/query/kernel,45,2.74261992672109045e-07,8.32136161625385284e-03
8,480,blocks/11/attention/query/kernel,46,2.70116260026043165e-07,8.26667714864015579e-03
8,480,blocks/11/attention/query/kernel,47,2.65689465095420019e-07,8.21691099554300308e-03
8,480,blocks/11/attention/query/kernel,48,2.60311622923836694e-07,8.13830643892288208e-03
8,480,blocks/11/attention/query/kernel,49,2.57098946576661547e-07,8.01006704568862915e-03
8,480,blocks/11/attention/query/kernel,50,2.48447719286559732e-07,7.97891989350318909e-03
8,480,blocks/11/attention/query/kernel,51,2.39915891597775044e-07,7.91273638606071472e-03
8,480,blocks/11/attention/query/kernel,52,2.34253448638810369e-07,7.81500805169343948e-03
8,480,blocks/11/attention/query/kernel,53,2.26773039457839332e-07,7.77659239247441292e-03
8,480,blocks/11/attention/query/kernel,54,2.20451767063423176e-07,7.68056046217679977e-03
8,480,blocks/11/attention/query/kernel,55,2.18650427541433601e-07,7.61862797662615776e-03
8,480,blocks/11/attention/query/kernel,56,2.11488398349501949e-07,7.57852615788578987e-03
8,480,blocks/11/attention/query/kernel,57,2.09020740271625982e-07,7.50219402834773064e-03
8,480,blocks/11/attention/query/kernel,58,2.02722389985865448e-07,7.48027767986059189e-03
8,480,blocks/11/attention/query/kernel,59,2.00176216935687989e-07,7.45353102684020996e-03
8,480,blocks/11/attention/query/kernel,60,1.94791411445294216e-07,7.36934691667556763e-03
8,480,blocks/11/attention/query/kernel,61,1.87443234267448133e-07,7.20441900193691254e-03
8,480,blocks/11/attention/query/kernel,62,1.86333352303336142e-07,7.12827034294605255e-03
8,480,blocks/11/attention/query/kernel,63,1.83394291752847494e-07,7.06680351868271828e-03
8,480,blocks/11/attention/query/kernel,64,1.76870173618226545e-07,6.98021939024329185e-03
8,480,blocks/11/attention/query/kernel,65,1.72493372474491480e-07,6.93246535956859589e-03
8,480,blocks/11/attention/query/kernel,66,1.65102662208482798e-07,6.88019488006830215e-03
8,480,blocks/11/attention/query/kernel,67,1.63759978022426367e-07,6.82547921314835548e-03
8,480,blocks/11/attention/query/kernel,68,1.61934067932634207e-07,6.76954071968793869e-03
8,480,blocks/11/attention/query/kernel,69,1.59038890501506103e-07,6.73619098961353302e-03
8,480,blocks/11/attention/query/kernel,70,1.56433443976311537e-07,6.66057225316762924e-03
8,480,blocks/11/attention/query/kernel,71,1.52205245740333339e-07,6.61450112238526344e-03
8,480,blocks/11/attention/query/kernel,72,1.50132109411060810e-07,6.50634150952100754e-03
8,480,blocks/11/attention/query/kernel,73,1.46496162756193371e-07,6.46104477345943451e-03
8,480,blocks/11/attention/query/kernel,74,1.40545139970527089e-07,6.41509564593434334e-03
8,480,blocks/11/attention/query/kernel,75,1.37062428962053673e-07,6.38002576306462288e-03
8,480,blocks/11/attention/query/kernel,76,1.34784457372916222e-07,6.30068918690085411e-03
8,480,blocks/11/attention/query/kernel,77,1.32104418071321561e-07,6.25012395903468132e-03
8,480,blocks/11/attention/query/kernel,78,1.31286640225880546e-07,6.18472415953874588e-03
8,480,blocks/11/attention/query/kernel,79,1.27875054545256717e-07,6.15660008043050766e-03
8,480,blocks/11/attention/query/kernel,80,1.26145323520177044e-07,6.06141006574034691e-03
8,480,blocks/11/attention/query/kernel,81,1.23195562196087849e-07,5.99718093872070312e-03
8,480,blocks/11/attention/query/kernel,82,1.20096245836975868e-07,5.95809705555438995e-03
8,480,blocks/11/attention/query/kernel,83,1.15667823763487831e-07,5.86410192772746086e-03
8,480,blocks/11/attention/query/kernel,84,1.14401423445542605e-07,5.81895420327782631e-03
8,480,blocks/11/attention/query/kernel,85,1.10503748373957933e-07,5.79272955656051636e-03
8,480,blocks/11/attention/query/kernel,86,1.07207249300245167e-07,5.65272988751530647e-03
8,480,blocks/11/attention/query/kernel,87,1.04618976592973922e-07,5.63090294599533081e-03
8,480,blocks/11/attention/query/kernel,88,1.03645298565879784e-07,5.58278616517782211e-03
8,480,blocks/11/attention/query/kernel,89,1.02397883949834068e-07,5.49169257283210754e-03
8,480,blocks/11/attention/query/kernel,90,1.00741068820298096e-07,5.42710907757282257e-03
8,480,blocks/11/attention/query/kernel,91,9.75630314314912539e-08,5.38606755435466766e-03
8,480,blocks/11/attention/query/kernel,92,9.44683975490079320e-08,5.33950468525290489e-03
8,480,blocks/11/attention/query/kernel,93,9.35334938390042225e-08,5.26684103533625603e-03
8,480,blocks/11/attention/query/kernel,94,9.04859973616112256e-08,5.23194903507828712e-03
8,480,blocks/11/attention/query/kernel,95,8.93435654347740638e-08,5.22430101409554482e-03
8,480,blocks/11/attention/query/kernel,96,8.74832295494343271e-08,5.18338149413466454e-03
8,480,blocks/11/attention/query/kernel,97,8.55412025657642516e-08,5.04722911864519119e-03
8,480,blocks/11/attention/query/kernel,98,8.29640995902991563e-08,5.02569228410720825e-03
8,480,blocks/11/attention/query/kernel,99,8.17458172264196037e-08,4.98843798413872719e-03
8,480,blocks/11/attention/query/kernel,100,8.07773332667238719e-08,4.95654297992587090e-03
8,480,blocks/11/attention/query/kernel,101,7.82668081455994979e-08,4.87963436171412468e-03
8,480,blocks/11/attention/query/kernel,102,7.65669838642679679e-08,4.79874061420559883e-03
8,480,blocks/11/attention/query/kernel,103,7.57561124942185415e-08,4.74088732153177261e-03
8,480,blocks/11/attention/query/kernel,104,7.45271222513110843e-08,4.72390884533524513e-03
8,480,blocks/11/attention/query/kernel,105,7.28470084254695394e-08,4.63338661938905716e-03
8,480,blocks/11/attention/query/kernel,106,7.21661308489274234e-08,4.59576118737459183e-03
8,480,blocks/11/attention/query/kernel,107,6.91287169729548623e-08,4.56333067268133163e-03
8,480,blocks/11/attention/query/kernel,108,6.85148009438307781e-08,4.52192407101392746e-03
8,480,blocks/11/attention/query/kernel,109,6.71994868639558263e-08,4.48124483227729797e-03
8,480,blocks/11/attention/query/kernel,110,6.52851710469803947e-08,4.39329072833061218e-03
8,480,blocks/11/attention/query/kernel,111,6.37575894302244706e-08,4.29330626502633095e-03
8,480,blocks/11/attention/query/kernel,112,6.16192536995185947e-08,4.26940619945526123e-03
8,480,blocks/11/attention/query/kernel,113,5.93679203575447900e-08,4.24384279176592827e-03
8,480,blocks/11/attention/query/kernel,114,5.70286395884522790e-08,4.22275857999920845e-03
8,480,blocks/11/attention/query/kernel,115,5.64236195543799113e-08,4.10686619579792023e-03
8,480,blocks/11/attention/query/kernel,116,5.60468578214567970e-08,4.07470716163516045e-03
8,480,blocks/11/attention/query/kernel,117,5.45223315384646412e-08,4.02983231469988823e-03
8,480,blocks/11/attention/query/kernel,118,5.36166382403280295e-08,4.01044217869639397e-03
8,480,blocks/11/attention/query/kernel,119,5.31969348571692535e-08,3.99049976840615273e-03
8,480,blocks/11/attention/query/kernel,120,5.03803256890478224e-08,3.92958475276827812e-03
8,480,blocks/11/attention/query/kernel,121,4.99588637126180402e-08,3.86892724782228470e-03
8,480,blocks/11/attention/query/kernel,122,4.83924083027886809e-08,3.79867875017225742e-03
8,480,blocks/11/attention/query/kernel,123,4.78289656768993154e-08,3.74379125423729420e-03
8,480,blocks/11/attention/query/kernel,124,4.62300313586183620e-08,3.65927955135703087e-03
8,480,blocks/11/attention/query/kernel,125,4.56265532022825937e-08,3.61576862633228302e-03
8,480,blocks/11/attention/query/kernel,126,4.45498606893579563e-08,3.52832302451133728e-03
8,480,blocks/11/attention/query/kernel,127,4.32936140271067416e-08,3.47721180878579617e-03
8,480,blocks/11/attention/query/kernel,128,4.21622665669474372e-08,3.45778488554060459e-03
8,480,blocks/11/attention/query/kernel,129,4.16003906877904228e-08,3.41347698122262955e-03
8,480,blocks/11/attention/query/kernel,130,4.08992804068475380e-08,3.39176342822611332e-03
8,480,blocks/11/attention/query/kernel,131,3.95729244928588741e-08,3.25023848563432693e-03
8,480,blocks/11/attention/query/kernel,132,3.82604632420679991e-08,3.19860782474279404e-03
8,480,blocks/11/attention/query/kernel,133,3.76024438253352855e-08,3.16701945848762989e-03
8,480,blocks/11/attention/query/kernel,134,3.70228470103484142e-08,3.10570630244910717e-03
8,480,blocks/11/attention/query/kernel,135,3.67098209608229809e-08,3.03635071031749249e-03
8,480,blocks/11/attention/query/kernel,136,3.55825520159669395e-08,3.01460013724863529e-03
8,480,blocks/11/attention/query/kernel,137,3.50079147892756737e-08,2.95063736848533154e-03
8,480,blocks/11/attention/query/kernel,138,3.32135741132333351e-08,2.86621763370931149e-03
8,480,blocks/11/attention/query/kernel,139,3.28017399908731022e-08,2.81708338297903538e-03
8,480,blocks/11/attention/query/kernel,140,3.08994998476919136e-08,2.79497005976736546e-03
8,480,blocks/11/attention/query/kernel,141,3.02484366443422914e-08,2.71469564177095890e-03
8,480,blocks/11/attention/query/kernel,142,2.94672428680087251e-08,2.63609667308628559e-03
8,480,blocks/11/attention/query/kernel,143,2.91009367714423206e-08,2.59603396989405155e-03
8,480,blocks/11/attention/query/kernel,144,2.82386256600375418e-08,2.52584880217909813e-03
8,480,blocks/11/attention/query/kernel,145,2.78897651639908872e-08,2.50911992043256760e-03
8,480,blocks/11/attention/query/kernel,146,2.70192863638385461e-08,2.39882851019501686e-03
8,480,blocks/11/attention/query/kernel,147,2.62099710823804344e-08,2.33335024677217007e-03
8,480,blocks/11/attention/query/kernel,148,2.55333940657465064e-08,2.29373783804476261e-03
8,480,blocks/11/attention/query/kernel,149,2.48720439799399173e-08,2.25876527838408947e-03
8,480,blocks/11/attention/query/kernel,150,2.47043860923668035e-08,2.21010087989270687e-03
8,480,blocks/11/attention/query/kernel,151,2.30977228454776196e-08,2.19157757237553596e-03
8,480,blocks/11/attention/query/kernel,152,2.22234959323941439e-08,2.09521502256393433e-03
8,480,blocks/11/attention/query/kernel,153,2.13023394479705530e-08,2.07322719506919384e-03
8,480,blocks/11/attention/query/kernel,154,2.07695762810544693e-08,2.03688675537705421e-03
8,480,blocks/11/attention/query/kernel,155,2.02822771910859956e-08,1.96904223412275314e-03
8,480,blocks/11/attention/query/kernel,156,1.94931253361119161e-08,1.88664009328931570e-03
8,480,blocks/11/attention/query/kernel,157,1.92502227491786471e-08,1.86562573071569204e-03
8,480,blocks/11/attention/query/kernel,158,1.83424688771083311e-08,1.81935273576527834e-03
8,480,blocks/11/attention/query/kernel,159,1.78415859863889636e-08,1.71693076845258474e-03
8,480,blocks/11/attention/query/kernel,160,1.67446927434866666e-08,1.67179305572062731e-03
8,480,blocks/11/attention/query/kernel,161,1.60503006441103935e-08,1.64910231251269579e-03
8,480,blocks/11/attention/query/kernel,162,1.58341180167553830e-08,1.61383592057973146e-03
8,480,blocks/11/attention/query/kernel,163,1.47533176786396325e-08,1.56033504754304886e-03
8,480,blocks/11/attention/query/kernel,164,1.45363969750178512e-08,1.52357853949069977e-03
8,480,blocks/11/attention/query/kernel,165,1.36514914927943209e-08,1.48761435411870480e-03
8,480,blocks/11/attention/query/kernel,166,1.35381785781873987e-08,1.42909609712660313e-03
8,480,blocks/11/attention/query/kernel,167,1.25991510557810216e-08,1.32286269217729568e-03
8,480,blocks/11/attention/query/kernel,168,1.21472902847585829e-08,1.27944885753095150e-03
8,480,blocks/11/attention/query/kernel,169,1.15169527248326631e-08,1.23659288510680199e-03
8,480,blocks/11/attention/query/kernel,170,1.09378657242586996e-08,1.21217686682939529e-03
8,480,blocks/11/attention/query/kernel,171,1.00266595026710092e-08,1.16032303776592016e-03
8,480,blocks/11/attention/query/kernel,172,9.89672432893939913e-09,1.06890592724084854e-03
8,480,blocks/11/attention/query/kernel,173,9.27651466753331988e-09,9.48457513004541397e-04
8,480,blocks/11/attention/query/kernel,174,8.55359338913785905e-09,9.30901791434735060e-04
8,480,blocks/11/attention/query/kernel,175,8.22370260777915973e-09,8.78093705978244543e-04
8,480,blocks/11/attention/query/kernel,176,7.58684315371738194e-09,8.54466459713876247e-04
8,480,blocks/11/attention/query/kernel,177,7.39628269741388067e-09,8.14480066765099764e-04
8,480,blocks/11/attention/query/kernel,178,6.43383790688289992e-09,7.23213830497115850e-04
8,480,blocks/11/attention/query/kernel,179,5.87803450358137525e-09,7.04182777553796768e-04
8,480,blocks/11/attention/query/kernel,180,5.47199352496363645e-09,6.57658383715897799e-04
8,480,blocks/11/attention/query/kernel,181,5.29952393080179718e-09,6.23076222836971283e-04
8,480,blocks/11/attention/query/kernel,182,4.69246996814831618e-09,5.34493068698793650e-04
8,480,blocks/11/attention/query/kernel,183,3.66195673784375231e-09,5.13529521413147449e-04
8,480,blocks/11/attention/query/kernel,184,3.59885321543629288e-09,4.24195575760677457e-04
8,480,blocks/11/attention/query/kernel,185,3.40159722611588222e-09,3.83331760531291366e-04
8,480,blocks/11/attention/query/kernel,186,2.44323095088816444e-09,3.13417200231924653e-04
8,480,blocks/11/attention/query/kernel,187,2.09791917171742170e-09,2.80619075056165457e-04
8,480,blocks/11/attention/query/kernel,188,1.80817316675074835e-09,2.14681727811694145e-04
8,480,blocks/11/attention/query/kernel,189,1.58060942112570046e-09,1.57448317622765899e-04
8,480,blocks/11/attention/query/kernel,190,7.60090157481130291e-10,1.09634551336057484e-04
8,480,blocks/11/attention/query/kernel,191,3.62202212667028789e-10,7.31600011931732297e-05
8,480,blocks/11/attention/query/kernel,192,9.00129016462303255e-12,6.17508931100019254e-06
