method,step,negative_fraction,first_state_mse,second_state_mse,first_hat_mse,second_hat_raw_mse,denominator_min,denominator_p001,absolute_direction_p99,absolute_direction_max
iid_ime,1,0.5004107157389323,7.366962246161771e-07,2.945005362261129e-10,7.366958107013488e-05,0.00029450811659141135,9.036021947395056e-05,0.004538916051387787,0.5628749132156372,57.76771545410156
iid_ime,2,0.5004069010416666,1.3387343026730984e-06,5.876780613071434e-10,3.708403194953765e-05,0.00014707228729093913,0.00011877234646817669,0.004218243528157473,0.48473647236824036,106.931884765625
iid_ime,3,0.5006090799967448,1.8238895573100915e-06,8.806577920609607e-10,2.4834741528441857e-05,9.804809421135967e-05,9.219007915817201e-05,0.00322667951695621,0.43680310249328613,33.95843505859375
iid_ime,4,0.5001843770345052,2.2122845374876e-06,1.172446306707542e-09,1.8705806724028662e-05,7.350085888901958e-05,6.491613748949021e-05,0.0030188774690032005,0.4379653334617615,100.58622741699219
iid_ime,5,0.49996185302734375,2.5233888152342843e-06,1.4632703197274093e-09,1.5047176399699916e-05,5.876747506287453e-05,4.783184067491675e-06,0.0034164213575422764,0.4073564112186432,250.54237365722656
iid_ime,6,0.49987538655598956,2.7806037602810343e-06,1.7545769143145762e-09,1.2665150317540489e-05,4.898347439545129e-05,9.059707372216508e-05,0.003517680335789919,0.3716954290866852,22.457378387451172
iid_ime,7,0.49932607014973956,2.98849590762984e-06,2.0448726045785293e-09,1.098008465305611e-05,4.1984475501521956e-05,0.00013508336269296706,0.0032730724196881056,0.3648192882537842,31.701860427856445
iid_ime,8,0.499725341796875,3.159602897540026e-06,2.336553191669329e-09,9.740806566090518e-06,3.6766083212569356e-05,1.5115426322154235e-05,0.0026642929296940565,0.34591928124427795,372.2085266113281
iid_ime,9,0.5001029968261719,3.2984827195529456e-06,2.6262618561349407e-09,8.790005646612068e-06,3.268435132971111e-05,5.425373092293739e-05,0.002448950195685029,0.34505265951156616,87.62715911865234
iid_ime,10,0.4996655782063802,3.405297765842382e-06,2.91437010635498e-09,8.02719959362245e-06,2.9407843157969182e-05,7.153760816436261e-05,0.002912747673690319,0.3517460227012634,23.05219841003418
iid_ime,11,0.49973424275716144,3.500006054461361e-06,3.2035058217250167e-09,7.433282159278558e-06,2.674189984948801e-05,9.025118924910203e-05,0.0022493042051792145,0.34585973620414734,48.063438415527344
iid_ime,12,0.5000470479329427,3.573389752394481e-06,3.49098307668901e-09,6.939867110607641e-06,2.4511654828529572e-05,9.239794599125162e-05,0.0027625672519207,0.343097984790802,30.27984619140625
iid_ime,13,0.4997113545735677,3.6264534818049774e-06,3.7807256584680244e-09,6.5196105083487055e-06,2.2641669905472856e-05,0.0001172561023849994,0.0023321157786995173,0.3375389277935028,27.014184951782227
iid_ime,14,0.49934641520182294,3.6779418053356494e-06,4.066164645729249e-09,6.183503482285839e-06,2.1017599920014618e-05,8.481978147756308e-05,0.0026010575238615274,0.32199913263320923,56.59174728393555
iid_ime,15,0.4991467793782552,3.7126822007849114e-06,4.353345831968151e-09,5.887453880859539e-06,1.9621265285726015e-05,2.76368300546892e-05,0.0020402567461133003,0.3335292935371399,100.10597229003906
iid_ime,16,0.4995104471842448,3.751975659345893e-06,4.640758832774594e-09,5.652839206504723e-06,1.840217237258912e-05,0.00010690109775168821,0.002782190218567848,0.3000403642654419,20.308664321899414
iid_ime,17,0.49996312459309894,3.771021492108654e-06,4.929935755922561e-09,5.43164064007821e-06,1.733386579871876e-05,6.403069710358977e-05,0.002403473947197199,0.32689857482910156,19.97605323791504
iid_ime,18,0.4989763895670573,3.793750929996046e-06,5.212354362941578e-09,5.25203521798782e-06,1.636343161711314e-05,9.905340266413987e-05,0.002236757194623351,0.3106854259967804,16.9643611907959
iid_ime,19,0.49936167399088544,3.807292652406128e-06,5.493089723825524e-09,5.0894342772759655e-06,1.549279401539631e-05,6.332656630547717e-05,0.0025785169564187527,0.3179124891757965,20.60123062133789
iid_ime,20,0.49948755900065106,3.816731568425287e-06,5.778994061067522e-09,4.9463382462514955e-06,1.4724676816513238e-05,4.1224433516617864e-05,0.0020789173431694508,0.3257645070552826,134.93508911132812
iid_ime,21,0.4991302490234375,3.827962482697937e-06,6.060843993349607e-09,4.826372029735164e-06,1.4021036084462443e-05,9.855584357865155e-05,0.002404184313490987,0.3244199752807617,22.14279556274414
iid_ime,22,0.4991111755371094,3.840991250096219e-06,6.342814939941377e-09,4.725956633440849e-06,1.338306716055134e-05,1.8291570086148567e-05,0.00208381749689579,0.31608837842941284,150.11363220214844
iid_ime,23,0.4991798400878906,3.852481806158418e-06,6.6292582349506785e-09,4.638210327811976e-06,1.2810336443180859e-05,2.36685445997864e-05,0.001931188628077507,0.3405362367630005,146.38372802734375
iid_ime,24,0.4993438720703125,3.86092875714894e-06,6.91389212548188e-09,4.559273501551313e-06,1.2282450105279471e-05,1.5175834960245993e-05,0.002414042130112648,0.31400126218795776,65.84308624267578
iid_ime,25,0.4997673034667969,3.861254972055879e-06,7.195185910043496e-09,4.481627759863234e-06,1.1791781200069332e-05,0.00012554253044072539,0.002021743217483163,0.33127686381340027,14.903399467468262
iid_ime,26,0.4993146260579427,3.863732407201799e-06,7.472011509523924e-09,4.415931357470981e-06,1.1332874805702886e-05,5.3573414334096014e-05,0.0021794347558170557,0.32710543274879456,55.84854507446289
iid_ime,27,0.49954859415690106,3.861209165734181e-06,7.752886962049862e-09,4.352707909068461e-06,1.0914860126831627e-05,8.73428289196454e-05,0.00211733509786427,0.32329055666923523,40.35126876831055
iid_ime,28,0.4994951883951823,3.865562784236924e-06,8.039680587934583e-09,4.304302327303351e-06,1.0535066432263799e-05,3.796235614572652e-05,0.002125881379470229,0.32479020953178406,27.354188919067383
iid_ime,29,0.4992815653483073,3.871486436916409e-06,8.317265357919249e-09,4.263676222156694e-06,1.0170226687478134e-05,2.876572216337081e-05,0.002028846647590399,0.3223877549171448,55.84174346923828
iid_ime,30,0.49935658772786456,3.875180482282303e-06,8.587784816604938e-09,4.225864662051511e-06,9.822397032621666e-06,7.189508323790506e-05,0.0020968769676983356,0.3353358507156372,50.85786819458008
iid_ime,31,0.4993743896484375,3.869437250614283e-06,8.86151529932988e-09,4.182490442872222e-06,9.501575277681695e-06,0.00012594074360094965,0.0018395649967715144,0.34014660120010376,21.2677001953125
iid_ime,32,0.4994862874348958,3.877177846334234e-06,9.13605409843162e-09,4.157807438787131e-06,9.202441712356327e-06,7.655806257389486e-05,0.0019452148117125034,0.3413008153438568,19.792570114135742
iid_ime,33,0.4994468688964844,3.885933627619427e-06,9.406766328841817e-09,4.137719145091978e-06,8.918420576264907e-06,5.601425073109567e-05,0.0020155631937086582,0.35558784008026123,37.12574768066406
iid_ime,34,0.4997965494791667,3.882568478275061e-06,9.685102608791851e-09,4.10789550642221e-06,8.658730772973891e-06,0.00015329316374845803,0.002174041233956814,0.3403101861476898,12.311233520507812
iid_ime,35,0.49992116292317706,3.878181596898382e-06,9.963522895617416e-09,4.079876513666629e-06,8.414271216376315e-06,3.6362642276799306e-05,0.0023265243507921696,0.31693506240844727,29.407745361328125
iid_ime,36,0.5000470479329427,3.8779116190805025e-06,1.02373273191958e-08,4.058724433283108e-06,8.180016645079983e-06,6.962416955502704e-05,0.0020113999489694834,0.3416390120983124,37.54296875
iid_ime,37,0.4998181660970052,3.876371465594275e-06,1.05136317059736e-08,4.038475329555998e-06,7.960733379756372e-06,6.986821244936436e-05,0.001972250174731016,0.3407346308231354,35.64693832397461
iid_ime,38,0.4999033610026042,3.875316442266315e-06,1.0787778966421987e-08,4.020717123391175e-06,7.751767933920442e-06,4.472200816962868e-05,0.0023105922155082226,0.3270156979560852,28.865463256835938
iid_ime,39,0.5000445048014323,3.875551736124787e-06,1.1057388375294389e-08,4.006055538260019e-06,7.550769320611532e-06,5.137250991538167e-05,0.001558109070174396,0.3316361904144287,30.642009735107422
iid_ime,40,0.4997215270996094,3.882439547927182e-06,1.133776198850948e-08,3.999806798068069e-06,7.367273288612826e-06,6.810417107772082e-05,0.001535483985207975,0.34851232171058655,17.749469757080078
iid_ime,41,0.4998830159505208,3.8867681837473356e-06,1.1610091369777345e-08,3.99227913779517e-06,7.1878458432668895e-06,3.431382356211543e-05,0.001489197020418942,0.34050828218460083,52.59650802612305
iid_ime,42,0.49984105428059894,3.887443919362947e-06,1.1889785341464195e-08,3.9822269097082126e-06,7.021621020915821e-06,9.332770423498005e-05,0.0017676724819466472,0.366227924823761,37.374717712402344
iid_ime,43,0.4998219807942708,3.886614005447579e-06,1.2157365743744227e-08,3.971745968556206e-06,6.856389518361539e-06,5.15526371600572e-05,0.0018568955129012465,0.35834598541259766,40.86404800415039
iid_ime,44,0.5001004536946615,3.885945507893969e-06,1.2428425955057776e-08,3.962425845808563e-06,6.700940351341463e-06,6.636643229285255e-05,0.002246915828436613,0.35629138350486755,27.686145782470703
iid_ime,45,0.5000890096028646,3.892459290000261e-06,1.2697886409007708e-08,3.961305670448685e-06,6.551821115863277e-06,6.233131716726348e-05,0.0015959818847477436,0.34945395588874817,16.69876480102539
iid_ime,46,0.5003814697265625,3.8871974084031535e-06,1.2969521493803407e-08,3.9489932911844034e-06,6.410555139761224e-06,4.630626426660456e-05,0.0019039605977013707,0.3556152582168579,20.347806930541992
iid_ime,47,0.5001551310221354,3.8853539763294975e-06,1.3234752960222806e-08,3.940878400499059e-06,6.27247641205031e-06,4.459701358427992e-06,0.001783844898454845,0.3535746932029724,483.6460876464844
iid_ime,48,0.5000813802083334,3.883117490962225e-06,1.3499315850336776e-08,3.93300746281966e-06,6.1401433413266204e-06,5.249206878943369e-05,0.0018565073842182755,0.3535730242729187,32.943016052246094
iid_ime,49,0.500342051188151,3.878842600594605e-06,1.3766677538680957e-08,3.923650448693176e-06,6.014750397298485e-06,6.932747783139348e-05,0.0019882398191839457,0.37088942527770996,32.12683868408203
iid_ime,50,0.5001004536946615,3.87887426237891e-06,1.4037211874355174e-08,3.919167284038849e-06,5.895935544231179e-06,1.727943163132295e-05,0.0017408073181286454,0.3539160490036011,39.0950927734375
iid_ime,51,0.5000025431315104,3.8744563350216294e-06,1.4303393432631614e-08,3.91065045353874e-06,5.780172974330829e-06,6.371917697833851e-05,0.001853309920988977,0.3753302991390228,35.111690521240234
iid_ime,52,0.5002479553222656,3.88166769956418e-06,1.4571676828130839e-08,3.91427971635494e-06,5.669910971543383e-06,4.402783088153228e-05,0.0017401586519554257,0.3735424280166626,46.19313430786133
iid_ime,53,0.5002225240071615,3.884564819145453e-06,1.4826273505204787e-08,3.9139198217223265e-06,5.5588356341710705e-06,6.067821232136339e-05,0.0019363777246326208,0.37868326902389526,56.76784896850586
iid_ime,54,0.5002568562825521,3.886232699793861e-06,1.5094185346065103e-08,3.912647912329703e-06,5.4570371996002604e-06,2.8405291232047603e-05,0.0016811988316476345,0.3878973722457886,79.276611328125
iid_ime,55,0.5003331502278646,3.877704367975336e-06,1.535162700664709e-08,3.90141370113876e-06,5.355424870382801e-06,0.00012982227781321853,0.0019835520070046186,0.3817690908908844,29.66092872619629
iid_ime,56,0.500481923421224,3.882615108826333e-06,1.5603181709640996e-08,3.9039712760313705e-06,5.255721002110174e-06,4.495149914873764e-05,0.0016776315169408917,0.3504350185394287,18.772720336914062
iid_ime,57,0.5004170735677084,3.883003406220571e-06,1.5869155693219266e-08,3.902217542872677e-06,5.164515755495813e-06,2.4313581889146008e-05,0.0016087157418951392,0.3694751262664795,79.59675598144531
iid_ime,58,0.5006027221679688,3.8875037565352004e-06,1.6133490691553714e-08,3.904810625954269e-06,5.07607747598134e-06,2.812564889609348e-05,0.001689764205366373,0.3683696985244751,33.51543426513672
iid_ime,59,0.5002454121907552,3.890246925190392e-06,1.6396939953959116e-08,3.905828900011936e-06,4.990511854430224e-06,9.101827163249254e-05,0.0015147593803703785,0.39607223868370056,19.577716827392578
iid_ime,60,0.5,3.899251112216007e-06,1.6647545638311573e-08,3.913302464297885e-06,4.9041586104673724e-06,7.783506589476019e-05,0.001777601195499301,0.3813593089580536,36.85682678222656
iid_ime,61,0.5001716613769531,3.895087123358583e-06,1.6909577441974005e-08,3.907716878378172e-06,4.824136605445044e-06,1.921115836012177e-05,0.0018093559192493558,0.39300888776779175,114.97445678710938
iid_ime,62,0.5001729329427084,3.8958064957720735e-06,1.71686035758493e-08,3.907172526851355e-06,4.746010972667136e-06,6.304327689576894e-05,0.0019446660298854113,0.36795657873153687,62.869773864746094
iid_ime,63,0.5004603068033854,3.890390454823016e-06,1.7434447811363423e-08,3.900602867664323e-06,4.6723368048636376e-06,3.252327587688342e-05,0.0015676203183829784,0.3871276378631592,62.473140716552734
iid_ime,64,0.4999860127766927,3.886033236237078e-06,1.7694671579822813e-08,3.895212766262072e-06,4.599595987050027e-06,5.507075184141286e-05,0.0016497969627380371,0.3939703702926636,39.390480041503906
iid_ime,65,0.5002581278483073,3.886557957836582e-06,1.794288910043444e-08,3.894819580333812e-06,4.526183109495226e-06,4.4495689508039504e-05,0.001624144846573472,0.37540102005004883,64.13539123535156
iid_ime,66,0.5004297892252604,3.887858554207924e-06,1.8196356717699775e-08,3.8952951892194205e-06,4.45648570727523e-06,2.9776090741506778e-05,0.001648023840971291,0.379025399684906,42.88174819946289
iid_ime,67,0.5004653930664062,3.886264816325517e-06,1.8452321448592102e-08,3.892953638266287e-06,4.389621134729775e-06,4.3688083678716794e-05,0.0015707495622336864,0.40918487310409546,52.9970588684082
iid_ime,68,0.5002288818359375,3.8870716707606334e-06,1.8705377173115305e-08,3.893092203573663e-06,4.3241830667284376e-06,6.133942952146754e-05,0.0016097631305456161,0.41721054911613464,77.38306427001953
iid_ime,69,0.500311533610026,3.882451968214203e-06,1.8958251857270625e-08,3.887863348002914e-06,4.260744825993849e-06,1.923013769555837e-05,0.001371739897876978,0.4180600643157959,117.53277587890625
iid_ime,70,0.5002950032552084,3.8854259022021625e-06,1.920054382154035e-08,3.890299145344518e-06,4.19693518930823e-06,4.2140029108850285e-05,0.0015439987182617188,0.3886861205101013,29.082380294799805
iid_ime,71,0.5003738403320312,3.891095805859853e-06,1.946155347987144e-08,3.8954879831483895e-06,4.139093353690744e-06,6.127679807832465e-05,0.00162515917327255,0.3818420469760895,22.625791549682617
iid_ime,72,0.5004666646321615,3.888562919958834e-06,1.9725357495540646e-08,3.892513442830629e-06,4.0835071975682995e-06,7.742674642940983e-05,0.001380720641463995,0.38889309763908386,44.10923385620117
iid_ime,73,0.5005035400390625,3.887478934908965e-06,1.998506967323029e-08,3.891032254917566e-06,4.028678802114882e-06,5.795300239697099e-05,0.0014987048925831914,0.4071582555770874,26.67282485961914
iid_ime,74,0.5004831949869791,3.888334238884757e-06,2.024453434520031e-08,3.891533291759212e-06,3.975359940492733e-06,0.00010530963481869549,0.0015751479659229517,0.401907742023468,33.96573257446289
iid_ime,75,0.5002670288085938,3.8866395660382596e-06,2.0494643833875632e-08,3.889517339909314e-06,3.921740850879966e-06,3.328369712107815e-05,0.0015583975473418832,0.4017244875431061,75.089599609375
iid_ime,76,0.5000419616699219,3.8795067780483805e-06,2.0749067205135436e-08,3.882092433589908e-06,3.870450996146246e-06,1.9947276086895727e-05,0.0018120999448001385,0.391642689704895,86.7728271484375
iid_ime,77,0.5000953674316406,3.879719448226145e-06,2.10017619591459e-08,3.882046200942568e-06,3.820262188961958e-06,3.201388244633563e-05,0.001985485665500164,0.39527013897895813,52.40129470825195
iid_ime,78,0.5000432332356771,3.882520748751024e-06,2.1244991247707883e-08,3.884615731900946e-06,3.7697727464092168e-06,5.421964669949375e-05,0.0013141956878826022,0.4085344672203064,55.62068557739258
iid_ime,79,0.500237782796224,3.8858089510540594e-06,2.149711312663764e-08,3.887696342038301e-06,3.722222032820355e-06,7.611764158355072e-05,0.0016110878204926848,0.39808353781700134,42.8148193359375
iid_ime,80,0.4998639424641927,3.88746584197482e-06,2.1750292974094993e-08,3.889164910712377e-06,3.676124701238829e-06,5.754874655394815e-05,0.0016791615635156631,0.3937634229660034,42.2562255859375
iid_ime,81,0.49991734822591144,3.887370079761847e-06,2.201072450228973e-08,3.8888995277375216e-06,3.632440069623044e-06,6.759953976143152e-05,0.0017316528828814626,0.39162924885749817,42.303104400634766
iid_ime,82,0.4997507731119792,3.886924275775527e-06,2.2257865698686412e-08,3.888300606528598e-06,3.587719864602453e-06,1.272445842914749e-05,0.0014280934119597077,0.41514021158218384,319.5830383300781
iid_ime,83,0.4996287027994792,3.8826639941665535e-06,2.251313276543006e-08,3.883900888013159e-06,3.545444731874644e-06,4.8616457206662744e-05,0.001793096074834466,0.40286123752593994,38.4236946105957
iid_ime,84,0.4994316101074219,3.878612782652151e-06,2.2759763259235417e-08,3.879725322046094e-06,3.502907721516143e-06,2.1779074813821353e-05,0.0013734379317611456,0.42458489537239075,174.5322723388672
iid_ime,85,0.49956385294596356,3.883180009249069e-06,2.30049207091317e-08,3.884181865032588e-06,3.46123619010541e-06,0.00010214121721219271,0.0014805608661845326,0.4040566086769104,16.969135284423828
iid_ime,86,0.4994761149088542,3.883446311192529e-06,2.3249855670333847e-08,3.884348169928368e-06,3.4205782147485784e-06,1.7896234567160718e-05,0.0016153635224327445,0.42117586731910706,45.789772033691406
iid_ime,87,0.49960072835286456,3.885103429486965e-06,2.3499730753921238e-08,3.885915665099067e-06,3.3816498804147463e-06,5.7789962738752365e-05,0.001513981376774609,0.4151518940925598,80.10626983642578
iid_ime,88,0.4999186197916667,3.889818496342438e-06,2.3740269972094552e-08,3.8905502037778206e-06,3.342358364003909e-06,5.14291605213657e-05,0.0016912160208448768,0.4242888391017914,31.2973690032959
iid_ime,89,0.5000470479329427,3.884887879242645e-06,2.398607912290629e-08,3.885545406016415e-06,3.304761558335182e-06,2.739536103035789e-05,0.0013231356861069798,0.4276154041290283,64.22329711914062
iid_ime,90,0.5003000895182291,3.884310596428501e-06,2.4231704272755412e-08,3.884902431157873e-06,3.268042159258281e-06,7.039212505333126e-05,0.0016230354085564613,0.4329861104488373,36.89155197143555
iid_ime,91,0.5002326965332031,3.889184521691884e-06,2.4475337830528094e-08,3.889717712960798e-06,3.231935882771116e-06,4.8178164433920756e-05,0.0013767238706350327,0.41952574253082275,73.03534698486328
iid_ime,92,0.5002873738606771,3.887671851998675e-06,2.4725775649159232e-08,3.888151951514374e-06,3.197562297903763e-06,2.8774866223102435e-05,0.0014530298067256808,0.41763395071029663,37.71717071533203
iid_ime,93,0.500342051188151,3.885123097309891e-06,2.496760539057637e-08,3.885554709389301e-06,3.1628846196933105e-06,9.438051347387955e-05,0.0016300842398777604,0.41747230291366577,25.712526321411133
iid_ime,94,0.5004959106445312,3.8809725045515125e-06,2.5210341370041078e-08,3.881361105110652e-06,3.1291280796115948e-06,3.692665995913558e-05,0.0016852032858878374,0.4385907053947449,33.882293701171875
iid_ime,95,0.500250498453776,3.883580442713234e-06,2.5459001425550316e-08,3.883930465538772e-06,3.0968646456130955e-06,4.2971478251274675e-05,0.0017272952245548368,0.4167112708091736,44.63349914550781
iid_ime,96,0.5003738403320312,3.881321712621381e-06,2.570024911404308e-08,3.881636359892582e-06,3.0644352193576196e-06,0.00010872184066101909,0.0014026976423338056,0.4252883195877075,20.90555191040039
iid_ime,97,0.5001678466796875,3.8765921885897114e-06,2.5943743745907948e-08,3.876874965650738e-06,3.0329972181183016e-06,2.7167548978468403e-05,0.00173557351808995,0.4143025875091553,100.25144958496094
iid_ime,98,0.5002110799153646,3.873566223925688e-06,2.618940309062623e-08,3.87382023821677e-06,3.002506322976236e-06,2.792159648379311e-05,0.00160598021466285,0.4173605144023895,165.96694946289062
iid_ime,99,0.5000991821289062,3.874021823927857e-06,2.6436037285175e-08,3.874250874484157e-06,2.9727878825269727e-06,6.544851930812001e-05,0.0013782798778265715,0.4369826912879944,41.6212158203125
iid_ime,100,0.5000178019205729,3.874396497849375e-06,2.667582243986999e-08,3.874602517347133e-06,2.942950648806194e-06,3.841209036181681e-05,0.0013796950224786997,0.4433183968067169,59.067073822021484
iid_ime,101,0.5004425048828125,3.8746494321155e-06,2.6920464894312584e-08,3.874835082721499e-06,2.9142853084825524e-06,2.9435443138936535e-05,0.001501318416558206,0.4406079947948456,96.38148498535156
iid_ime,102,0.5005111694335938,3.876657539573595e-06,2.7166332812929756e-08,3.876824924494334e-06,2.886355616738001e-06,5.0198421376990154e-05,0.00152453628834337,0.4305912256240845,49.68531799316406
iid_ime,103,0.5005874633789062,3.882850288997967e-06,2.7411884243970046e-08,3.883000999849173e-06,2.858978329337939e-06,5.064171273261309e-05,0.001245110877789557,0.4320117235183716,56.26316452026367
iid_ime,104,0.5006523132324219,3.883829397940038e-06,2.765350163673001e-08,3.883964628433508e-06,2.831763907806817e-06,1.919698843266815e-05,0.0016059416811913252,0.4210176467895508,70.86170196533203
iid_ime,105,0.5005200703938802,3.882019806648411e-06,2.7889868858821387e-08,3.88214192525993e-06,2.8045838197006865e-06,5.5941007303772494e-05,0.0015086987987160683,0.4462086260318756,41.978939056396484
iid_ime,106,0.5002428690592448,3.8832765577960044e-06,2.813277300006689e-08,3.883386682446144e-06,2.7786142121991966e-06,7.459783955710009e-05,0.0014347031246870756,0.4306779205799103,46.706966400146484
iid_ime,107,0.500298817952474,3.8724556929992104e-06,2.8371776039648466e-08,3.872554562652415e-06,2.7527904364887945e-06,2.7483039957587607e-05,0.0014824745012447238,0.4397779405117035,33.606258392333984
iid_ime,108,0.500464121500651,3.876383402712236e-06,2.8614119074177324e-08,3.876472040550046e-06,2.727806740191833e-06,2.243397102574818e-05,0.0014871087623760104,0.4420989751815796,21.496463775634766
iid_ime,109,0.5002454121907552,3.883131076539333e-06,2.8852232455041833e-08,3.8832115857682465e-06,2.7029259494308158e-06,6.465668411692604e-05,0.0013916542520746589,0.46321970224380493,38.96445846557617
iid_ime,110,0.5002644856770834,3.8810504937221895e-06,2.908343817627686e-08,3.881122514333886e-06,2.677901022707374e-06,1.3221504559624009e-05,0.0013379621086642146,0.4516764283180237,198.7960205078125
iid_ime,111,0.5002326965332031,3.878636874787844e-06,2.9318031854093835e-08,3.878701685759249e-06,2.653684864147484e-06,2.086195490846876e-05,0.0015110719250515103,0.43841272592544556,73.40111541748047
iid_ime,112,0.5005009969075521,3.8779908777542005e-06,2.9557255902072182e-08,3.87804910436292e-06,2.630360086186556e-06,6.418390694307163e-05,0.0015316791832447052,0.4439871311187744,32.89796447753906
iid_ime,113,0.5002390543619791,3.879864455787659e-06,2.979271533180376e-08,3.8799172064803615e-06,2.607152566724835e-06,5.1449220336508006e-05,0.0011612985981628299,0.44665956497192383,15.847206115722656
iid_ime,114,0.49997202555338544,3.87937205914568e-06,3.0031532372021275e-08,3.879419258131141e-06,2.5846851864722944e-06,8.746638195589185e-05,0.0015017744153738022,0.4348951280117035,23.973798751831055
iid_ime,115,0.5000623067220052,3.883498247129562e-06,3.026184754636082e-08,3.8835407849546755e-06,2.5619202214481143e-06,8.167703344952315e-05,0.0015137181617319584,0.4379388689994812,27.683935165405273
iid_ime,116,0.4998575846354167,3.880571550022675e-06,3.0502491643602525e-08,3.880610393025563e-06,2.540453105363364e-06,7.948606798890978e-05,0.0014185047475621104,0.43502873182296753,21.086090087890625
iid_ime,117,0.49980926513671875,3.885019414913889e-06,3.073818000132178e-08,3.885053634652043e-06,2.5189794049159295e-06,6.544172356370836e-05,0.001374120474793017,0.44115203619003296,27.80202293395996
iid_ime,118,0.4996935526529948,3.887177285832877e-06,3.0971988381386005e-08,3.887208796034732e-06,2.4977508038167193e-06,2.681935984583106e-05,0.0013388012303039432,0.45971041917800903,25.059823989868164
iid_ime,119,0.4997571309407552,3.8968887186759576e-06,3.1211199846836735e-08,3.896916609846812e-06,2.4773448501491657e-06,6.314957136055455e-05,0.001306215301156044,0.4528275430202484,39.128135681152344
iid_ime,120,0.49940236409505206,3.894965933189572e-06,3.1444431355017364e-08,3.894991114824127e-06,2.4568405857886924e-06,4.694357994594611e-05,0.0012443485902622342,0.43831223249435425,24.80741310119629
iid_ime,121,0.4997660319010417,3.889633508909658e-06,3.167457481486243e-08,3.88965671997236e-06,2.436472423520778e-06,4.074281605426222e-05,0.0015193736180663109,0.4379180073738098,22.555702209472656
iid_ime,122,0.4995168050130208,3.881327169589592e-06,3.1900497206767873e-08,3.881347595324769e-06,2.4161564435113783e-06,4.808545781997964e-05,0.0016610519960522652,0.44405925273895264,71.33916473388672
iid_ime,123,0.4997825622558594,3.882284488554433e-06,3.212414615797835e-08,3.8823029816133685e-06,2.3960415376222954e-06,6.57599011901766e-05,0.0014189340872690082,0.44132038950920105,25.43856430053711
iid_ime,124,0.49958165486653644,3.888145632420977e-06,3.235797082131361e-08,3.888162287542703e-06,2.3770408480080127e-06,2.982030127895996e-05,0.0013212355552241206,0.46295231580734253,88.92665100097656
iid_ime,125,0.4996147155761719,3.895450940187099e-06,3.2584998551262366e-08,3.895465946849678e-06,2.3578799357437674e-06,5.4233274568105116e-05,0.0015784921124577522,0.43397781252861023,35.77895736694336
iid_ime,126,0.49939219156901044,3.890599089118041e-06,3.281443457699614e-08,3.890613053651275e-06,2.3392309553097825e-06,3.635263055912219e-05,0.001194067532196641,0.46242037415504456,49.841453552246094
iid_ime,127,0.4994455973307292,3.886264228943522e-06,3.304240170365347e-08,3.886276298696127e-06,2.3208059568939157e-06,0.00010831816325662658,0.0014709108509123325,0.455745667219162,24.57923126220703
iid_ime,128,0.4997215270996094,3.882147609601816e-06,3.326422692850883e-08,3.882158731964107e-06,2.302276300270023e-06,6.555259460583329e-05,0.0011610031360760331,0.4591377079486847,35.38931655883789
iid_ime,129,0.49979400634765625,3.882686636795067e-06,3.347847155055206e-08,3.882696830714849e-06,2.2835551476418914e-06,3.312600892968476e-05,0.0014695482095703483,0.4465333819389343,52.94843673706055
iid_ime,130,0.49996312459309894,3.8859389709008e-06,3.370703686537505e-08,3.885948198482462e-06,2.2661268796279424e-06,1.5874555174377747e-05,0.0014071939513087273,0.4743310213088989,99.65988159179688
iid_ime,131,0.4994824727376302,3.887984992919276e-06,3.393578218435778e-08,3.887993481536493e-06,2.249005698710486e-06,5.3469750127987936e-05,0.0013810941018164158,0.42944467067718506,46.21402359008789
iid_ime,132,0.4996439615885417,3.883579040575569e-06,3.415197043684278e-08,3.8835864870634396e-06,2.231352700240071e-06,5.610318112303503e-05,0.0012603263603523374,0.45447826385498047,48.512569427490234
iid_ime,133,0.49946848551432294,3.880946962908638e-06,3.4381838709407475e-08,3.880953424110582e-06,2.2148853512741575e-06,2.1111851310706697e-05,0.0014236539136618376,0.4887498915195465,91.55536651611328
iid_ime,134,0.4992993672688802,3.878310745146034e-06,3.46105165268303e-08,3.8783163821184035e-06,2.198612037318526e-06,3.7268007872626185e-05,0.0013327912893146276,0.4614318609237671,51.15312957763672
iid_ime,135,0.4994099934895833,3.880053441207565e-06,3.483774113632876e-08,3.880058964493098e-06,2.182515695873614e-06,7.043656660243869e-05,0.001409426098689437,0.4404413402080536,54.432281494140625
iid_ime,136,0.4997113545735677,3.8809499566620316e-06,3.506099395996406e-08,3.880954617822378e-06,2.166437705379091e-06,5.365306060411967e-05,0.0013991080923005939,0.4810875654220581,54.485572814941406
iid_ime,137,0.49953460693359375,3.8769592644409085e-06,3.5295089073628105e-08,3.876963878231739e-06,2.151282349890001e-06,2.145202233805321e-05,0.0013929640408605337,0.47264134883880615,57.61286926269531
iid_ime,138,0.4995218912760417,3.87789310707376e-06,3.551987356094818e-08,3.877896773474276e-06,2.135807335434947e-06,6.004205351928249e-05,0.0016994854668155313,0.4674639403820038,75.43968963623047
iid_ime,139,0.4997456868489583,3.874537857958178e-06,3.573082452135168e-08,3.874541571728211e-06,2.1197592161570356e-06,7.161881512729451e-05,0.0012331446632742882,0.4962918758392334,35.50910568237305
iid_ime,140,0.49960072835286456,3.875782207766558e-06,3.595168607262167e-08,3.87578592153659e-06,2.104556481678325e-06,2.1113302864250727e-05,0.0014910113532096148,0.4651121199131012,160.25973510742188
iid_ime,141,0.49940745035807294,3.882598605287058e-06,3.6173298134656307e-08,3.882601333771163e-06,2.089641308581728e-06,4.696872929343954e-05,0.0014288774691522121,0.46521469950675964,44.59184646606445
iid_ime,142,0.4993426005045573,3.8839822119977425e-06,3.640100191641219e-08,3.88398494995575e-06,2.0753102300356354e-06,3.6837824154645205e-05,0.0012700367951765656,0.45172449946403503,50.81129837036133
iid_ime,143,0.4994799296061198,3.877121268184662e-06,3.6604607789314514e-08,3.877124053512186e-06,2.0598437136717016e-06,1.8106531570083462e-05,0.001218203455209732,0.461670458316803,59.172733306884766
iid_ime,144,0.49955495198567706,3.8786811937067496e-06,3.681027675265606e-08,3.878682965326637e-06,2.0447424352217545e-06,5.253483323031105e-05,0.0017650590743869543,0.4669550657272339,48.382755279541016
iid_ime,145,0.4993629455566406,3.876546439111432e-06,3.7025499407169114e-08,3.876548201257417e-06,2.030408675561072e-06,2.9371329219429754e-05,0.0013195613864809275,0.45984360575675964,89.4487075805664
iid_ime,146,0.4992357889811198,3.8746123323107895e-06,3.7230093822652556e-08,3.874614170247999e-06,2.015724012001859e-06,6.24187960056588e-05,0.0014587331097573042,0.47326135635375977,23.921409606933594
iid_ime,147,0.4991798400878906,3.875862072770057e-06,3.7440243646121495e-08,3.875863882285557e-06,2.001568911206656e-06,6.33862437098287e-05,0.0011511961929500103,0.4597155749797821,29.964441299438477
iid_ime,148,0.4991137186686198,3.881198997153963e-06,3.766416763658261e-08,3.881200835091174e-06,1.988360300705002e-06,2.5806427856878145e-06,0.0013794198166579008,0.4593178331851959,472.5548400878906
iid_ime,149,0.49945068359375,3.875726311738011e-06,3.789094327188991e-08,3.875728168623027e-06,1.975498899279652e-06,7.84113144618459e-05,0.0013767746277153492,0.4489555060863495,22.761146545410156
iid_ime,150,0.4992256164550781,3.874154344885028e-06,3.810545183095352e-08,3.874155216484117e-06,1.9621958529114636e-06,7.108377030817792e-05,0.0013653504429385066,0.45423638820648193,21.34925079345703
iid_ime,151,0.49938074747721356,3.875392242965366e-06,3.831461696061448e-08,3.8753931524600676e-06,1.9488209280401256e-06,3.744077548617497e-05,0.0013853813288733363,0.45162343978881836,29.90039825439453
iid_ime,152,0.4992930094401042,3.878441437639897e-06,3.8523445174594904e-08,3.878442328186793e-06,1.9356316016683195e-06,1.499104382673977e-05,0.0015086396597325802,0.45959174633026123,259.1256408691406
iid_ime,153,0.4995104471842448,3.880859992477781e-06,3.874656388328882e-08,3.880860873550773e-06,1.92335132946179e-06,8.735159644857049e-05,0.0013166615972295403,0.4971204400062561,55.385494232177734
iid_ime,154,0.49964650472005206,3.886057792594026e-06,3.8961747161891935e-08,3.886058692614824e-06,1.9108587612966708e-06,1.259720102098072e-05,0.0011678230948746204,0.47797685861587524,52.80450439453125
iid_ime,155,0.4996287027994792,3.878747567872172e-06,3.9171967743574974e-08,3.878748458419068e-06,1.8983095012951405e-06,8.795617031864822e-05,0.0014490531757473946,0.47350889444351196,36.423152923583984
iid_ime,156,0.4996910095214844,3.881200058231116e-06,3.9373160583740706e-08,3.881200901408495e-06,1.8855124703046993e-06,5.98530205024872e-05,0.0013320185244083405,0.49510887265205383,54.448665618896484
iid_ime,157,0.4996681213378906,3.8890637673224164e-06,3.958921161265986e-08,3.889064733660537e-06,1.8736085204788349e-06,7.378941518254578e-05,0.0014256759313866496,0.4728870689868927,45.696327209472656
iid_ime,158,0.4998626708984375,3.886341706523429e-06,3.980570169777783e-08,3.886342559174712e-06,1.8618969808888626e-06,3.7916062865406275e-05,0.0011615119874477386,0.47505006194114685,70.64502716064453
iid_ime,159,0.49987157185872394,3.879372817057932e-06,4.001810734640306e-08,3.87937374550044e-06,1.8501623012904627e-06,2.5552573788445443e-05,0.0014066349249333143,0.476614773273468,104.46819305419922
iid_ime,160,0.5000966389973959,3.885887186546218e-06,4.0234461836282286e-08,3.885888058145308e-06,1.838774892348738e-06,7.406682561850175e-05,0.0014337976463139057,0.4745873212814331,39.2900505065918
iid_ime,161,0.5000050862630209,3.884724928108578e-06,4.045192788145376e-08,3.88472583760328e-06,1.827598557232098e-06,6.676737393718213e-05,0.0013523742090910673,0.49265915155410767,38.397377014160156
iid_ime,162,0.49988428751627606,3.882210004727919e-06,4.067128160182657e-08,3.882210838431395e-06,1.8166613908003153e-06,3.907011341652833e-05,0.0014348325785249472,0.48466551303863525,64.32647705078125
iid_ime,163,0.4997418721516927,3.877146866670955e-06,4.088157575428871e-08,3.877147851956882e-06,1.8054738291084504e-06,3.362915595062077e-05,0.001294524408876896,0.47699734568595886,60.13384246826172
iid_ime,164,0.4997749328613281,3.87937458867782e-06,4.108493056875773e-08,3.879375441329103e-06,1.7941404640472076e-06,4.372768307803199e-05,0.0014978839317336679,0.48553645610809326,24.46919822692871
iid_ime,165,0.4994405110677083,3.880539509282244e-06,4.1295681689016796e-08,3.880539509282244e-06,1.7832861468984145e-06,3.458356513874605e-05,0.0015053271781653166,0.5107783079147339,53.21147537231445
iid_ime,166,0.500006357828776,3.880248101495454e-06,4.149828540060222e-08,3.880248101495454e-06,1.772232693042497e-06,5.1496117521310225e-05,0.0012996637960895896,0.4931948184967041,49.485313415527344
iid_ime,167,0.4997355143229167,3.882229786237683e-06,4.171525169738288e-08,3.882229786237683e-06,1.761939827815695e-06,6.1611550336238e-05,0.0012255855835974216,0.48045435547828674,43.339439392089844
iid_ime,168,0.49942779541015625,3.882254929976625e-06,4.19274999903981e-08,3.882254929976625e-06,1.7515872769990892e-06,3.0869636248098686e-05,0.0011829561553895473,0.48658227920532227,37.91477584838867
iid_ime,169,0.4995536804199219,3.8839822498933545e-06,4.213647860259092e-08,3.8839822498933545e-06,1.7412399131444545e-06,3.144355650874786e-05,0.0011711368570104241,0.5263025760650635,36.50863265991211
iid_ime,170,0.49980417887369794,3.880572724786664e-06,4.234362875147705e-08,3.880572724786664e-06,1.7309571328875488e-06,6.214819586602971e-05,0.0012902087764814496,0.48884791135787964,33.39400863647461
iid_ime,171,0.4997914632161458,3.878505414907825e-06,4.255831050533251e-08,3.878505414907825e-06,1.721116949700748e-06,4.6019460569368675e-05,0.0013782194582745433,0.47217002511024475,122.80839538574219
iid_ime,172,0.4999898274739583,3.8760498455303605e-06,4.27645496792195e-08,3.8760498455303605e-06,1.7110680422168418e-06,1.4401205589820165e-05,0.0011013010516762733,0.48215240240097046,180.60736083984375
iid_ime,173,0.5000623067220052,3.876609355302207e-06,4.29760354710614e-08,3.876609355302207e-06,1.7013616542271848e-06,4.116650961805135e-05,0.0012352195335552096,0.49249279499053955,50.41870880126953
iid_ime,174,0.49992624918619794,3.872003427810948e-06,4.317685882900454e-08,3.872003427810948e-06,1.6913630436950673e-06,5.162423258298077e-05,0.0012932037934660912,0.4922206699848175,36.05670166015625
iid_ime,175,0.49991099039713544,3.8708307101842365e-06,4.337612017716689e-08,3.8708307101842365e-06,1.6814370885261571e-06,3.598084731493145e-05,0.0014476021751761436,0.4870828092098236,48.30315399169922
iid_ime,176,0.4999440511067708,3.874957163437405e-06,4.358428595807595e-08,3.874957163437405e-06,1.6719855437941078e-06,2.0184123059152626e-05,0.0013446692610159516,0.48028671741485596,53.9706916809082
iid_ime,177,0.5000406901041666,3.871271000358926e-06,4.3790974698273054e-08,3.871271000358926e-06,1.6626002074341766e-06,2.7819323804578744e-05,0.001375919790007174,0.48269063234329224,83.82593536376953
iid_ime,178,0.49981689453125,3.868241568246352e-06,4.399255315590267e-08,3.868241568246352e-06,1.6531439589092163e-06,3.430842480156571e-05,0.0012178908800706267,0.48960670828819275,38.01593017578125
iid_ime,179,0.4998728434244792,3.871502201491239e-06,4.4197186651236585e-08,3.871502201491239e-06,1.6439237337332695e-06,1.632708153920248e-05,0.0014114065561443567,0.4859124422073364,58.40767288208008
iid_ime,180,0.49971262613932294,3.872333650178916e-06,4.441080362719655e-08,3.872333650178916e-06,1.6351512073242702e-06,6.519725866382942e-05,0.0010931134456768632,0.4829285442829132,37.702964782714844
iid_ime,181,0.4994964599609375,3.877413841261538e-06,4.462539286246662e-08,3.877413841261538e-06,1.6265246548149055e-06,7.877965254010633e-05,0.001430146861821413,0.4956015944480896,27.278444290161133
iid_ime,182,0.4996185302734375,3.875738656233807e-06,4.4834448746181956e-08,3.875738656233807e-06,1.6178053622676696e-06,1.811524089134764e-05,0.0013097382616251707,0.46961259841918945,56.62348937988281
iid_ime,183,0.49982961018880206,3.875400409469876e-06,4.5039377856899897e-08,3.875400409469876e-06,1.6090468998678868e-06,3.331115294713527e-05,0.0012317965738475323,0.4982607364654541,66.85224914550781
iid_ime,184,0.49966176350911456,3.873470006965363e-06,4.523197890312266e-08,3.873470006965363e-06,1.5999621846655525e-06,7.832999108359218e-05,0.0011753691360354424,0.4756201207637787,24.83436393737793
iid_ime,185,0.49993896484375,3.87163758356716e-06,4.544262536635794e-08,3.87163758356716e-06,1.5916254625381043e-06,4.24101781391073e-05,0.0012134324060752988,0.46814268827438354,52.97580337524414
iid_ime,186,0.4999643961588542,3.8766096774149146e-06,4.5646000164841403e-08,3.8766096774149146e-06,1.5831383658830116e-06,2.450278407195583e-05,0.0011325113009661436,0.49200600385665894,38.38297653198242
iid_ime,187,0.49965667724609375,3.885030830967177e-06,4.5828294196563015e-08,3.885030830967177e-06,1.574031164371566e-06,3.946130891563371e-05,0.0014101701090112329,0.47523343563079834,59.17902755737305
iid_ime,188,0.4999554951985677,3.88911350531392e-06,4.602697334377126e-08,3.88911350531392e-06,1.5655991632002042e-06,7.648269820492715e-05,0.001421042368747294,0.48210304975509644,40.71564865112305
iid_ime,189,0.5000292460123698,3.885536879503586e-06,4.623241493343736e-08,3.885536879503586e-06,1.5574992223340207e-06,1.053882806445472e-05,0.001207901630550623,0.49490004777908325,192.37974548339844
iid_ime,190,0.49978892008463544,3.885188220920099e-06,4.6433368113459515e-08,3.885188220920099e-06,1.5493461186603479e-06,4.578349398798309e-05,0.0012113837292417884,0.5051950812339783,29.87714195251465
iid_ime,191,0.5001411437988281,3.882754015194223e-06,4.662569648890743e-08,3.882754015194223e-06,1.5410080796603627e-06,5.6110648074536584e-06,0.0013008166570216417,0.5010837316513062,182.07113647460938
iid_ime,192,0.5002174377441406,3.885618601392101e-06,4.68378572963483e-08,3.885618601392101e-06,1.5334212453884295e-06,7.788217044435441e-05,0.0014538821997120976,0.5045738220214844,27.402896881103516
iid_ime,193,0.5002848307291666,3.886210871921018e-06,4.704564130856662e-08,3.886210871921018e-06,1.525780935670203e-06,1.793004594219383e-05,0.0012895952677354217,0.4818893373012543,141.15655517578125
iid_ime,194,0.5004501342773438,3.885794834938376e-06,4.724426953354547e-08,3.885794834938376e-06,1.5179366575542492e-06,5.8868725318461657e-05,0.0012521531898528337,0.4837726056575775,24.15301513671875
iid_ime,195,0.5002517700195312,3.877217901996725e-06,4.743442157580565e-08,3.877217901996725e-06,1.5099161269442145e-06,6.311237666523084e-05,0.0012829946354031563,0.47603777050971985,19.130224227905273
iid_ime,196,0.5000292460123698,3.880078869163602e-06,4.762024537659689e-08,3.880078869163602e-06,1.5018552469806916e-06,5.044405406806618e-05,0.0010752032976597548,0.4961191415786743,44.24993133544922
iid_ime,197,0.5001614888509115,3.883673457494297e-06,4.7822626303428706e-08,3.883673457494297e-06,1.4944109191598425e-06,2.1637342797475867e-05,0.001165333786047995,0.4549328684806824,133.86709594726562
iid_ime,198,0.5003344217936198,3.887385124320038e-06,4.803041520062834e-08,3.887385124320038e-06,1.4872198050852603e-06,2.810811020026449e-05,0.0013557460624724627,0.4864776134490967,117.1220474243164
iid_ime,199,0.5002670288085938,3.887028697135975e-06,4.823758725791549e-08,3.887028697135975e-06,1.4800921803725942e-06,1.588124177942518e-05,0.0013189908349886537,0.48063454031944275,40.244232177734375
iid_ime,200,0.500342051188151,3.885129558511835e-06,4.843435075230218e-08,3.885129558511835e-06,1.472729470227326e-06,1.2121708095946815e-05,0.001180328312329948,0.5103029608726501,159.84487915039062
iid_ime,201,0.49990590413411456,3.878246218391723e-06,4.8610903154629646e-08,3.878246218391723e-06,1.464842379543067e-06,1.8969665688928217e-05,0.001172954449430108,0.49500754475593567,104.43962860107422
iid_ime,202,0.5000050862630209,3.876780586627622e-06,4.8805114764386794e-08,3.876780586627622e-06,1.4575778142974134e-06,1.756446363287978e-05,0.001407246571034193,0.521544337272644,52.968990325927734
iid_ime,203,0.5000877380371094,3.878713395503534e-06,4.89990642134804e-08,3.878713395503534e-06,1.4503897366087888e-06,6.873460370115936e-05,0.0011197467101737857,0.5162312984466553,46.52153015136719
iid_ime,204,0.5001004536946615,3.8754662341489166e-06,4.919079721332764e-08,3.8754662341489166e-06,1.443219735127362e-06,5.97728430875577e-05,0.0011356091126799583,0.5199938416481018,25.55374526977539
iid_ime,205,0.5002250671386719,3.8707564347835915e-06,4.9371632560024636e-08,3.8707564347835915e-06,1.4358142313615947e-06,4.283931048121303e-05,0.0011604897445067763,0.5444256663322449,40.3175048828125
iid_ime,206,0.5003077189127604,3.872479510391713e-06,4.9545004395431157e-08,3.872479510391713e-06,1.4282808014816812e-06,4.2401366954436526e-05,0.0012797325616702437,0.5241885781288147,40.33200454711914
iid_ime,207,0.50048828125,3.875887889156123e-06,4.972647982270928e-08,3.875887889156123e-06,1.4210678926929177e-06,1.323994729318656e-05,0.0011593736708164215,0.5268505811691284,184.66612243652344
iid_ime,208,0.5004145304361979,3.876413226559332e-06,4.9911580202177674e-08,3.876413226559332e-06,1.414040340819156e-06,5.151572258910164e-05,0.001214126474224031,0.4921250641345978,29.27105140686035
iid_ime,209,0.5004234313964844,3.881087138779549e-06,5.0116053825396044e-08,3.881087138779549e-06,1.4076377160184468e-06,4.745462501887232e-05,0.001262756297364831,0.5038273930549622,36.80231475830078
iid_ime,210,0.5002619425455729,3.8842905307016435e-06,5.030236597628838e-08,3.8842905307016435e-06,1.400799083247269e-06,2.0326373487478122e-05,0.0012627970427274704,0.5232055187225342,175.52085876464844
iid_ime,211,0.50048828125,3.887788845228594e-06,5.047458880487928e-08,3.887788845228594e-06,1.3936479016744367e-06,5.842431346536614e-05,0.0012851294595748186,0.5281578302383423,54.55922317504883
iid_ime,212,0.5003751118977865,3.891457045786713e-06,5.067296774778166e-08,3.891457045786713e-06,1.3872959101490778e-06,9.265172593586612e-06,0.0012963064946234226,0.5118587017059326,32.9102783203125
iid_ime,213,0.5005289713541666,3.890412718495402e-06,5.086485499461446e-08,3.890412718495402e-06,1.380835920864835e-06,4.165584687143564e-05,0.0011051588226109743,0.5562583208084106,72.8729476928711
iid_ime,214,0.5004615783691406,3.885761354164667e-06,5.1060842369092065e-08,3.885761354164667e-06,1.3745577594666731e-06,4.4102780520915985e-05,0.0011952592758461833,0.5199978947639465,41.078224182128906
iid_ime,215,0.5004475911458334,3.883774695623288e-06,5.1258129148597696e-08,3.883774695623288e-06,1.3683825036044557e-06,1.9579967556637712e-05,0.0013448961544781923,0.5047598481178284,36.088253021240234
iid_ime,216,0.5003280639648438,3.880090275742987e-06,5.14533063563268e-08,3.880090275742987e-06,1.3622171527079747e-06,2.9828455808456056e-05,0.001231126836501062,0.5123851299285889,40.01118469238281
iid_ime,217,0.5002276102701823,3.8810112528153695e-06,5.1643667712634546e-08,3.8810112528153695e-06,1.355991817793741e-06,1.97956233023433e-05,0.0013232154306024313,0.49207091331481934,60.502872467041016
iid_ime,218,0.5000432332356771,3.880303741728615e-06,5.182031825867739e-08,3.880303741728615e-06,1.3494763682804962e-06,2.6395298846182413e-05,0.0013065343955531716,0.5153589248657227,91.95577239990234
iid_ime,219,0.49998219807942706,3.881995155552431e-06,5.200505685346949e-08,3.881995155552431e-06,1.343241369985056e-06,3.494246266200207e-05,0.001265886821784079,0.5050215721130371,106.8578109741211
iid_ime,220,0.5000139872233073,3.892835309216025e-06,5.219317407897014e-08,3.892835309216025e-06,1.3371616347512827e-06,5.567089465330355e-05,0.001093001919798553,0.504278302192688,94.09217834472656
iid_ime,221,0.49997711181640625,3.886063429566396e-06,5.237064959473514e-08,3.886063429566396e-06,1.3308752831638533e-06,5.1220667955931276e-05,0.001355283078737557,0.5079041719436646,63.13523483276367
iid_ime,222,0.4998156229654948,3.886576147730618e-06,5.257187440932398e-08,3.886576147730618e-06,1.3252566191113146e-06,7.693884253967553e-05,0.0012901949230581522,0.5268939137458801,32.64009094238281
iid_ime,223,0.4997049967447917,3.88541570828238e-06,5.2750563176810296e-08,3.88541570828238e-06,1.3191320770526242e-06,5.253073322819546e-05,0.0013714779634028673,0.5121870040893555,27.52088165283203
iid_ime,224,0.4998766581217448,3.889353611915188e-06,5.2936230954259145e-08,3.889353611915188e-06,1.3132457941840887e-06,3.536923759384081e-05,0.0012246386613696814,0.5230423808097839,36.982173919677734
iid_ime,225,0.5000228881835938,3.884438304642875e-06,5.312657469502824e-08,3.884438304642875e-06,1.3075378670161324e-06,3.848004052997567e-05,0.0012833147775381804,0.5234123468399048,64.5348892211914
iid_ime,226,0.5001335144042969,3.88235865026824e-06,5.330486348616622e-08,3.88235865026824e-06,1.301593613334262e-06,6.431150541175157e-05,0.0012026075273752213,0.4992133677005768,49.0317497253418
iid_ime,227,0.5000445048014323,3.877485283965143e-06,5.348592946319286e-08,3.877485283965143e-06,1.2957809095344903e-06,5.200859231990762e-05,0.001371299265883863,0.5071945786476135,41.742069244384766
iid_ime,228,0.5002632141113281,3.877823132825142e-06,5.366469816673695e-08,3.877823132825142e-06,1.2899732079555786e-06,6.399002450052649e-05,0.001216395990923047,0.5271413326263428,64.00833892822266
iid_ime,229,0.5002237955729166,3.875403450592785e-06,5.385732097333099e-08,3.875403450592785e-06,1.284557209639085e-06,4.4117692596046254e-05,0.0012412307551130652,0.5080235004425049,33.410400390625
iid_ime,230,0.5002301534016927,3.8746817570730245e-06,5.4032283536287196e-08,3.8746817570730245e-06,1.2787786782079518e-06,5.0624490540940315e-05,0.0014173026429489255,0.507443904876709,86.48870086669922
iid_ime,231,0.5003496805826823,3.871345503133246e-06,5.4217003035243273e-08,3.871345503133246e-06,1.2732889634510987e-06,5.274666182231158e-05,0.0014403949026018381,0.5013376474380493,72.45526123046875
iid_ime,232,0.5004908243815104,3.871259281140738e-06,5.4401616840967414e-08,3.871259281140738e-06,1.2678534299463233e-06,2.1275862309266813e-05,0.0012124375207349658,0.4996834397315979,81.2249755859375
iid_ime,233,0.5005060831705729,3.877529233401826e-06,5.4589802604236105e-08,3.877529233401826e-06,1.2625561680579267e-06,5.063717617304064e-05,0.0011266422225162387,0.5345231890678406,107.56143951416016
iid_ime,234,0.5005009969075521,3.880786834997707e-06,5.476948775987959e-08,3.880786834997707e-06,1.2571162718207536e-06,5.0368267693556845e-05,0.0010762327583506703,0.533935546875,62.68128204345703
iid_ime,235,0.5002593994140625,3.881673478645098e-06,5.496618168029007e-08,3.881673478645098e-06,1.2521199579396125e-06,5.4857177019584924e-05,0.0012395463418215513,0.5233926177024841,25.812484741210938
iid_ime,236,0.5001576741536459,3.883425563344645e-06,5.5157798180734595e-08,3.883425563344645e-06,1.2470574641080627e-06,1.2487317690101918e-05,0.0012954253470525146,0.5188784599304199,45.826316833496094
iid_ime,237,0.4999504089355469,3.882292844537005e-06,5.533951889328629e-08,3.882292844537005e-06,1.2418223036547715e-06,6.0809463320765644e-05,0.0013038886245340109,0.5561316013336182,45.348697662353516
iid_ime,238,0.5001792907714844,3.8831642730959475e-06,5.5531212961312804e-08,3.8831642730959475e-06,1.2368625353550062e-06,3.270232627983205e-05,0.0009824970038607717,0.5499727725982666,52.76972961425781
iid_ime,239,0.500097910563151,3.885484924618747e-06,5.56956147867993e-08,3.885484924618747e-06,1.231347515802857e-06,2.0271689209039323e-05,0.0013510622084140778,0.535636305809021,92.15316772460938
iid_ime,240,0.5003687540690104,3.880923562367873e-06,5.5882137732036576e-08,3.880923562367873e-06,1.2263746024624804e-06,3.454954639892094e-05,0.0011981327552348375,0.5272580981254578,44.00253677368164
iid_ime,241,0.5001945495605469,3.8873654186015e-06,5.606216942529348e-08,3.8873654186015e-06,1.2213086459193316e-06,5.837522621732205e-06,0.0012562377378344536,0.5161082744598389,60.87289047241211
iid_ime,242,0.5003509521484375,3.880343683704268e-06,5.6257876431449936e-08,3.880343683704268e-06,1.2166326068078586e-06,1.7641439626459032e-05,0.0011363780358806252,0.5236936807632446,122.72962188720703
iid_ime,243,0.500244140625,3.882155491889232e-06,5.643980453366263e-08,3.882155491889232e-06,1.2117039365951616e-06,4.384643762023188e-05,0.0012723555555567145,0.5175551772117615,31.67436981201172
iid_ime,244,0.4999427795410156,3.88539626783313e-06,5.6621500229188847e-08,3.88539626783313e-06,1.2068191779235349e-06,1.420665103069041e-05,0.0012447090120986104,0.5107209086418152,92.27523803710938
iid_ime,245,0.4997723897298177,3.890959267967749e-06,5.679365377986301e-08,3.890959267967749e-06,1.2017800514740884e-06,1.1936715054616798e-05,0.0011456768261268735,0.5384184122085571,168.1627960205078
iid_ime,246,0.4997215270996094,3.890328249174975e-06,5.697731856694569e-08,3.890328249174975e-06,1.1970322807049645e-06,2.1952799215796404e-05,0.0012397312093526125,0.5121287703514099,59.6348991394043
iid_ime,247,0.4999949137369792,3.8876094852942815e-06,5.7157686435734455e-08,3.8876094852942815e-06,1.1922611141320278e-06,1.9345061446074396e-05,0.0012539079179987311,0.5170835256576538,45.7089729309082
iid_ime,248,0.5000101725260416,3.887467547277386e-06,5.733190056034232e-08,3.887467547277386e-06,1.1874091304283259e-06,1.496023378422251e-05,0.0012492976384237409,0.5381944179534912,178.28564453125
iid_ime,249,0.500281016031901,3.88664273032191e-06,5.752737530784202e-08,3.88664273032191e-06,1.18304052421081e-06,2.3076208890415728e-05,0.0011057661613449454,0.5287958979606628,60.7131233215332
iid_ime,250,0.500433603922526,3.886322341865404e-06,5.7703191854348766e-08,3.886322341865404e-06,1.1783116065089416e-06,7.79594211053336e-06,0.0011790069984272122,0.546383261680603,132.15750122070312
iid_ime,251,0.5003395080566406,3.887327750362601e-06,5.7877174460448565e-08,3.887327750362601e-06,1.173590035818961e-06,5.7095214287983254e-05,0.0013637113152071834,0.5267832279205322,37.30095672607422
iid_ime,252,0.5005327860514323,3.895712382018246e-06,5.806462244350996e-08,3.895712382018246e-06,1.1691856182475628e-06,1.8961098248837516e-05,0.0012309972662478685,0.5277769565582275,118.52913665771484
iid_ime,253,0.5001068115234375,3.895621015696331e-06,5.8233641908600475e-08,3.895621015696331e-06,1.1644535836315602e-06,3.2901065424084663e-05,0.001104419119656086,0.5438829064369202,29.590160369873047
iid_ime,254,0.5000686645507812,3.89379179447739e-06,5.842755198178414e-08,3.89379179447739e-06,1.1602610499039656e-06,2.7466239771456458e-05,0.0012043464230373502,0.5155646204948425,37.874671936035156
iid_ime,255,0.5002555847167969,3.88730203818947e-06,5.861566876319557e-08,3.88730203818947e-06,1.1559922938886302e-06,3.856309922412038e-05,0.0013583148829638958,0.5081467628479004,48.94675827026367
iid_ime,256,0.5001475016276041,3.885436323495621e-06,5.8806509291760754e-08,3.885436323495621e-06,1.1518152689404815e-06,3.096123327850364e-05,0.0012061677407473326,0.5239548683166504,39.747501373291016
iid_ime,257,0.500335693359375,3.8792523279577535e-06,5.898153624765238e-08,3.8792523279577535e-06,1.1473692561973319e-06,2.951371789094992e-05,0.0010171100730076432,0.5388058423995972,50.333946228027344
iid_ime,258,0.5001843770345052,3.886065182238478e-06,5.915558073018209e-08,3.886065182238478e-06,1.142945488178763e-06,4.3448872020235285e-05,0.0012235477333888412,0.5157707929611206,62.06692123413086
iid_ime,259,0.5000699361165365,3.885195288451844e-06,5.9337268580132253e-08,3.885195288451844e-06,1.138709852928817e-06,4.686406464315951e-05,0.0010668114991858602,0.5387833118438721,36.23933792114258
iid_ime,260,0.5002543131510416,3.885846998249083e-06,5.951824189054378e-08,3.885846998249083e-06,1.134499484578555e-06,2.911786941695027e-05,0.0010445729130879045,0.5623190402984619,109.58895874023438
iid_ime,261,0.5000661214192709,3.89159907854264e-06,5.968948268986196e-08,3.89159907854264e-06,1.1301423796794552e-06,2.242871960334014e-05,0.0011977575486525893,0.5472312569618225,51.13127899169922
iid_ime,262,0.5003496805826823,3.884309137447417e-06,5.985332629521167e-08,3.884309137447417e-06,1.1256872198828205e-06,2.01658476726152e-05,0.001165057416073978,0.5218546390533447,44.422218322753906
iid_ime,263,0.5002276102701823,3.885197562188599e-06,6.003312691404972e-08,3.885197562188599e-06,1.1215710837101749e-06,8.87694568518782e-06,0.0013370075030252337,0.5461491942405701,112.8835678100586
iid_ime,264,0.5000788370768229,3.89366717475544e-06,6.023030696411524e-08,3.89366717475544e-06,1.117815784823506e-06,1.680597233644221e-05,0.0011319790501147509,0.5555936098098755,105.282958984375
iid_ime,265,0.500036875406901,3.894035425370627e-06,6.042190481281295e-08,3.894035425370627e-06,1.1139895121914378e-06,8.431579772150144e-05,0.0011751262936741114,0.5401177406311035,37.9821891784668
iid_ime,266,0.49983469645182294,3.895560932202595e-06,6.060430113308257e-08,3.895560932202595e-06,1.1100279948550451e-06,1.4373015801538713e-05,0.0011068788589909673,0.5456295013427734,168.24880981445312
iid_ime,267,0.4998817443847656,3.897781994055549e-06,6.077692601043812e-08,3.897781994055549e-06,1.1059236726396193e-06,3.8582642446272075e-05,0.0009864905150607228,0.5865715146064758,76.63936614990234
iid_ime,268,0.4997825622558594,3.890054017574585e-06,6.094780088024739e-08,3.890054017574585e-06,1.1018246084404382e-06,1.781719947757665e-05,0.0010125107364729047,0.5353081822395325,73.66929626464844
iid_ime,269,0.4999186197916667,3.88890775108545e-06,6.110853186432526e-08,3.88890775108545e-06,1.0975801577236173e-06,4.8320416681235656e-05,0.0012931746896356344,0.5176870226860046,53.87746047973633
iid_ime,270,0.5000483194986979,3.895601291029986e-06,6.126629662854081e-08,3.895601291029986e-06,1.0933222351165266e-06,5.631004023598507e-05,0.0012283122632652521,0.5609078407287598,66.53728485107422
iid_ime,271,0.4999224344889323,3.899560302518997e-06,6.142338430474108e-08,3.899560302518997e-06,1.0890912941855884e-06,1.9184248230885714e-05,0.0010146881686523557,0.5515114068984985,67.95626831054688
iid_ime,272,0.4999949137369792,3.903813554491838e-06,6.160273062031744e-08,3.903813554491838e-06,1.0852905016160246e-06,4.547590287984349e-05,0.0010544054675847292,0.5383113026618958,131.74588012695312
iid_ime,273,0.4999033610026042,3.901860566202231e-06,6.176199314940807e-08,3.901860566202231e-06,1.0811716701179346e-06,5.084096119389869e-05,0.0011622719466686249,0.538711428642273,49.68817138671875
iid_ime,274,0.49978892008463544,3.898667860842882e-06,6.193510859731077e-08,3.898667860842882e-06,1.0773310161008947e-06,0.00010173444752581418,0.0011206745402887464,0.5323007702827454,32.235591888427734
iid_ime,275,0.49987157185872394,3.895966528943973e-06,6.210403213913196e-08,3.895966528943973e-06,1.073451381709371e-06,4.079890641150996e-05,0.0011292619165033102,0.5479953289031982,27.892196655273438
iid_ime,276,0.49970245361328125,3.895017982813442e-06,6.228971027866237e-08,3.895017982813442e-06,1.0698940400288848e-06,1.8631948478287086e-05,0.00123601162340492,0.5424098372459412,196.93951416015625
iid_ime,277,0.49982452392578125,3.892353333867504e-06,6.246311586484883e-08,3.892353333867504e-06,1.0661570163013796e-06,1.3853137716068886e-05,0.0010383952176198363,0.5686986446380615,42.214454650878906
iid_ime,278,0.5,3.889646450261353e-06,6.265216937843358e-08,3.889646450261353e-06,1.0627179847233492e-06,2.466261139488779e-05,0.0010922378860414028,0.5536921620368958,42.65860366821289
iid_ime,279,0.5000228881835938,3.895659688168962e-06,6.281509830804073e-08,3.895659688168962e-06,1.0588669757301734e-06,5.81745698582381e-05,0.001188474241644144,0.5603426694869995,50.83399963378906
iid_ime,280,0.5002873738606771,3.89312166741244e-06,6.298401563261298e-08,3.89312166741244e-06,1.0551508230112934e-06,1.825018262024969e-05,0.0013890010304749012,0.5305442810058594,74.44725036621094
iid_ime,281,0.4999580383300781,3.894421638506174e-06,6.314970709316488e-08,3.894421638506174e-06,1.0514125818872344e-06,2.648073132149875e-05,0.0011037567164748907,0.5674682259559631,28.47804832458496
iid_ime,282,0.5001258850097656,3.898375249870393e-06,6.332216114420437e-08,3.898375249870393e-06,1.047818400934375e-06,2.3091493858373724e-05,0.0010285447351634502,0.571942925453186,190.6427001953125
iid_ime,283,0.500207265218099,3.891014898727008e-06,6.348858298347675e-08,3.891014898727008e-06,1.0441556715553209e-06,4.26090628025122e-05,0.0011389409191906452,0.5649949908256531,71.23968505859375
iid_ime,284,0.5002263387044271,3.886513837869643e-06,6.365045290834814e-08,3.886513837869643e-06,1.0404502527687025e-06,3.7782079743919894e-05,0.0010861032642424107,0.551076352596283,64.65605926513672
iid_ime,285,0.5001513163248698,3.881790405557695e-06,6.382379099297471e-08,3.881790405557695e-06,1.0369631458691704e-06,5.0595142965903506e-05,0.001012416323646903,0.5626334547996521,39.252445220947266
iid_ime,286,0.500152587890625,3.877530806069747e-06,6.39966311055673e-08,3.877530806069747e-06,1.0334973173560986e-06,3.7326477468013763e-05,0.0012097933795303106,0.5555347204208374,88.46786499023438
iid_ime,287,0.5000762939453125,3.887458641808432e-06,6.417540365788454e-08,3.887458641808432e-06,1.0301557248718989e-06,1.9477058231132105e-05,0.0011163182789459825,0.5410894751548767,72.54918670654297
iid_ime,288,0.500298817952474,3.88792888846486e-06,6.432893565981128e-08,3.88792888846486e-06,1.0264389231906534e-06,2.4419208784820512e-05,0.0010323642054572701,0.558324933052063,64.47859191894531
iid_ime,289,0.5000737508138021,3.8843440203587915e-06,6.451105812506815e-08,3.8843440203587915e-06,1.0232076969411235e-06,2.8684471544693224e-05,0.0011902101105079055,0.5279937386512756,47.19471740722656
iid_ime,290,0.5001818339029948,3.883896530017712e-06,6.466227494191419e-08,3.883896530017712e-06,1.0195157595186781e-06,1.8237611584481783e-05,0.0011908166343346238,0.571896493434906,113.73308563232422
iid_ime,291,0.5002568562825521,3.8864043290232075e-06,6.482011816189015e-08,3.8864043290232075e-06,1.0159592657525234e-06,5.934806540608406e-05,0.001083793700672686,0.5749159455299377,67.30988311767578
iid_ime,292,0.5002899169921875,3.8819072756268724e-06,6.498275428867828e-08,3.8819072756268724e-06,1.0125076623050215e-06,1.958645589184016e-05,0.0012900785077363253,0.5275071859359741,162.6116943359375
iid_ime,293,0.5003980000813802,3.876130108437792e-06,6.514908079680026e-08,3.876130108437792e-06,1.009141963474273e-06,4.9418682465329766e-05,0.0011694885324686766,0.5417752861976624,59.50290298461914
iid_ime,294,0.5003471374511719,3.8822417423034494e-06,6.532535312686605e-08,3.8822417423034494e-06,1.005957457778095e-06,6.605046655749902e-05,0.0011478649685159326,0.5671796798706055,44.65992736816406
iid_ime,295,0.5002098083496094,3.886247422239346e-06,6.54938556721163e-08,3.886247422239346e-06,1.0026795441338738e-06,5.804644388263114e-05,0.00116013886872679,0.5410503149032593,58.64715576171875
iid_ime,296,0.5002708435058594,3.886679034318756e-06,6.56382219688112e-08,3.886679034318756e-06,9.990614936820446e-07,4.8622285248711705e-05,0.0012344568967819214,0.5456395149230957,34.40393829345703
iid_ime,297,0.5003280639648438,3.876870133960135e-06,6.581423672713527e-08,3.876870133960135e-06,9.95952802895772e-07,3.0571998649975285e-05,0.0010690533090382814,0.5481594800949097,53.83287811279297
iid_ime,298,0.5002187093098959,3.877628103055031e-06,6.599472879287305e-08,3.877628103055031e-06,9.929368331995647e-07,3.544873106875457e-05,0.0013496464816853404,0.537858247756958,43.63092041015625
iid_ime,299,0.4998830159505208,3.8795023063660965e-06,6.615298146310049e-08,3.8795023063660965e-06,9.896116542525608e-07,2.956109346996527e-05,0.001198488986119628,0.5564864873886108,83.77494812011719
iid_ime,300,0.5001233418782552,3.877620523932516e-06,6.631218241182069e-08,3.877620523932516e-06,9.86328151005485e-07,1.5454064850928262e-05,0.0011575018288567662,0.5598510503768921,244.82200622558594
iid_ime,301,0.4999949137369792,3.879275557968261e-06,6.647872001034709e-08,3.879275557968261e-06,9.831800914147e-07,3.9417529478669167e-05,0.0010248327162116766,0.5734566450119019,81.97077178955078
iid_ime,302,0.5,3.8805133992051806e-06,6.663615762884471e-08,3.8805133992051806e-06,9.799236645828084e-07,6.678462796116946e-06,0.0011706443037837744,0.5838406682014465,70.31491088867188
iid_ime,303,0.5002835591634115,3.8797509773758065e-06,6.679772409275604e-08,3.8797509773758065e-06,9.767540755471298e-07,1.71529027284123e-05,0.0012023849412798882,0.5728974938392639,55.47982406616211
iid_ime,304,0.5002593994140625,3.87661689652911e-06,6.696143521149149e-08,3.87661689652911e-06,9.736410172915082e-07,6.653255695709959e-05,0.001143776229582727,0.5709981918334961,20.291353225708008
iid_ime,305,0.4999580383300781,3.875071646082991e-06,6.712381998378684e-08,3.875071646082991e-06,9.705341454946392e-07,1.933615749294404e-05,0.0010586412390694022,0.56809002161026,239.63551330566406
iid_ime,306,0.4998792012532552,3.876306664096774e-06,6.728630067935153e-08,3.876306664096774e-06,9.674532937727538e-07,5.775829413323663e-05,0.001229753252118826,0.5647057294845581,68.97648620605469
iid_ime,307,0.49975331624348956,3.878103370880126e-06,6.745291436516254e-08,3.878103370880126e-06,9.644559592440298e-07,6.280930392676964e-05,0.0010990218725055456,0.5623898506164551,38.998355865478516
iid_ime,308,0.4996910095214844,3.879742735080072e-06,6.760451102631275e-08,3.879742735080072e-06,9.612690519134048e-07,4.406808511703275e-05,0.0011938823154196143,0.5867616534233093,43.48350524902344
iid_ime,309,0.49994150797526044,3.880099617011486e-06,6.777108207955962e-08,3.880099617011486e-06,9.583194871728058e-07,4.396828808239661e-05,0.0009753966005519032,0.5866662263870239,59.19805145263672
iid_ime,310,0.49988047281901044,3.882100941154931e-06,6.793143144297649e-08,3.882100941154931e-06,9.553059214795212e-07,5.36624102096539e-05,0.0012814522488042712,0.5413563847541809,31.413684844970703
iid_ime,311,0.4997291564941406,3.882843714109185e-06,6.808489416698649e-08,3.882843714109185e-06,9.522196956860777e-07,2.1037778424215503e-05,0.0010919284541159868,0.5276249051094055,105.59807586669922
iid_ime,312,0.4996681213378906,3.882234712667317e-06,6.822790599159134e-08,3.882234712667317e-06,9.49012632626515e-07,2.9448998247971758e-05,0.0011005878914147615,0.5638167858123779,45.4299201965332
iid_ime,313,0.49975840250651044,3.88171510697551e-06,6.838065817286558e-08,3.88171510697551e-06,9.459660030112597e-07,9.99999993922529e-09,0.0011971810599789023,0.5470660924911499,170934.625
iid_ime,314,0.4996935526529948,3.8823903120525456e-06,6.853569415691634e-08,3.8823903120525456e-06,9.429753760059612e-07,1.246732790605165e-05,0.0011497184168547392,0.5523093342781067,120.88550567626953
iid_ime,315,0.49970753987630206,3.880106779282262e-06,6.869642454887526e-08,3.880106779282262e-06,9.40086150554483e-07,8.00530870037619e-06,0.001176903024315834,0.5207808017730713,256.8893737792969
iid_ime,316,0.49958165486653644,3.883719538559187e-06,6.886605596889694e-08,3.883719538559187e-06,9.373402557836622e-07,2.4172826670110226e-05,0.0009760333341546357,0.5379848480224609,121.98945617675781
iid_ime,317,0.49989573160807294,3.88356132437669e-06,6.902776365317702e-08,3.88356132437669e-06,9.345080253334951e-07,5.5284559493884444e-05,0.0010884057264775038,0.5600895285606384,28.86396598815918
iid_ime,318,0.4997138977050781,3.881001835755645e-06,6.918100551681998e-08,3.881001835755645e-06,9.315839856564404e-07,2.5716411983012222e-05,0.0012485537445172668,0.5257397294044495,39.912235260009766
iid_ime,319,0.4996935526529948,3.8797497836640105e-06,6.932889817790056e-08,3.8797497836640105e-06,9.286110061642224e-07,4.889686533715576e-05,0.001025100820697844,0.5563051700592041,19.94525146484375
iid_ime,320,0.5000139872233073,3.886395669875735e-06,6.948838363977454e-08,3.886395669875735e-06,9.258156315657592e-07,2.8470863981056027e-05,0.001056195585988462,0.5640099048614502,62.157752990722656
iid_ime,321,0.5001055399576823,3.882902243882806e-06,6.963935502331727e-08,3.882902243882806e-06,9.229287651161636e-07,5.647659418173134e-05,0.0012496059061959386,0.5374810695648193,47.37162399291992
iid_ime,322,0.5001398722330729,3.881447488159513e-06,6.978993057534429e-08,3.881447488159513e-06,9.200594656514719e-07,2.545098504924681e-05,0.000978900003246963,0.5462336540222168,59.85287094116211
iid_ime,323,0.5001475016276041,3.8794866460042e-06,6.993530495454554e-08,3.8794866460042e-06,9.171440401208505e-07,4.627920498023741e-05,0.0012234298046678305,0.5522249341011047,30.232938766479492
iid_ime,324,0.5003738403320312,3.875706928132179e-06,7.009984622404393e-08,3.875706928132179e-06,9.145008519340081e-07,3.06613692373503e-05,0.0010692537762224674,0.5522285103797913,38.291473388671875
iid_ime,325,0.5001296997070312,3.883208857284141e-06,7.026785286967652e-08,3.883208857284141e-06,9.119228607801233e-07,1.5045745385577902e-05,0.0011600865982472897,0.556188702583313,53.506099700927734
iid_ime,326,0.5002670288085938,3.8741058953443526e-06,7.042308750963382e-08,3.8741058953443526e-06,9.091989644124018e-07,2.0739982574013993e-05,0.0010693250223994255,0.5436561703681946,130.1182098388672
iid_ime,327,0.5001564025878906,3.870478517834878e-06,7.056934681060056e-08,3.870478517834878e-06,9.063807956029754e-07,4.0299179090652615e-05,0.0012004193849861622,0.542468249797821,44.77479934692383
iid_ime,328,0.49999237060546875,3.8708499043120055e-06,7.073563423887208e-08,3.8708499043120055e-06,9.038396816170765e-07,7.97131797298789e-05,0.00093749730149284,0.5446394085884094,44.413265228271484
iid_ime,329,0.5004170735677084,3.8765639942539565e-06,7.088058850968082e-08,3.8765639942539565e-06,9.010462041677177e-07,3.602513243095018e-05,0.0009110945975407958,0.5720444917678833,49.57474899291992
iid_ime,330,0.5003649393717448,3.878477836375775e-06,7.105132778425134e-08,3.878477836375775e-06,8.986004379115305e-07,3.4883265470853075e-05,0.0009387977770529687,0.550338625907898,76.51555633544922
iid_ime,331,0.5002593994140625,3.87470977140462e-06,7.120524022260118e-08,3.87470977140462e-06,8.959603524279677e-07,6.165770173538476e-05,0.0010821027681231499,0.5623925924301147,44.12397766113281
iid_ime,332,0.5003013610839844,3.879081286110401e-06,7.136955500660254e-08,3.879081286110401e-06,8.934705372591149e-07,3.5887478588847443e-05,0.0012396267848089337,0.5667537450790405,53.603153228759766
iid_ime,333,0.5002263387044271,3.874770887553798e-06,7.152380110397871e-08,3.874770887553798e-06,8.908735248761938e-07,3.170666968799196e-05,0.0011595755349844694,0.5701603889465332,62.101314544677734
iid_ime,334,0.5003445943196615,3.8788101240546285e-06,7.168775558360115e-08,3.8788101240546285e-06,8.884157741325301e-07,2.7556541681406088e-05,0.0010101771913468838,0.5834444165229797,27.05975914001465
iid_ime,335,0.5002352396647135,3.883019095004177e-06,7.183641918355003e-08,3.883019095004177e-06,8.857876826103469e-07,2.937487806775607e-05,0.0012060415465384722,0.5846729874610901,43.85193634033203
iid_ime,336,0.5002415974934896,3.8819742561220965e-06,7.198751461601205e-08,3.8819742561220965e-06,8.83208663537971e-07,1.0719097190303728e-05,0.0011929110623896122,0.556700587272644,341.91961669921875
iid_ime,337,0.5000457763671875,3.885257929899429e-06,7.213347045601874e-08,3.885257929899429e-06,8.805863558336569e-07,4.181615440757014e-05,0.001231475966051221,0.5667313933372498,64.04673767089844
iid_ime,338,0.5002021789550781,3.886390932924162e-06,7.22916399335342e-08,3.886390932924162e-06,8.781317693736431e-07,2.6537387384450994e-05,0.001229310524649918,0.5715221762657166,79.75502014160156
iid_ime,339,0.5001373291015625,3.888100669276658e-06,7.24340439480405e-08,3.888100669276658e-06,8.755046962960478e-07,3.985106013715267e-05,0.0012516181450337172,0.5873729586601257,47.92056655883789
iid_ime,340,0.50054931640625,3.88843638650845e-06,7.256969780655709e-08,3.88843638650845e-06,8.72815455466025e-07,3.99600321543403e-05,0.0012683060485869646,0.5702157020568848,48.92103958129883
iid_ime,341,0.5001411437988281,3.887054466152525e-06,7.27344090141931e-08,3.887054466152525e-06,8.70494685519437e-07,4.564895061776042e-05,0.0012125285575166345,0.5723128914833069,45.50608444213867
iid_ime,342,0.500281016031901,3.884324750439798e-06,7.286568563339794e-08,3.884324750439798e-06,8.677916933190014e-07,6.461988959927112e-05,0.0011561067076399922,0.5898900032043457,40.93775939941406
iid_ime,343,0.5004018147786459,3.882237611681679e-06,7.301609420788206e-08,3.882237611681679e-06,8.653360813089724e-07,5.285004590405151e-05,0.0010865122312679887,0.5736259818077087,54.137451171875
iid_ime,344,0.5002695719401041,3.883080334314097e-06,7.316841118173063e-08,3.883080334314097e-06,8.629209276023175e-07,3.0710648388776463e-06,0.0009181011118926108,0.6067426800727844,995.6493530273438
iid_ime,345,0.5000572204589844,3.880215454425222e-06,7.331217322104067e-08,3.880215454425222e-06,8.604224414436127e-07,1.88567482837243e-05,0.0009686641278676689,0.5820350050926208,117.24210357666016
iid_ime,346,0.4999122619628906,3.877442111388518e-06,7.345585029128188e-08,3.877442111388518e-06,8.579411575245407e-07,1.7946102161658928e-05,0.0010209123138338327,0.5827197432518005,72.39440155029297
iid_ime,347,0.5001271565755209,3.880270109372456e-06,7.360909126674642e-08,3.880270109372456e-06,8.555890100107414e-07,2.207395482400898e-05,0.001028532162308693,0.5869059562683105,140.21676635742188
iid_ime,348,0.5000584920247396,3.880094747425271e-06,7.376687793936298e-08,3.880094747425271e-06,8.533063962090637e-07,2.151461194443982e-05,0.0012230004649609327,0.5848239064216614,97.63616943359375
iid_ime,349,0.5001424153645834,3.88856977906471e-06,7.391995578605777e-08,3.88856977906471e-06,8.50985787318829e-07,4.730163709609769e-05,0.0011517016682773829,0.5699265599250793,100.93545532226562
iid_ime,350,0.49988683064778644,3.892215261203091e-06,7.407580534154097e-08,3.892215261203091e-06,8.487130571666057e-07,3.5276461858302355e-05,0.0010628404561430216,0.6007754802703857,111.31157684326172
iid_ime,351,0.499847412109375,3.89383980821852e-06,7.420677909190469e-08,3.89383980821852e-06,8.46173025574141e-07,2.0372021026560105e-05,0.0010922097135335207,0.5918605923652649,53.06227493286133
iid_ime,352,0.4999122619628906,3.887145908265666e-06,7.432948182876468e-08,3.887145908265666e-06,8.435574751312439e-07,5.858974691363983e-05,0.0011192624224349856,0.5860466957092285,30.281557083129883
iid_ime,353,0.49989064534505206,3.8881383564633625e-06,7.446879527842991e-08,3.8881383564633625e-06,8.411487234146383e-07,4.434331276570447e-05,0.0009639007039368153,0.5667753219604492,32.32767868041992
iid_ime,354,0.4996935526529948,3.890844823217776e-06,7.463328740205573e-08,3.890844823217776e-06,8.390403654819542e-07,2.4207098249462433e-05,0.0010168988956138492,0.5895141959190369,94.1169204711914
iid_ime,355,0.49985504150390625,3.889190603937702e-06,7.477161763821034e-08,3.889190603937702e-06,8.36653950860485e-07,4.016506136395037e-05,0.0011021072277799249,0.5989651679992676,94.07604217529297
iid_ime,356,0.4999287923177083,3.887306831984461e-06,7.492428040952366e-08,3.887306831984461e-06,8.344437887330969e-07,3.740420288522728e-05,0.0010518744820728898,0.5929310321807861,80.9294662475586
iid_ime,357,0.49981435139973956,3.887316798530567e-06,7.508390975630164e-08,3.887316798530567e-06,8.323263713805318e-07,3.0150289603625424e-05,0.0010986385168507695,0.5870410203933716,38.13850784301758
iid_ime,358,0.49975331624348956,3.8933782775529835e-06,7.523925956339401e-08,3.8933782775529835e-06,8.301763164316375e-07,3.071144601562992e-05,0.0010187893640249968,0.5433183908462524,97.65118408203125
iid_ime,359,0.49987538655598956,3.886839427498974e-06,7.537281791295906e-08,3.886839427498974e-06,8.278017797162344e-07,6.670927541563287e-05,0.001184387831017375,0.5891530513763428,49.7257080078125
iid_ime,360,0.49979273478190106,3.882937240481017e-06,7.552591648381697e-08,3.882937240481017e-06,8.256578330663918e-07,3.157123865094036e-05,0.0010032121790573,0.6217002868652344,31.88578224182129
iid_ime,361,0.49983978271484375,3.887982832869359e-06,7.564265806318342e-08,3.887982832869359e-06,8.231327844517485e-07,1.3314601346792188e-05,0.0009735727799125016,0.625778317451477,163.54058837890625
iid_ime,362,0.4997723897298177,3.888774282737965e-06,7.578891736415017e-08,3.888774282737965e-06,8.209458073338283e-07,2.366909393458627e-05,0.0010932630393654108,0.5818794965744019,65.72652435302734
iid_ime,363,0.4997240702311198,3.884292425482272e-06,7.593353649563521e-08,3.884292425482272e-06,8.187560448883838e-07,1.56590231199516e-05,0.001105015049688518,0.6043211221694946,109.70314025878906
iid_ime,364,0.49976348876953125,3.882292295050623e-06,7.60563067340551e-08,3.882292295050623e-06,8.16346997112305e-07,2.2250216716201976e-05,0.0010423364583402872,0.5677217245101929,99.9132080078125
iid_ime,365,0.5001029968261719,3.88392910129672e-06,7.62072618343268e-08,3.88392910129672e-06,8.142563506415476e-07,2.249100543849636e-05,0.001067365170456469,0.6014194488525391,71.587890625
iid_ime,366,0.49996693929036456,3.879757419629944e-06,7.633231113857164e-08,3.879757419629944e-06,8.119044541861816e-07,1.7382664736942388e-05,0.001010976848192513,0.5966927409172058,75.10547637939453
iid_ime,367,0.4999224344889323,3.876545747516502e-06,7.647823233961996e-08,3.876545747516502e-06,8.097900021653004e-07,4.1867144318530336e-05,0.0011135584209114313,0.5828354954719543,69.38654327392578
iid_ime,368,0.500006357828776,3.87536078960693e-06,7.663409314536314e-08,3.87536078960693e-06,8.077946939503514e-07,3.5643137380247936e-05,0.0010488725965842605,0.5903578400611877,42.19379425048828
iid_ime,369,0.49980799357096356,3.875064294334152e-06,7.675895149124774e-08,3.875064294334152e-06,8.054873911570818e-07,1.2387535207381006e-05,0.000992911052890122,0.5755183696746826,167.80233764648438
iid_ime,370,0.49974314371744794,3.8708270153620106e-06,7.690293616728165e-08,3.8708270153620106e-06,8.033960223012097e-07,4.702708247350529e-05,0.0012297270586714149,0.565399706363678,37.63778305053711
iid_ime,371,0.4998003641764323,3.87294104105725e-06,7.705429953356695e-08,3.87294104105725e-06,8.013957710772956e-07,3.74535120499786e-05,0.0011684959754347801,0.573485791683197,69.18939208984375
iid_ime,372,0.49994786580403644,3.871803301080945e-06,7.717415921130548e-08,3.871803301080945e-06,7.990825447260855e-07,1.2581204828165937e-05,0.0011995828244835138,0.5749428272247314,63.24519348144531
iid_ime,373,0.4998029073079427,3.879016617247544e-06,7.731516434480075e-08,3.879016617247544e-06,7.970035843148556e-07,5.309387779561803e-05,0.0009741883841343224,0.565599799156189,66.00175476074219
iid_ime,374,0.49980926513671875,3.881996804011578e-06,7.745762342636908e-08,3.881996804011578e-06,7.949533014084409e-07,2.1397956516011618e-05,0.0010073052253574133,0.5772138237953186,75.1939926147461
iid_ime,375,0.4999682108561198,3.879611426782503e-06,7.760593471554482e-08,3.879611426782503e-06,7.929768178390381e-07,5.6134947953978553e-05,0.0013431366533041,0.5701150894165039,59.06156539916992
iid_ime,376,0.49973424275716144,3.87537492467042e-06,7.775686257834498e-08,3.87537492467042e-06,7.910403662473678e-07,2.5344172172481194e-05,0.0010393285192549229,0.578214168548584,70.66983032226562
iid_ime,377,0.4999580383300781,3.876203625926185e-06,7.788972311573161e-08,3.876203625926185e-06,7.889333536089301e-07,1.7731685147737153e-05,0.0010173387126997113,0.5750380158424377,104.21611785888672
iid_ime,378,0.4998677571614583,3.876999168520949e-06,7.803348752351742e-08,3.876999168520949e-06,7.869505201559454e-07,3.614149318309501e-05,0.0011342557845637202,0.6013237237930298,56.45975112915039
iid_ime,379,0.4997304280598958,3.88039796916928e-06,7.814824698471057e-08,3.88039796916928e-06,7.84689712910828e-07,4.48931532446295e-05,0.0010614428902044892,0.6006901860237122,86.26659393310547
iid_ime,380,0.500036875406901,3.881568678328525e-06,7.829454388523042e-08,3.881568678328525e-06,7.827596372559734e-07,4.5780863729305565e-05,0.0009572085691615939,0.5871018171310425,35.37081527709961
iid_ime,381,0.5001309712727865,3.886077934112109e-06,7.842566122443866e-08,3.886077934112109e-06,7.806916807832446e-07,1.2342279660515487e-05,0.0010813937988132238,0.5631684064865112,146.30982971191406
iid_ime,382,0.5000534057617188,3.883661122472404e-06,7.857850103931696e-08,3.883661122472404e-06,7.788523911737381e-07,6.130214751465246e-05,0.0008998133125714958,0.6181193590164185,56.767974853515625
iid_ime,383,0.500213623046875,3.8798871836813005e-06,7.872103206333729e-08,3.8798871836813005e-06,7.769235447578163e-07,5.7282071793451905e-05,0.0010379012674093246,0.5892379283905029,48.932228088378906
iid_ime,384,0.5002021789550781,3.87164207419725e-06,7.886085503135594e-08,3.87164207419725e-06,7.749806438065813e-07,3.837984331767075e-05,0.0012702839449048042,0.5860201120376587,162.44602966308594
iid_ime,385,0.5000623067220052,3.869644274345774e-06,7.898180628037228e-08,3.869644274345774e-06,7.728658365143323e-07,3.0230168704292737e-05,0.0009615150047466159,0.5766682028770447,56.261112213134766
iid_ime,386,0.5000750223795573,3.861460025215517e-06,7.911348613257967e-08,3.861460025215517e-06,7.708698414414054e-07,1.3646513252751902e-05,0.0010953615419566631,0.5968897938728333,99.7802505493164
iid_ime,387,0.50018310546875,3.861977442435697e-06,7.926515503224134e-08,3.861977442435697e-06,7.690811164214514e-07,9.967642654373776e-06,0.0010398683371022344,0.6157940626144409,80.90444946289062
iid_ime,388,0.5002174377441406,3.862628489059716e-06,7.939323924214629e-08,3.862628489059716e-06,7.670758392919197e-07,6.197032053023577e-05,0.0010012235725298524,0.6226212978363037,33.920597076416016
iid_ime,389,0.5002950032552084,3.870377611292497e-06,7.95371496072524e-08,3.870377611292497e-06,7.65236341256544e-07,1.6466674424009398e-05,0.0009065319900400937,0.6180227994918823,71.5162353515625
iid_ime,390,0.5001843770345052,3.8774354796563175e-06,7.968000481639592e-08,3.8774354796563175e-06,7.63398240621882e-07,1.7766589735401794e-05,0.0009320862591266632,0.6329498291015625,163.4749755859375
iid_ime,391,0.500342051188151,3.876780795053492e-06,7.981692314492268e-08,3.876780795053492e-06,7.615154160589555e-07,4.3134594307048246e-05,0.0010810287203639746,0.6098880767822266,51.23025131225586
iid_ime,392,0.4999961853027344,3.8762691663881315e-06,7.995685091799487e-08,3.8762691663881315e-06,7.596737295519537e-07,1.7570597265148535e-05,0.000821653928142041,0.6408377885818481,216.23312377929688
iid_ime,393,0.5001920064290365,3.877193743543709e-06,8.009527056411041e-08,3.877193743543709e-06,7.578295111443367e-07,5.502165367943235e-05,0.0011139113921672106,0.5844279527664185,62.27762222290039
iid_ime,394,0.5002047220865885,3.876307687278313e-06,8.02202307544538e-08,3.876307687278313e-06,7.558702179721877e-07,2.030256473517511e-05,0.0011361743090674281,0.5908313393592834,107.097900390625
iid_ime,395,0.500372568766276,3.87659408337034e-06,8.034875224420072e-08,3.87659408337034e-06,7.539570674452989e-07,6.273046892601997e-05,0.0011653933906927705,0.5729436278343201,35.09920883178711
iid_ime,396,0.5004463195800781,3.881415693740564e-06,8.046933608341078e-08,3.881415693740564e-06,7.519823720751143e-07,1.1975972483924124e-05,0.0010911267017945647,0.6095325946807861,42.88264083862305
iid_ime,397,0.5004399617513021,3.879311824069494e-06,8.061612829142935e-08,3.879311824069494e-06,7.50264417111642e-07,3.857386764138937e-05,0.0008729156688787043,0.5788961052894592,58.689056396484375
iid_ime,398,0.5003204345703125,3.877418322417725e-06,8.076306142375718e-08,3.877418322417725e-06,7.485588019070141e-07,3.162600478390232e-05,0.0010741993319243193,0.5786402225494385,98.3391342163086
iid_ime,399,0.50018310546875,3.876035255719519e-06,8.087457222435053e-08,3.876035255719519e-06,7.46536926499175e-07,7.819122401997447e-05,0.001001287717372179,0.6293253898620605,29.439228057861328
iid_ime,400,0.5002619425455729,3.878251277456002e-06,8.100664139476521e-08,3.878251277456002e-06,7.447171104975799e-07,5.376865738071501e-05,0.0010889872210100293,0.6115927696228027,46.75840759277344
iid_ime,401,0.5003649393717448,3.8782563365202805e-06,8.114438720951966e-08,3.8782563365202805e-06,7.429609993891972e-07,2.3992812202777714e-05,0.0011148413177579641,0.6024602651596069,111.40286254882812
iid_ime,402,0.5003026326497396,3.876281141401705e-06,8.12804188399241e-08,3.876281141401705e-06,7.412001347499123e-07,4.7754849219927564e-05,0.0009161563357338309,0.6071893572807312,40.82537841796875
iid_ime,403,0.500335693359375,3.875877988927338e-06,8.142749556109645e-08,3.875877988927338e-06,7.395509342700279e-07,1.0480786841071676e-05,0.0011111977510154247,0.5721619129180908,291.417724609375
iid_ime,404,0.5001055399576823,3.872798951457905e-06,8.155693069037777e-08,3.872798951457905e-06,7.377523729701352e-07,7.026956154732034e-06,0.0010902512585744262,0.6097873449325562,64.96006774902344
iid_ime,405,0.49993006388346356,3.875572427129252e-06,8.16843526152411e-08,3.875572427129252e-06,7.359470780935832e-07,3.959521200158633e-05,0.0010311139049008489,0.6033056378364563,50.3654899597168
iid_ime,406,0.4998626708984375,3.874546194992945e-06,8.183276397251878e-08,3.874546194992945e-06,7.343416754679311e-07,2.2873991838423535e-05,0.0010578979272395372,0.6027801036834717,52.8414192199707
iid_ime,407,0.49983851114908856,3.873973374387181e-06,8.194296855871623e-08,3.873973374387181e-06,7.32404503859622e-07,1.4479557648883201e-05,0.0012013099621981382,0.600410521030426,67.44751739501953
iid_ime,408,0.49984995524088544,3.881256967967299e-06,8.207691326589384e-08,3.881256967967299e-06,7.306912384782057e-07,4.9154317821376026e-05,0.001068620476871729,0.6107068657875061,61.77474594116211
iid_ime,409,0.5000178019205729,3.883298669885941e-06,8.219849334523133e-08,3.883298669885941e-06,7.288789873882706e-07,0.00011195924889761955,0.0009081325260922313,0.6035097241401672,29.685022354125977
iid_ime,410,0.4998982747395833,3.884147938985431e-06,8.23405216602661e-08,3.884147938985431e-06,7.272588765279883e-07,2.5266605007345788e-05,0.0008799948845990002,0.6166846752166748,98.57691955566406
iid_ime,411,0.49984995524088544,3.888794348464823e-06,8.24668389872348e-08,3.888794348464823e-06,7.255104274387728e-07,5.6133256293833256e-05,0.001090315985493362,0.6094906330108643,41.2781867980957
iid_ime,412,0.4999491373697917,3.887114473855036e-06,8.258472217193003e-08,3.887114473855036e-06,7.236989389980408e-07,3.778483369387686e-05,0.0009319101227447391,0.6009118556976318,87.75418853759766
iid_ime,413,0.5000152587890625,3.8830392554700666e-06,8.270055455265417e-08,3.8830392554700666e-06,7.21881332784354e-07,3.2712501706555486e-05,0.001149797230027616,0.5874236822128296,90.33122253417969
iid_ime,414,0.5000089009602865,3.88245397668167e-06,8.282697609255744e-08,3.88245397668167e-06,7.201669329030361e-07,4.4013177102897316e-05,0.0010117869824171066,0.5818537473678589,38.23820495605469
iid_ime,415,0.4999987284342448,3.876396836706893e-06,8.298410225648922e-08,3.876396836706893e-06,7.187293628400463e-07,1.9608312868513167e-05,0.0009948710212484002,0.6076484322547913,83.02395629882812
iid_ime,416,0.4998881022135417,3.881964251680377e-06,8.311486876522167e-08,3.881964251680377e-06,7.170726092908808e-07,1.4989966075518169e-05,0.0010951610747724771,0.6050288677215576,111.11225891113281
iid_ime,417,0.5000432332356771,3.885968074731257e-06,8.326364901260301e-08,3.885968074731257e-06,7.155810190321669e-07,5.357203554012813e-05,0.0009951808024197817,0.5927716493606567,47.6319465637207
iid_ime,418,0.500024159749349,3.890157150484204e-06,8.341259298087304e-08,3.890157150484204e-06,7.140998240136772e-07,3.172595825162716e-05,0.0010028803953900933,0.6079472303390503,48.068580627441406
iid_ime,419,0.49999745686848956,3.890564300945698e-06,8.35383886510499e-08,3.890564300945698e-06,7.124300699009231e-07,1.7862736058305018e-05,0.0010003066854551435,0.6007049083709717,221.95938110351562
iid_ime,420,0.4999656677246094,3.890560738758116e-06,8.366380684539838e-08,3.890560738758116e-06,7.10767260159173e-07,9.778969797480386e-06,0.0012076798593625426,0.5856299996376038,218.1544647216797
iid_ime,421,0.5003636678059896,3.889069072708177e-06,8.379676922724381e-08,3.889069072708177e-06,7.091785837095207e-07,2.9062099201837555e-05,0.0010395256103947759,0.59378582239151,53.00546646118164
iid_ime,422,0.4999554951985677,3.890757606465438e-06,8.391030655493144e-08,3.890757606465438e-06,7.074356673797411e-07,2.2905402147443965e-05,0.001126494724303484,0.5955793857574463,35.3172721862793
iid_ime,423,0.5000101725260416,3.88609168074557e-06,8.402431550535994e-08,3.88609168074557e-06,7.057075469181958e-07,6.598726758966222e-05,0.0010818573646247387,0.5847710371017456,53.13141632080078
iid_ime,424,0.5001691182454427,3.887377999944874e-06,8.412773500054982e-08,3.887377999944874e-06,7.039015249195776e-07,1.3236777704150882e-05,0.0011196392588317394,0.6204490065574646,290.84832763671875
iid_ime,425,0.5004488627115885,3.888864152183184e-06,8.426904122652938e-08,3.888864152183184e-06,7.024226581127854e-07,1.5886995242908597e-05,0.0010928751435130835,0.5855923295021057,70.90061950683594
iid_ime,426,0.50042724609375,3.883573128860007e-06,8.438659756156615e-08,3.883573128860007e-06,7.007552274747771e-07,3.0851762858219445e-05,0.0008531070780009031,0.614953875541687,105.17431640625
iid_ime,427,0.5003776550292969,3.882481564687623e-06,8.451516316417458e-08,3.882481564687623e-06,6.991890420711874e-07,1.2113447155570611e-05,0.0010636609513312578,0.6337341666221619,44.089874267578125
iid_ime,428,0.5001932779947916,3.8900107786806375e-06,8.464499886192318e-08,3.8900107786806375e-06,6.976428584456092e-07,4.458592593437061e-05,0.0011574359377846122,0.615778923034668,54.26163864135742
iid_ime,429,0.5004170735677084,3.890725906785519e-06,8.476620028119441e-08,3.890725906785519e-06,6.960350778702681e-07,3.6108336644247174e-05,0.0010458515025675297,0.6337276101112366,87.35999298095703
iid_ime,430,0.5005289713541666,3.8898118646102375e-06,8.489135616684962e-08,3.8898118646102375e-06,6.944690961555958e-07,2.2124462702777237e-05,0.0010357496794313192,0.613432765007019,47.614227294921875
iid_ime,431,0.500298817952474,3.886293863312555e-06,8.501307065718795e-08,3.886293863312555e-06,6.928847658590106e-07,3.91499197576195e-05,0.0012890450889244676,0.5871523022651672,67.81837463378906
iid_ime,432,0.500579833984375,3.88644411941641e-06,8.51225984514296e-08,3.88644411941641e-06,6.912109355994289e-07,6.10579299973324e-05,0.0010336136911064386,0.5959191918373108,40.79868698120117
iid_ime,433,0.5001080830891927,3.880133097785195e-06,8.524495775930063e-08,3.880133097785195e-06,6.896509603393497e-07,3.8105325074866414e-05,0.0010396416764706373,0.5764889121055603,49.577701568603516
iid_ime,434,0.5003484090169271,3.876216699912523e-06,8.538559400269226e-08,3.876216699912523e-06,6.882476171199414e-07,2.7297824999550357e-05,0.0012826940510421991,0.6106216907501221,51.35793685913086
iid_ime,435,0.5004348754882812,3.874779167745146e-06,8.552417884999386e-08,3.874779167745146e-06,6.868361216068782e-07,1.3726792531087995e-05,0.0010781001765280962,0.6116065382957458,174.5670928955078
iid_ime,436,0.5004170735677084,3.873777548809206e-06,8.56425132293263e-08,3.873777548809206e-06,6.852708338556113e-07,2.240807043563109e-05,0.0009992991108447313,0.6007472276687622,77.96178436279297
iid_ime,437,0.500152587890625,3.871101493283883e-06,8.575857772067745e-08,3.871101493283883e-06,6.83696678531002e-07,3.09593124256935e-05,0.0011139572598040104,0.5818508863449097,38.90372848510742
iid_ime,438,0.5000966389973959,3.872290335493744e-06,8.588777837085597e-08,3.872290335493744e-06,6.822363426787584e-07,5.0181457481812686e-05,0.0008679088205099106,0.5910743474960327,46.97317123413086
iid_ime,439,0.500152587890625,3.872278928914359e-06,8.601700803486285e-08,3.872278928914359e-06,6.807845499186745e-07,2.129105087078642e-05,0.0011242830660194159,0.608448326587677,105.17240905761719
iid_ime,440,0.4999860127766927,3.8733987916354335e-06,8.612545994897876e-08,3.8733987916354335e-06,6.791777641031634e-07,2.911841329478193e-05,0.0012508538784459233,0.5998026728630066,89.10116577148438
iid_ime,441,0.5002009073893229,3.884255496207818e-06,8.624093439379976e-08,3.884255496207818e-06,6.776355950440424e-07,3.711373938131146e-05,0.0009447698248550296,0.6134018301963806,110.20704650878906
iid_ime,442,0.5000470479329427,3.88391598941477e-06,8.634429171650027e-08,3.88391598941477e-06,6.76007717951658e-07,3.9923219446791336e-05,0.0009165326482616365,0.5960749387741089,51.65717697143555
iid_ime,443,0.5000139872233073,3.883043897682607e-06,8.64828451814977e-08,3.883043897682607e-06,6.746641503241335e-07,5.53115705770324e-06,0.000999047770164907,0.592738151550293,212.24356079101562
iid_ime,444,0.5002339680989584,3.884257163614772e-06,8.66074403305106e-08,3.884257163614772e-06,6.73219818262775e-07,2.447281985951122e-05,0.0010669298935681581,0.61076819896698,41.97840118408203
iid_ime,445,0.5002326965332031,3.884087694435341e-06,8.67269607240928e-08,3.884087694435341e-06,6.717446178564993e-07,4.0352992073167115e-05,0.0011362375225871801,0.6284201741218567,58.00674819946289
iid_ime,446,0.5003992716471354,3.8849790750343045e-06,8.685373309447186e-08,3.8849790750343045e-06,6.70333887361115e-07,2.7403908461565152e-05,0.0008602346642874181,0.6103259325027466,69.79058074951172
iid_ime,447,0.5002708435058594,3.883328986376e-06,8.698613089090183e-08,3.883328986376e-06,6.689746380554121e-07,3.353075953782536e-05,0.0011927442392334342,0.6038178205490112,61.304725646972656
iid_ime,448,0.5003026326497396,3.888068439058164e-06,8.709030474562951e-08,3.888068439058164e-06,6.674066289254673e-07,4.605275535141118e-05,0.0009861327707767487,0.6132977604866028,69.85466003417969
iid_ime,449,0.500128428141276,3.882605691766609e-06,8.721197541916581e-08,3.882605691766609e-06,6.659818296839148e-07,4.0303770219907165e-05,0.0010424122447147965,0.599881112575531,78.94216918945312
iid_ime,450,0.5000394185384115,3.888394909760488e-06,8.732418847282968e-08,3.888394909760488e-06,6.644932118623122e-07,2.252203739772085e-05,0.0011288513196632266,0.6214241981506348,45.06275939941406
iid_ime,451,0.5000114440917969,3.887482800261448e-06,8.745179721122061e-08,3.887482800261448e-06,6.631298911467335e-07,3.470902083790861e-05,0.0010030914563685656,0.6246504783630371,90.20382690429688
iid_ime,452,0.5002403259277344,3.885029627781478e-06,8.757549914880276e-08,3.885029627781478e-06,6.617448088756343e-07,1.533995964564383e-05,0.0010037549072876573,0.6365385055541992,207.3652801513672
iid_ime,453,0.5001360575358073,3.883842794039083e-06,8.770929138535166e-08,3.883842794039083e-06,6.604439969729962e-07,3.120823384961113e-05,0.00095460464945063,0.6246908903121948,62.414642333984375
iid_ime,454,0.5002034505208334,3.887280968228879e-06,8.781103607210146e-08,3.887280968228879e-06,6.589097812555641e-07,1.9975459508714266e-05,0.0009292641188949347,0.6440169811248779,116.15412139892578
iid_ime,455,0.5001843770345052,3.886571486570271e-06,8.794944061918386e-08,3.886571486570271e-06,6.576584894446569e-07,9.99999993922529e-09,0.0009899677243083715,0.6248443126678467,161298.53125
iid_ime,456,0.5002403259277344,3.889008932371023e-06,8.807972395885599e-08,3.889008932371023e-06,6.563537648200205e-07,2.8372081942507066e-05,0.001018816838040948,0.6131730079650879,76.2281494140625
iid_ime,457,0.5002187093098959,3.891495907737408e-06,8.818590716922851e-08,3.891495907737408e-06,6.54877479651835e-07,2.2050344341550954e-05,0.0011193609097972512,0.632506787776947,59.79306411743164
iid_ime,458,0.5002034505208334,3.89393115559263e-06,8.829153586020766e-08,3.89393115559263e-06,6.534057632734402e-07,2.7345029593561776e-05,0.001039939932525158,0.6163146495819092,148.54144287109375
iid_ime,459,0.5002632141113281,3.88791878928411e-06,8.840501042328697e-08,3.88791878928411e-06,6.520002528986879e-07,5.112938742968254e-05,0.0009478508727625012,0.6329537630081177,48.161678314208984
iid_ime,460,0.5000521341959635,3.886779959808943e-06,8.854536659441692e-08,3.886779959808943e-06,6.508003570123341e-07,4.595174323185347e-05,0.001019476680085063,0.6214898824691772,25.351566314697266
iid_ime,461,0.4999834696451823,3.883735663142336e-06,8.864999253196022e-08,3.883735663142336e-06,6.493452341752951e-07,5.3098698117537424e-05,0.0009205453679896891,0.6360783576965332,29.293182373046875
iid_ime,462,0.5000712076822916,3.88841658605088e-06,8.876636818181775e-08,3.88841658605088e-06,6.479842653561718e-07,1.255062215932412e-05,0.0010072034783661366,0.6220643520355225,54.954444885253906
iid_ime,463,0.4998982747395833,3.8860894733261375e-06,8.889222750478136e-08,3.8860894733261375e-06,6.466999901514706e-07,6.633083830820397e-05,0.0009712776518426836,0.6719633340835571,27.93351936340332
iid_ime,464,0.49995676676432294,3.887136756475229e-06,8.901261564867961e-08,3.887136756475229e-06,6.453832834078336e-07,1.342637824564008e-05,0.0010391466785222292,0.6274784803390503,108.31654357910156
iid_ime,465,0.5000686645507812,3.885614262344461e-06,8.911818394352622e-08,3.885614262344461e-06,6.439668519912326e-07,5.2547737141139805e-05,0.0010187419829890132,0.6240222454071045,34.404361724853516
iid_ime,466,0.500091552734375,3.882864026157525e-06,8.92306003900482e-08,3.882864026157525e-06,6.426077590049317e-07,5.668428639182821e-05,0.0009307183790951967,0.6351721286773682,35.39851379394531
iid_ime,467,0.49999109903971356,3.890289065111574e-06,8.933415962530944e-08,3.890289065111574e-06,6.41192762884657e-07,9.049542131833732e-05,0.0008877294021658599,0.6541187167167664,40.384010314941406
iid_ime,468,0.5002212524414062,3.887565450592471e-06,8.94647280702543e-08,3.887565450592471e-06,6.39978954571537e-07,7.038105832180008e-05,0.0008617900311946869,0.6371241807937622,35.31119918823242
iid_ime,469,0.5002543131510416,3.890109042004042e-06,8.958130533661308e-08,3.890109042004042e-06,6.386721954262006e-07,3.336016379762441e-05,0.0009695407934486866,0.6619299054145813,47.2742919921875
iid_ime,470,0.5004628499348959,3.889720214071228e-06,8.969402228350039e-08,3.889720214071228e-06,6.373450294934931e-07,3.42651255778037e-05,0.0012166645610705018,0.6204284429550171,61.45609664916992
iid_ime,471,0.50048828125,3.890310381393647e-06,8.981306217255754e-08,3.890310381393647e-06,6.36070320562491e-07,4.5554075768450275e-05,0.0011464643757790327,0.6387642621994019,45.43077087402344
iid_ime,472,0.5004475911458334,3.88831860694457e-06,8.993522164028415e-08,3.88831860694457e-06,6.348245307208344e-07,4.9117330490844324e-05,0.001038763322867453,0.6464853286743164,41.489463806152344
iid_ime,473,0.5001436869303385,3.8862181099830195e-06,9.005279189011617e-08,3.8862181099830195e-06,6.335534787164457e-07,1.020597483147867e-05,0.0009771910263225436,0.6664543747901917,199.2747039794922
iid_ime,474,0.5000788370768229,3.889941789717947e-06,9.017809284491325e-08,3.889941789717947e-06,6.323434670700104e-07,3.3438900572946295e-05,0.001044224831275642,0.6526874303817749,155.99252319335938
iid_ime,475,0.5002530415852865,3.891552106930855e-06,9.028538302165619e-08,3.891552106930855e-06,6.310142500372725e-07,2.2400230591301806e-05,0.0009789045434445143,0.6511211395263672,84.65188598632812
iid_ime,476,0.5002517700195312,3.890668532828083e-06,9.039988224657236e-08,3.890668532828083e-06,6.297424898586238e-07,4.910256393486634e-05,0.0009712607134133577,0.6213976740837097,76.66346740722656
iid_ime,477,0.5005340576171875,3.8915961037370534e-06,9.052110379788776e-08,3.8915961037370534e-06,6.285246409258131e-07,2.4499518985976465e-05,0.0009204056113958359,0.6318956613540649,47.255462646484375
iid_ime,478,0.5004793802897135,3.886203368589729e-06,9.063370291310473e-08,3.886203368589729e-06,6.272536433963675e-07,2.5520732378936373e-05,0.0010587432188913226,0.6374443173408508,118.73275756835938
iid_ime,479,0.5005086263020834,3.8928147318983974e-06,9.072293079744516e-08,3.8928147318983974e-06,6.258283065108117e-07,2.3652455638512038e-05,0.0011091427877545357,0.615230917930603,222.4349365234375
iid_ime,480,0.5002797444661459,3.8874151376451964e-06,9.084151534703248e-08,3.8874151376451964e-06,6.246129918470918e-07,4.7774210543138906e-05,0.0009879767894744873,0.6192824840545654,78.65279388427734
iid_ime,481,0.5002593994140625,3.886660977059364e-06,9.098031424533322e-08,3.886660977059364e-06,6.235426397438459e-07,5.114060695632361e-05,0.0010557671776041389,0.6440092325210571,31.466693878173828
iid_ime,482,0.5002822875976562,3.8891719971919274e-06,9.110871642311243e-08,3.8891719971919274e-06,6.224069911316595e-07,4.375482239993289e-05,0.0009882184676826,0.6182496547698975,35.79872131347656
iid_ime,483,0.5002632141113281,3.885541635402963e-06,9.122244766975503e-08,3.885541635402963e-06,6.211775437729253e-07,1.887792859633919e-05,0.001058297697454691,0.6396669149398804,51.69048309326172
iid_ime,484,0.5003878275553385,3.887987948777057e-06,9.134102689027183e-08,3.887987948777057e-06,6.199878465433054e-07,3.63066719728522e-05,0.0010372968390583992,0.6265509724617004,72.93299865722656
iid_ime,485,0.5004666646321615,3.886812104762309e-06,9.145416690614638e-08,3.886812104762309e-06,6.187674443935975e-07,5.597610288532451e-05,0.0008713836432434618,0.6327041387557983,64.68597412109375
iid_ime,486,0.5005416870117188,3.887498432201634e-06,9.156193817953333e-08,3.887498432201634e-06,6.175177252506122e-07,4.8512418288737535e-05,0.0009365135338157415,0.6315508484840393,34.28474807739258
iid_ime,487,0.5004895528157552,3.8875138936115645e-06,9.169284383621819e-08,3.8875138936115645e-06,6.16430088011081e-07,6.537816079799086e-05,0.0010229869512841105,0.633014440536499,37.250144958496094
iid_ime,488,0.5002098083496094,3.891282669125455e-06,9.181345313654295e-08,3.891282669125455e-06,6.152793522081387e-07,2.34819690376753e-05,0.0009374769288115203,0.6451398134231567,48.35507583618164
bandmf_ime_sep_raw,1,0.5004107157389323,1.1773285090536472e-06,1.899717253876313e-09,0.00011773278159428931,0.0018997661827597767,0.00013429776299744844,0.00723265390843153,0.4463402330875397,45.82401657104492
bandmf_ime_sep_raw,2,0.5002110799153646,1.2661052579687748e-06,1.2917477828130093e-09,3.5072147966275224e-05,0.0003232727406915122,0.00012067265924997628,0.00441920617595315,0.3936220109462738,74.38406372070312
bandmf_ime_sep_raw,3,0.500237782796224,1.2752436096737558e-06,8.489187824922695e-10,1.7364178878172726e-05,9.45144308085825e-05,3.485079650999978e-05,0.003534754039719701,0.38951945304870605,78.27009582519531
bandmf_ime_sep_raw,4,0.4998283386230469,1.2545016782420741e-06,4.1840763377135975e-10,1.0607345226768908e-05,2.6230045781024575e-05,7.39374227123335e-05,0.002839296590536833,0.3973565101623535,39.404518127441406
bandmf_ime_sep_raw,5,0.49925486246744794,1.471342348698575e-06,2.054448805521858e-09,8.773736415908692e-06,8.251022912493984e-05,0.00012950324162375182,0.0035636816173791885,0.2778770923614502,36.13795471191406
bandmf_ime_sep_raw,6,0.4997609456380208,1.556793156017496e-06,1.6143673943943189e-09,7.090913015872502e-06,4.506917002800037e-05,0.00017607962945476174,0.0027079698629677296,0.30042150616645813,31.610960006713867
bandmf_ime_sep_raw,7,0.4992357889811198,1.5971574356399287e-06,1.2321382340344893e-09,5.868143678829559e-06,2.5297750426034327e-05,8.989796333480626e-05,0.0023605513852089643,0.3054373860359192,46.88728332519531
bandmf_ime_sep_raw,8,0.5003814697265625,1.623241914217033e-06,8.251661067400681e-10,5.004326851576479e-06,1.2984136560589832e-05,7.703286246396601e-05,0.001961232628673315,0.34180623292922974,52.74627685546875
bandmf_ime_sep_raw,9,0.4999237060546875,1.6763206123944958e-06,2.215759002203536e-09,4.467165486706411e-06,2.757556126198324e-05,9.450130892219022e-05,0.003150499425828457,0.25798362493515015,49.46128463745117
bandmf_ime_sep_raw,10,0.49898401896158856,1.708797896071701e-06,1.8960309618639335e-09,4.028094641247056e-06,1.913215472389614e-05,7.647622987860814e-05,0.002642357489094138,0.26001349091529846,29.883853912353516
bandmf_ime_sep_raw,11,0.49944814046223956,1.7371886542605353e-06,1.5758108938094633e-09,3.6894260896739675e-06,1.3154393362431923e-05,2.5793196982704103e-05,0.0023592798970639706,0.27917808294296265,50.07097625732422
bandmf_ime_sep_raw,12,0.5004781087239584,1.7524026437361802e-06,1.2188043814938727e-09,3.4033347731110553e-06,8.557736047502354e-06,4.277730840840377e-05,0.0018192317802459002,0.2934496998786926,55.073577880859375
bandmf_ime_sep_raw,13,0.5001106262207031,1.7673483322748023e-06,2.40554502243621e-09,3.177325424985611e-06,1.4406112048466943e-05,5.813380266772583e-05,0.0021255305036902428,0.256561815738678,38.93358612060547
bandmf_ime_sep_raw,14,0.4991747538248698,1.7850030265738799e-06,2.1670549614031622e-09,3.0010187970219704e-06,1.1201291461778359e-05,2.682920967345126e-05,0.0021435178350657225,0.2583696246147156,28.687467575073242
bandmf_ime_sep_raw,15,0.4980621337890625,1.7943305626507329e-06,1.9010824951296947e-09,2.845392591173853e-06,8.568499803611e-06,1.993199111893773e-05,0.0020449580624699593,0.2671915888786316,42.63874816894531
bandmf_ime_sep_raw,16,0.500268300374349,1.8080921790897264e-06,1.59756820272694e-09,2.7241259298686296e-06,6.334896018718912e-06,6.42249797238037e-05,0.0018421477871015668,0.29123616218566895,26.333559036254883
bandmf_ime_sep_raw,17,0.5002059936523438,1.806657380143406e-06,2.603512747982132e-09,2.6022428301075706e-06,9.15406265752002e-06,1.6430964024038985e-05,0.001790145761333406,0.2714826464653015,96.2813491821289
bandmf_ime_sep_raw,18,0.4989789326985677,1.8178963993401946e-06,2.4349864254554396e-09,2.5166797380885933e-06,7.644287393304694e-06,6.214001768967137e-05,0.002052435651421547,0.26140260696411133,16.68832778930664
bandmf_ime_sep_raw,19,0.49970118204752606,1.818600490347914e-06,2.2146130392493766e-09,2.4310313051501e-06,6.246128464226786e-06,2.1987503714626655e-05,0.0019661516416817904,0.2882860600948334,120.6242904663086
bandmf_ime_sep_raw,20,0.4997355143229167,1.8214183275707303e-06,1.964352911813331e-09,2.3604886033960306e-06,5.0051031621478614e-06,1.3561221749114338e-05,0.00219816155731678,0.28714001178741455,37.6751594543457
bandmf_ime_sep_raw,21,0.5000788370768229,1.8253367954912392e-06,2.8110440179289022e-09,2.3014213278808406e-06,6.503013518492177e-06,3.562728670658544e-05,0.001973101170733571,0.2611551582813263,34.640411376953125
bandmf_ime_sep_raw,22,0.49900054931640625,1.8327912793362582e-06,2.7021681558991872e-09,2.2550669219375172e-06,5.701458765846231e-06,6.333921191981062e-05,0.0017745678778737783,0.2839682698249817,31.12357521057129
bandmf_ime_sep_raw,23,0.49992116292317706,1.8347904386928349e-06,2.5279947394688898e-09,2.209003042707991e-06,4.8850810685507895e-06,5.796135883429088e-05,0.0017533753998577595,0.27596595883369446,48.80469512939453
bandmf_ime_sep_raw,24,0.49941126505533856,1.8366073959441565e-06,2.3185932803334217e-09,2.1688034811025623e-06,4.118954336718161e-06,3.0341670935740694e-05,0.001726180431433022,0.28852033615112305,55.91280746459961
bandmf_ime_sep_raw,25,0.4997367858886719,1.8327646481945219e-06,3.0339795120681856e-09,2.1272278161177383e-06,4.9722165726961975e-06,7.579734665341675e-05,0.0017088300082832575,0.2862861156463623,27.901750564575195
bandmf_ime_sep_raw,26,0.49956385294596356,1.8367021681342521e-06,2.9638735539923764e-09,2.099200960022548e-06,4.495336668242089e-06,1.6843356206663884e-05,0.0014430261217057705,0.2769745886325836,42.93263244628906
bandmf_ime_sep_raw,27,0.499420166015625,1.8342805295408955e-06,2.8300433570678982e-09,2.0677686810207283e-06,3.984261221982403e-06,8.344606612809002e-05,0.001667827251367271,0.28428947925567627,14.53242301940918
bandmf_ime_sep_raw,28,0.5003000895182291,1.8392036717311082e-06,2.6649304522378494e-09,2.047952563088984e-06,3.4920814850162665e-06,7.16758004273288e-05,0.0016406432259827852,0.30005156993865967,18.417356491088867
bandmf_ime_sep_raw,29,0.4999122619628906,1.8405298523778886e-06,3.266772630183823e-09,2.026979416314134e-06,3.994560396828699e-06,6.529147503897548e-05,0.0015984289348125458,0.29354196786880493,22.715213775634766
bandmf_ime_sep_raw,30,0.4995880126953125,1.8407835777149255e-06,3.2253033669752775e-09,2.0073651872583773e-06,3.6889849657958016e-06,3.84341947210487e-05,0.0015484773321077228,0.3065735399723053,24.594205856323242
bandmf_ime_sep_raw,31,0.49964141845703125,1.8355780042611514e-06,3.118695144725218e-09,1.98408362924359e-06,3.34395606197783e-06,5.566301115322858e-05,0.0019772679079324007,0.28876742720603943,25.017690658569336
bandmf_ime_sep_raw,32,0.5002047220865885,1.842436082218531e-06,2.9907389620387193e-09,1.975791301826272e-06,3.012471343784758e-06,4.8064182919915766e-05,0.0015981155447661877,0.3001338243484497,51.112770080566406
bandmf_ime_sep_raw,33,0.49990208943684894,1.8452054320050593e-06,3.5015427779505615e-09,1.964763849097532e-06,3.319762650259387e-06,8.919075480662286e-05,0.0014848671853542328,0.28762325644493103,14.564971923828125
bandmf_ime_sep_raw,34,0.4997151692708333,1.8426661559563702e-06,3.496916228806768e-09,1.9496063525063314e-06,3.12633303186279e-06,6.0375663451850414e-05,0.0014303105417639017,0.31118959188461304,35.38765335083008
bandmf_ime_sep_raw,35,0.49938710530598956,1.8392242964182515e-06,3.4137757065622054e-09,1.934877947936305e-06,2.882959554047678e-06,1.4551056665368378e-05,0.0016257219249382615,0.2996344268321991,45.27455520629883
bandmf_ime_sep_raw,36,0.49969736735026044,1.8394235562861165e-06,3.309812137327247e-09,1.9251890819305117e-06,2.6446666462713133e-06,9.99999993922529e-09,0.0013925477396696806,0.304094523191452,124120.0546875
bandmf_ime_sep_raw,37,0.500213623046875,1.8413029228743956e-06,3.747123491123124e-09,1.9183033685976625e-06,2.8372546220604513e-06,7.538252975791693e-05,0.0014029014855623245,0.3025929927825928,29.612537384033203
bandmf_ime_sep_raw,38,0.500091552734375,1.8379526333471101e-06,3.75886514506855e-09,1.9069120848295522e-06,2.701005456628991e-06,6.40088037471287e-05,0.0017440018709748983,0.3033466637134552,14.92902660369873
bandmf_ime_sep_raw,39,0.4996782938639323,1.8382176705245001e-06,3.696164522596727e-09,1.90011707938235e-06,2.5240034157529103e-06,4.972660099156201e-05,0.0013075470924377441,0.29413414001464844,37.11436080932617
bandmf_ime_sep_raw,40,0.4994366963704427,1.8422380823797842e-06,3.6269366029036596e-09,1.8979294509335887e-06,2.3567819293172456e-06,2.8899910830659792e-05,0.0011783833615481853,0.32493385672569275,54.920143127441406
bandmf_ime_sep_raw,41,0.4997151692708333,1.8459115172693903e-06,3.996664554861695e-09,1.8960210136735138e-06,2.4743481314241458e-06,2.379542274866253e-05,0.0014410190051421523,0.31830495595932007,81.9378890991211
bandmf_ime_sep_raw,42,0.5003980000813802,1.8442989642153407e-06,4.0286049126277606e-09,1.88926641916017e-06,2.379129360482087e-06,3.391139762243256e-05,0.001354382373392582,0.32774418592453003,26.91462516784668
bandmf_ime_sep_raw,43,0.5000686645507812,1.8425422467771568e-06,3.978943063920326e-09,1.8829011120639432e-06,2.2440044347149524e-06,5.4208034271141514e-05,0.0013719211565330625,0.32043012976646423,31.266775131225586
bandmf_ime_sep_raw,44,0.5000330607096354,1.8433515123206234e-06,3.93207370367558e-09,1.8796310049159122e-06,2.120026427595197e-06,2.51804285653634e-05,0.001282937591895461,0.3132481575012207,47.4312629699707
bandmf_ime_sep_raw,45,0.49986521402994794,1.8480534530832908e-06,4.249790167924298e-09,1.8807402047589978e-06,2.1927952502664994e-06,4.5830311137251556e-05,0.0013371099485084414,0.3232724368572235,17.991872787475586
bandmf_ime_sep_raw,46,0.500024159749349,1.8395524108427708e-06,4.291823082110587e-09,1.8687962419032071e-06,2.121355710945257e-06,2.915188633778598e-05,0.0012700960505753756,0.3280107378959656,27.79810333251953
bandmf_ime_sep_raw,47,0.5006879170735677,1.8403023034352373e-06,4.256396772076935e-09,1.8666015553966038e-06,2.017275913127984e-06,1.990967029996682e-05,0.0015524112386628985,0.3243859112262726,74.7941665649414
bandmf_ime_sep_raw,48,0.5008900960286459,1.8421608937539229e-06,4.224814516747462e-09,1.865828816486707e-06,1.9216504275239763e-06,4.492417792789638e-05,0.0013326570624485612,0.3388006091117859,38.69523239135742
bandmf_ime_sep_raw,49,0.49991099039713544,1.8403604163571192e-06,4.496984821559617e-09,1.8616200681738822e-06,1.9647617174693246e-06,4.991371315554716e-05,0.0014977771788835526,0.3187847435474396,33.377098083496094
bandmf_ime_sep_raw,50,0.5003827412923177,1.8389077922620345e-06,4.5551416527622735e-09,1.858009947378984e-06,1.9132589936058744e-06,9.99999993922529e-09,0.0012620287016034126,0.31946414709091187,70301.0703125
bandmf_ime_sep_raw,51,0.5008074442545573,1.836020748176755e-06,4.5358149088533155e-09,1.8531723876928179e-06,1.832977233107158e-06,7.155915955081582e-05,0.0013486723182722926,0.3114575445652008,30.38447380065918
bandmf_ime_sep_raw,52,0.49987030029296875,1.8439853827582435e-06,4.522459684519475e-09,1.8594777297190983e-06,1.759711281579257e-06,4.2153864342253655e-05,0.0013166957069188356,0.3352526128292084,27.527652740478516
bandmf_ime_sep_raw,53,0.5002721150716146,1.8440148560709229e-06,4.7387819224198324e-09,1.857949764409265e-06,1.7767181882769971e-06,3.937673318432644e-05,0.0010911718709394336,0.35518649220466614,43.96952819824219
bandmf_ime_sep_raw,54,0.5002848307291666,1.8434349395117049e-06,4.812164574226803e-09,1.8559650480180305e-06,1.739753471952099e-06,1.6644007700961083e-05,0.0013772613601759076,0.342510849237442,78.33914947509766
bandmf_ime_sep_raw,55,0.5002721150716146,1.8376100617463937e-06,4.800968641157273e-09,1.8488457034967116e-06,1.6748209787920132e-06,2.1819161702296697e-05,0.0013391486136242747,0.3186894655227661,117.83744049072266
bandmf_ime_sep_raw,56,0.5006535847981771,1.8439805794893498e-06,4.795183065435064e-09,1.8541233212469403e-06,1.6151926018892482e-06,1.8281318261870183e-05,0.0014216976705938578,0.3424975574016571,123.59349060058594
bandmf_ime_sep_raw,57,0.49981435139973956,1.84317721145059e-06,4.997980751486608e-09,1.8522977806393708e-06,1.6265610109182187e-06,7.447931420756504e-05,0.0012925397604703903,0.3501553535461426,25.04657554626465
bandmf_ime_sep_raw,58,0.5006993611653646,1.8446403563151155e-06,5.068084433605217e-09,1.8528525676705006e-06,1.5945706100713626e-06,3.214217213098891e-05,0.0015185107477009296,0.34280073642730713,60.813316345214844
bandmf_ime_sep_raw,59,0.5004603068033854,1.846795962971252e-06,5.0765029957489105e-09,1.8541930775957856e-06,1.5450656292159692e-06,3.187659604009241e-05,0.0012653771555051208,0.3537590503692627,66.53468322753906
bandmf_ime_sep_raw,60,0.4998118082682292,1.8512712121795023e-06,5.069756281450566e-09,1.857942464766893e-06,1.493486806225519e-06,4.106967753614299e-05,0.001222651801072061,0.35075509548187256,45.09965896606445
bandmf_ime_sep_raw,61,0.49996312459309894,1.8451133361926015e-06,5.252763890517542e-09,1.8510961060277016e-06,1.4985619714025233e-06,3.760375329875387e-05,0.001322656637057662,0.36286380887031555,50.85630416870117
bandmf_ime_sep_raw,62,0.5001233418782552,1.846003238862674e-06,5.318326741961717e-09,1.851388934899963e-06,1.4701741074910994e-06,3.4899640013463795e-05,0.0014534435467794538,0.3424716889858246,51.565277099609375
bandmf_ime_sep_raw,63,0.4996604919433594,1.8429532673280846e-06,5.343334756139721e-09,1.8477911159682965e-06,1.4319845291765887e-06,5.409948425949551e-05,0.0010961139341816306,0.3583820164203644,17.48661231994629
bandmf_ime_sep_raw,64,0.4998613993326823,1.8421534709508098e-06,5.349470200144424e-09,1.8465050525643771e-06,1.3905543170267265e-06,4.659544356400147e-05,0.0013415104476734996,0.3634716272354126,24.591272354125977
bandmf_ime_sep_raw,65,0.5001411437988281,1.8450797891015707e-06,5.4975962856159315e-09,1.8490018381574676e-06,1.3867960291236159e-06,4.934555181534961e-05,0.0013268670300021768,0.35465240478515625,16.445884704589844
bandmf_ime_sep_raw,66,0.49988047281901044,1.843873297010153e-06,5.571249239721965e-09,1.8474002227245971e-06,1.364459521369099e-06,1.510079346189741e-05,0.0011465358547866344,0.3562217056751251,54.83934020996094
bandmf_ime_sep_raw,67,0.4993120829264323,1.842573747505109e-06,5.604696484695637e-09,1.8457451081606753e-06,1.333300758687983e-06,3.2228843338089064e-05,0.0012069980148226023,0.35966137051582336,55.817283630371094
bandmf_ime_sep_raw,68,0.4995574951171875,1.8432440687850733e-06,5.61918119442358e-09,1.846099043708212e-06,1.2990044240268617e-06,8.011201862245798e-05,0.0013940962962806225,0.37382280826568604,31.444726943969727
bandmf_ime_sep_raw,69,0.5001500447591146,1.8405586530434448e-06,5.747740653797943e-09,1.8431240439061487e-06,1.2917676599499828e-06,3.262138125137426e-05,0.0010679509723559022,0.37910452485084534,45.94936752319336
bandmf_ime_sep_raw,70,0.4997062683105469,1.843838058827411e-06,5.81228648544041e-09,1.8461506622694894e-06,1.270473873660194e-06,3.984325303463265e-05,0.00110893533565104,0.36594492197036743,31.463008880615234
bandmf_ime_sep_raw,71,0.49959437052408856,1.847576465744775e-06,5.86521183472873e-09,1.8496619276220372e-06,1.2474163639808467e-06,4.9142370698973536e-05,0.0011985409073531628,0.36068323254585266,31.511754989624023
bandmf_ime_sep_raw,72,0.49993896484375,1.8423061997433858e-06,5.89161456658142e-09,1.8441778308897483e-06,1.2196711575522083e-06,0.00010725983156589791,0.0011572582880035043,0.3803892731666565,21.11106300354004
bandmf_ime_sep_raw,73,0.500464121500651,1.8419422502802263e-06,6.0104194769354064e-09,1.8436258860295613e-06,1.2116069285639242e-06,4.741115844808519e-05,0.0012068584328517318,0.3870290517807007,28.064117431640625
bandmf_ime_sep_raw,74,0.5000381469726562,1.8439315899361948e-06,6.0807807492994454e-09,1.8454486034139943e-06,1.1940650826621397e-06,3.570991975720972e-05,0.0010940964566543698,0.3671497702598572,41.92660140991211
bandmf_ime_sep_raw,75,0.5000521341959635,1.842979211611843e-06,6.1144693382549536e-09,1.8443438041989186e-06,1.1700307851469915e-06,3.754779390874319e-05,0.001291931956075132,0.3835388720035553,21.063783645629883
bandmf_ime_sep_raw,76,0.5004094441731771,1.8385526535287984e-06,6.153193454760952e-09,1.839778003424423e-06,1.147792990726278e-06,5.87742542847991e-05,0.001137599116191268,0.3831961154937744,32.36851501464844
bandmf_ime_sep_raw,77,0.49973297119140625,1.8396651313423718e-06,6.263829677166655e-09,1.8407684099959927e-06,1.1394030536848732e-06,6.420911813620478e-05,0.0011758602922782302,0.3924008011817932,18.82381248474121
bandmf_ime_sep_raw,78,0.4995015462239583,1.8435016973702052e-06,6.326082509685212e-09,1.8444964524633178e-06,1.1225183792854902e-06,8.765141683397815e-05,0.0013554631732404232,0.3638363182544708,30.064815521240234
bandmf_ime_sep_raw,79,0.5000381469726562,1.8428749607816524e-06,6.370484121701973e-09,1.8437700977832112e-06,1.1030483904050925e-06,2.0766632587765343e-05,0.001247138250619173,0.37951403856277466,76.47201538085938
bandmf_ime_sep_raw,80,0.4993184407552083,1.8431619632034806e-06,6.412920638965147e-09,1.8439675386616727e-06,1.0838794916404975e-06,3.0572922696592286e-05,0.0012004678137600422,0.38005080819129944,26.844501495361328
bandmf_ime_sep_raw,81,0.49935022989908856,1.8444290172207427e-06,6.522448581236517e-09,1.8451546850428713e-06,1.0764027062274788e-06,2.0518900782917626e-05,0.0011110160266980529,0.3954011797904968,33.1071891784668
bandmf_ime_sep_raw,82,0.4997851053873698,1.8434626933109637e-06,6.5783028653972524e-09,1.8441154310266938e-06,1.0603491062965986e-06,9.621227036404889e-06,0.0010908488184213638,0.3808274269104004,180.157470703125
bandmf_ime_sep_raw,83,0.5000330607096354,1.8399188708902632e-06,6.6301602911581865e-09,1.8405049928560402e-06,1.0441402054084392e-06,4.274352977517992e-05,0.0012199899647384882,0.40084582567214966,50.719661712646484
bandmf_ime_sep_raw,84,0.4994672139485677,1.8387161304644906e-06,6.668078848341234e-09,1.8392435616002938e-06,1.0262701029735883e-06,5.028352825320326e-05,0.0012456112308427691,0.3840174376964569,15.948531150817871
bandmf_ime_sep_raw,85,0.4993273417154948,1.8448276364324556e-06,6.764024618188813e-09,1.8453035532199162e-06,1.0176904083891714e-06,8.963288564700633e-05,0.0013408652739599347,0.37630781531333923,33.31341552734375
bandmf_ime_sep_raw,86,0.5002110799153646,1.8429648018051619e-06,6.826633332697914e-09,1.8433927853796679e-06,1.0043517496190664e-06,3.255284536862746e-05,0.0009738897206261754,0.4064171016216278,39.885982513427734
bandmf_ime_sep_raw,87,0.5004043579101562,1.843066646263954e-06,6.880910026948091e-09,1.843452058854685e-06,9.901742525168327e-07,3.064132033614442e-05,0.00111419300083071,0.38292819261550903,50.549720764160156
bandmf_ime_sep_raw,88,0.49987157185872394,1.8452203628764134e-06,6.916497652387221e-09,1.8455674819506385e-06,9.737637564436834e-07,8.626210183138028e-05,0.0010371212847530842,0.3979940414428711,23.945825576782227
bandmf_ime_sep_raw,89,0.5002187093098959,1.8415652505154867e-06,7.010317715216985e-09,1.8418769987723256e-06,9.65869745073178e-07,2.217022847617045e-05,0.0012361615663394332,0.3796960711479187,97.51921081542969
bandmf_ime_sep_raw,90,0.5002975463867188,1.842817051548688e-06,7.076374042291889e-09,1.8430978296161509e-06,9.54364904733514e-07,6.235474575078115e-05,0.001153504941612482,0.39187541604042053,48.65047836303711
bandmf_ime_sep_raw,91,0.5001869201660156,1.8458523195855985e-06,7.127210821522567e-09,1.8461053770124636e-06,9.411387390893348e-07,1.5173342035268433e-05,0.0010138445068150759,0.39589598774909973,38.21825408935547
bandmf_ime_sep_raw,92,0.500158945719401,1.8439779410073243e-06,7.17514614390069e-09,1.8442056936388933e-06,9.27897159404741e-07,2.729874904616736e-05,0.0010703463340178132,0.3786236345767975,94.85147857666016
bandmf_ime_sep_raw,93,0.49990590413411456,1.8399582586425822e-06,7.255080277287125e-09,1.8401626959985151e-06,9.190702077906584e-07,3.232296512578614e-05,0.0010506496764719486,0.4113525152206421,39.367671966552734
bandmf_ime_sep_raw,94,0.49991734822591144,1.8398070172527998e-06,7.320566412320299e-09,1.8399912372994247e-06,9.086346679509916e-07,2.2964240997680463e-05,0.0010140405502170324,0.38578540086746216,40.82223129272461
bandmf_ime_sep_raw,95,0.5009549458821615,1.8442718972740597e-06,7.379595638271989e-09,1.844438116904712e-06,8.976632154637324e-07,7.223240390885621e-05,0.0012199819320812821,0.41808217763900757,26.177831649780273
bandmf_ime_sep_raw,96,0.5001373291015625,1.8425638378024207e-06,7.4240557590421474e-09,1.8427131702007198e-06,8.852263775338542e-07,2.910715738835279e-05,0.0012330195168033242,0.3931923508644104,59.8695068359375
bandmf_ime_sep_raw,97,0.4999122619628906,1.8409636576658765e-06,7.501437119620627e-09,1.8410979834015961e-06,8.769682130112718e-07,5.950920603936538e-05,0.0011911477195098996,0.3971829116344452,34.2719841003418
bandmf_ime_sep_raw,98,0.4998664855957031,1.836971046979367e-06,7.566798521096985e-09,1.8370914934469813e-06,8.675020453097204e-07,6.251222202990903e-06,0.0010800324380397797,0.4084065854549408,80.1629409790039
bandmf_ime_sep_raw,99,0.5004297892252604,1.8383906450480936e-06,7.626369646906994e-09,1.8384993486127617e-06,8.576012741438414e-07,9.99999993922529e-09,0.0011316770687699318,0.4199875593185425,173690.0625
bandmf_ime_sep_raw,100,0.49985631306966144,1.839738416720138e-06,7.671270433699343e-09,1.839836239507046e-06,8.463158162423193e-07,6.1915352489450015e-06,0.001047046622261405,0.4074285328388214,193.92787170410156
bandmf_ime_sep_raw,101,0.4999834696451823,1.840864712221446e-06,7.752503305979985e-09,1.840952933207518e-06,8.392502384898156e-07,2.4231907445937395e-05,0.0008866289863362908,0.4021044373512268,55.125484466552734
bandmf_ime_sep_raw,102,0.5003471374511719,1.8402836966894636e-06,7.81551564206969e-09,1.8403631022086604e-06,8.303791716457454e-07,5.032085391576402e-05,0.0010129549773409963,0.4037471413612366,45.80375671386719
bandmf_ime_sep_raw,103,0.4999847412109375,1.8445047373916168e-06,7.876161315737798e-09,1.8445764027319456e-06,8.214602781701311e-07,2.4391369151999243e-05,0.0012627453543245792,0.4102424085140228,30.33260154724121
bandmf_ime_sep_raw,104,0.5003687540690104,1.8431429017103558e-06,7.921972670447511e-09,1.8432070779302496e-06,8.112229892276446e-07,8.309209079016e-05,0.0009596907766535878,0.41802895069122314,30.566556930541992
bandmf_ime_sep_raw,105,0.4999122619628906,1.8411680476522936e-06,7.990772118067943e-09,1.8412260042547739e-06,8.035459089228425e-07,8.55182224768214e-06,0.0009258086211048067,0.41672709584236145,104.3843765258789
bandmf_ime_sep_raw,106,0.500207265218099,1.8425303238700508e-06,8.057057465649109e-09,1.8425825961306448e-06,7.957784641613822e-07,3.294401176390238e-05,0.0011141060385853052,0.4175160229206085,39.58723068237305
bandmf_ime_sep_raw,107,0.4998575846354167,1.8355192234290978e-06,8.117760648869895e-09,1.835566062406239e-06,7.876311229892963e-07,5.616560156340711e-05,0.0010379020823165774,0.413967102766037,33.547630310058594
bandmf_ime_sep_raw,108,0.5006014506022135,1.8413709360250625e-06,8.166479381621627e-09,1.841413071209293e-06,7.785169936861772e-07,4.420974073582329e-05,0.0010417609009891748,0.4127524495124817,26.74102783203125
bandmf_ime_sep_raw,109,0.5000343322753906,1.8454776504010322e-06,8.233648651767567e-09,1.8455159249697317e-06,7.713421320924377e-07,1.8538748918217607e-05,0.000994531437754631,0.41403213143348694,167.39108276367188
bandmf_ime_sep_raw,110,0.5001335144042969,1.8411223218587718e-06,8.292060260650658e-09,1.8411565842294901e-06,7.635038391147949e-07,4.0650142182130367e-05,0.0009627550025470555,0.42928850650787354,55.05615234375
bandmf_ime_sep_raw,111,0.5002047220865885,1.8380637480201283e-06,8.352112594126973e-09,1.8380944150446037e-06,7.559809915846927e-07,7.139887202356476e-06,0.0012247624108567834,0.3958806097507477,211.48387145996094
bandmf_ime_sep_raw,112,0.5001678466796875,1.8402314102180146e-06,8.407978535629468e-09,1.840259036119581e-06,7.48243039083718e-07,1.6579631846980192e-05,0.0010101665975525975,0.43835508823394775,140.7312774658203
bandmf_ime_sep_raw,113,0.5002454121907552,1.8408694112774053e-06,8.472886466511417e-09,1.8408944413295103e-06,7.414600654935081e-07,9.99999993922529e-09,0.0009198581683449447,0.4146934151649475,6792.21630859375
bandmf_ime_sep_raw,114,0.4999491373697917,1.8398870054170402e-06,8.534954224851768e-09,1.8399093875132166e-06,7.345669009358365e-07,4.367785368231125e-05,0.0009262051898986101,0.43879035115242004,36.565914154052734
bandmf_ime_sep_raw,115,0.49976857503255206,1.8414944520372956e-06,8.58663529168524e-09,1.8415146456618459e-06,7.269309871086685e-07,3.273823676863685e-05,0.0009859557030722499,0.39580872654914856,56.44641876220703
bandmf_ime_sep_raw,116,0.500359853108724,1.840331582532902e-06,8.650954360274929e-09,1.840350023485371e-06,7.205097555621857e-07,6.098938683862798e-05,0.0010431213304400444,0.44099119305610657,28.24516487121582
bandmf_ime_sep_raw,117,0.4996528625488281,1.8452461176821089e-06,8.712066734695156e-09,1.8452623891107578e-06,7.139497763356909e-07,1.2842217074648943e-05,0.0009700633236207068,0.41302230954170227,115.28388214111328
bandmf_ime_sep_raw,118,0.49928538004557294,1.8448026869085272e-06,8.774613665292938e-09,1.8448176414646393e-06,7.076329140431881e-07,2.8011463655275293e-05,0.0010371460812166333,0.447040319442749,94.57810974121094
bandmf_ime_sep_raw,119,0.49982325236002606,1.8501177123653179e-06,8.828568135813933e-09,1.8501309474080092e-06,7.007551043140362e-07,4.223118594381958e-05,0.001101811183616519,0.4259794354438782,67.94731903076172
bandmf_ime_sep_raw,120,0.5000521341959635,1.8466226615980001e-06,8.887354074893494e-09,1.8466345608203483e-06,6.943936009899213e-07,2.779075293801725e-05,0.0009275279007852077,0.44802337884902954,21.096818923950195
bandmf_ime_sep_raw,121,0.4995524088541667,1.8412149150511443e-06,8.946134499865366e-09,1.841225881094033e-06,6.88154777606087e-07,2.2954824089538306e-05,0.0009369340841658413,0.41520100831985474,60.32756805419922
bandmf_ime_sep_raw,122,0.4995625813802083,1.8381722715806366e-06,9.006630922551532e-09,1.8381819160140367e-06,6.821658331546132e-07,4.323032044339925e-05,0.0012273547472432256,0.4377632141113281,25.203405380249023
bandmf_ime_sep_raw,123,0.4996376037597656,1.8425529712355153e-06,9.057329997119723e-09,1.842561777228487e-06,6.755584441483128e-07,1.6825781131046824e-05,0.0009019766002893448,0.4207611083984375,88.24124145507812
bandmf_ime_sep_raw,124,0.49999237060546875,1.8466276448710535e-06,9.122780160926899e-09,1.846635593475791e-06,6.701662869090796e-07,1.5803883798071183e-05,0.0010423274943605065,0.4309517741203308,51.696922302246094
bandmf_ime_sep_raw,125,0.5002250671386719,1.8495705091936543e-06,9.175049979030328e-09,1.8495775719884477e-06,6.639149200774833e-07,3.6910514609189704e-05,0.001218884252011776,0.43439438939094543,30.6351375579834
bandmf_ime_sep_raw,126,0.49952952067057294,1.8425443926162188e-06,9.23639979314809e-09,1.8425509769789035e-06,6.58431967318999e-07,1.663659895712044e-05,0.0010628968011587858,0.4241393804550171,50.058834075927734
bandmf_ime_sep_raw,127,0.4993629455566406,1.8402531149301164e-06,9.291275230675447e-09,1.8402588134828572e-06,6.525932055486313e-07,5.531688202609075e-06,0.0011503054993227124,0.4161423444747925,218.68948364257812
bandmf_ime_sep_raw,128,0.5004844665527344,1.8398003334141322e-06,9.347423686930275e-09,1.839805610378183e-06,6.469518159709272e-07,2.2441376131610014e-05,0.0009929528459906578,0.4101409912109375,74.02658081054688
bandmf_ime_sep_raw,129,0.4999809265136719,1.8425670494555864e-06,9.394257964127442e-09,1.8425718953570442e-06,6.407791488527437e-07,4.964619438396767e-05,0.0010540164075791836,0.4313530921936035,39.62337875366211
bandmf_ime_sep_raw,130,0.4994494120279948,1.8436337920017347e-06,9.464087587692424e-09,1.8436381926297447e-06,6.362713828404291e-07,3.16213772748597e-05,0.0009631035500206053,0.4400131404399872,32.747920989990234
bandmf_ime_sep_raw,131,0.4992052714029948,1.8443733627767263e-06,9.523395294586123e-09,1.8443773323421435e-06,6.311382515870415e-07,1.540246739750728e-05,0.0009461590670980513,0.41762176156044006,95.9082260131836
bandmf_ime_sep_raw,132,0.5002276102701823,1.8422949731681608e-06,9.569130747048385e-09,1.8422984927231785e-06,6.25208590084488e-07,5.537766992347315e-05,0.0010405558859929442,0.4402468204498291,32.42843246459961
bandmf_ime_sep_raw,133,0.4994405110677083,1.8395539598259347e-06,9.628277582625818e-09,1.839557010422747e-06,6.202556832590744e-07,3.685784395202063e-05,0.0010434938594698906,0.42507317662239075,30.49066925048828
bandmf_ime_sep_raw,134,0.49913787841796875,1.8395529224335405e-06,9.695990491979481e-09,1.8395555372308081e-06,6.159319075512334e-07,1.9794821128016338e-05,0.0009906116174533963,0.4162968397140503,79.00440216064453
bandmf_ime_sep_raw,135,0.49865976969401044,1.8403957634897476e-06,9.751607151405514e-09,1.8403984067087247e-06,6.109189219690355e-07,4.157545481575653e-05,0.0009557084995321929,0.43849316239356995,30.19159698486328
bandmf_ime_sep_raw,136,0.4996350606282552,1.8430612082435498e-06,9.799236089236274e-09,1.8430633919782242e-06,6.05500079113123e-07,2.6207882910966873e-05,0.0008522032294422388,0.4597380757331848,52.62725067138672
bandmf_ime_sep_raw,137,0.4996019999186198,1.8388874044224697e-06,9.864186652682369e-09,1.8388895597354349e-06,6.012352097665522e-07,1.250847981282277e-05,0.0007700322894379497,0.4354339838027954,173.47158813476562
bandmf_ime_sep_raw,138,0.4998181660970052,1.8406034077618945e-06,9.920404608898536e-09,1.8406051604339761e-06,5.965131653814145e-07,4.115133560844697e-05,0.0008560497080907226,0.4328678548336029,39.494380950927734
bandmf_ime_sep_raw,139,0.49899037679036456,1.8373484635958448e-06,9.967245695463589e-09,1.83735019732012e-06,5.913146855126191e-07,3.822765211225487e-05,0.0009588216780684888,0.45069006085395813,20.44048309326172
bandmf_ime_sep_raw,140,0.49947230021158856,1.8407172746037759e-06,1.0023260369843948e-08,1.8407190462236638e-06,5.867462723093316e-07,4.723526944871992e-05,0.0009203401859849691,0.4614779055118561,19.372236251831055
bandmf_ime_sep_raw,141,0.4996999104817708,1.8451432879373897e-06,1.0085201747796665e-08,1.8451446095468782e-06,5.82596975107208e-07,1.545296072436031e-05,0.0008989620255306363,0.4539862275123596,79.53874969482422
bandmf_ime_sep_raw,142,0.49963124593098956,1.8419481998914005e-06,1.0148708762258707e-08,1.8419495072900343e-06,5.786027301724062e-07,4.3938427552348e-05,0.001172781689092517,0.4383295476436615,33.78815841674805
bandmf_ime_sep_raw,143,0.4996693929036458,1.8385910038887232e-06,1.0178707876562498e-08,1.8385922970765023e-06,5.727843609785547e-07,1.56820569827687e-05,0.0009468861389905214,0.4093949496746063,76.90701293945312
bandmf_ime_sep_raw,144,0.4993476867675781,1.841528392295307e-06,1.0233549156228131e-08,1.8415292402096384e-06,5.684546380280153e-07,2.6045592676382512e-05,0.0008464611601084471,0.44528889656066895,67.3978042602539
bandmf_ime_sep_raw,145,0.49968210856119794,1.8408277213666224e-06,1.0299715746953098e-08,1.8408285787548568e-06,5.648170263346705e-07,5.294188667903654e-05,0.0009255497134290636,0.45164546370506287,40.94352722167969
bandmf_ime_sep_raw,146,0.4993693033854167,1.8379341687098834e-06,1.0352948646522956e-08,1.8379350450459242e-06,5.605327473290345e-07,2.4277536795125343e-05,0.001009961823001504,0.420706570148468,106.51065063476562
bandmf_ime_sep_raw,147,0.49924341837565106,1.8417207646355867e-06,1.0397380364087402e-08,1.8417216267607728e-06,5.558477151150024e-07,1.0324972208763938e-05,0.0010291801299899817,0.4072643518447876,321.01446533203125
bandmf_ime_sep_raw,148,0.49941380818684894,1.84284255529595e-06,1.0460840157063464e-08,1.8428434174211361e-06,5.522468787451847e-07,3.1336003303295e-05,0.0010405208449810743,0.46443212032318115,35.24695587158203
bandmf_ime_sep_raw,149,0.4994099934895833,1.8381618171285179e-06,1.0526040742734702e-08,1.8381626745167523e-06,5.487902920246294e-07,1.538576361781452e-05,0.000852795026730746,0.43641602993011475,182.7334747314453
bandmf_ime_sep_raw,150,0.49986902872721356,1.8383138827478736e-06,1.0573401080608372e-08,1.8383143043365635e-06,5.444649625966728e-07,7.674081643926911e-06,0.0009285607957281172,0.43574389815330505,125.8355941772461
bandmf_ime_sep_raw,151,0.4994862874348958,1.8402521959615115e-06,1.0614636947181566e-08,1.8402526128132497e-06,5.398990812940004e-07,2.4963850592030212e-05,0.0009836903773248196,0.44005367159843445,137.494873046875
bandmf_ime_sep_raw,152,0.4995524088541667,1.84380858077778e-06,1.0674453876369228e-08,1.8438090071034214e-06,5.363437836081175e-07,4.031647040392272e-05,0.0009789303876459599,0.456648051738739,34.763572692871094
bandmf_ime_sep_raw,153,0.5000826517740885,1.843924110289663e-06,1.0742343644250715e-08,1.8439245460892077e-06,5.33242150879687e-07,3.5899042813980486e-06,0.0008595673134550452,0.4355717897415161,179.13021850585938
bandmf_ime_sep_raw,154,0.4996299743652344,1.8449082404004002e-06,1.0789507620678762e-08,1.8449086572521385e-06,5.291658240480501e-07,3.213218951714225e-05,0.0008870033198036253,0.46151819825172424,28.175247192382812
bandmf_ime_sep_raw,155,0.4997088114420573,1.8368903103767782e-06,1.0832133708523392e-08,1.8368907367024196e-06,5.249351436494484e-07,1.510729816800449e-05,0.0008901957771740854,0.478168785572052,122.27944946289062
bandmf_ime_sep_raw,156,0.4996019999186198,1.8422553106726507e-06,1.0881020084951842e-08,1.8422557180504857e-06,5.210732254568029e-07,4.820151298190467e-05,0.0009634554153308272,0.44557321071624756,37.07186508178711
bandmf_ime_sep_raw,157,0.4999033610026042,1.8458447783586962e-06,1.0958011091114864e-08,1.8458451999473862e-06,5.186014414941079e-07,3.1994124583434314e-05,0.0011787816183641553,0.44341573119163513,134.6337890625
bandmf_ime_sep_raw,158,0.4996287027994792,1.8425144645561886e-06,1.1005916918567967e-08,1.8425148956187816e-06,5.147977049091423e-07,2.0876601411146112e-05,0.0009317084914073348,0.45956122875213623,59.546913146972656
bandmf_ime_sep_raw,159,0.5001475016276041,1.836399690091639e-06,1.105128222267382e-08,1.8364000974694743e-06,5.109353580223797e-07,8.892116056813393e-07,0.0009491477394476533,0.4379226267337799,1572.686279296875
bandmf_ime_sep_raw,160,0.49962488810221356,1.8464730497195585e-06,1.1103389837193353e-08,1.8464734665712967e-06,5.074414725451485e-07,1.1236893442401197e-05,0.0009421226568520069,0.4554876685142517,110.66793060302734
bandmf_ime_sep_raw,161,0.49938201904296875,1.8438262022376268e-06,1.1172187545464377e-08,1.8438266190893653e-06,5.047540222828198e-07,3.089145684498362e-05,0.0010592107428237796,0.44810354709625244,61.87299728393555
bandmf_ime_sep_raw,162,0.49979909261067706,1.8440059363911132e-06,1.122801070637299e-08,1.8440063437689484e-06,5.015207970397265e-07,6.616502651013434e-05,0.000918479694519192,0.4641612768173218,28.61186408996582
bandmf_ime_sep_raw,163,0.49987157185872394,1.836596662011895e-06,1.1266165926097452e-08,1.836597093074488e-06,4.975534177257638e-07,1.4450277376454324e-05,0.0008780080825090408,0.4717906415462494,114.60092163085938
bandmf_ime_sep_raw,164,0.4998156229654948,1.8418984050564784e-06,1.1311844646163157e-08,1.8418988029604104e-06,4.939776824623247e-07,2.0812227376154624e-05,0.0008813117165118456,0.47071367502212524,93.81841278076172
bandmf_ime_sep_raw,165,0.49955495198567706,1.8417029442237738e-06,1.1382227715905913e-08,1.8417029442237738e-06,4.915228023113135e-07,2.3458935174858198e-05,0.0009449025965295732,0.4570629596710205,55.99159622192383
bandmf_ime_sep_raw,166,0.5002403259277344,1.841980932226761e-06,1.1432032061738559e-08,1.841980932226761e-06,4.88218281210114e-07,1.4433037904382218e-05,0.0009128372184932232,0.4674471616744995,141.00474548339844
bandmf_ime_sep_raw,167,0.49985376993815106,1.844690080095764e-06,1.1486009809935638e-08,1.844690080095764e-06,4.851381021353518e-07,3.532550181262195e-05,0.0009902144083753228,0.460109144449234,57.00844955444336
bandmf_ime_sep_raw,168,0.4991747538248698,1.8411175991180546e-06,1.1534051602701823e-08,1.8411175991180546e-06,4.818531493810951e-07,3.077424116781913e-05,0.0010287330951541662,0.4642786383628845,51.16141891479492
bandmf_ime_sep_raw,169,0.49978892008463544,1.8440912820475812e-06,1.159104708510957e-08,1.8440912820475812e-06,4.789862491823745e-07,1.1855565389851108e-05,0.0009423727169632912,0.4491029977798462,66.10284423828125
bandmf_ime_sep_raw,170,0.500115712483724,1.8374443679173662e-06,1.1640735708695615e-08,1.8374443679173662e-06,4.7585942889819915e-07,2.8542424843180925e-05,0.0008357162587344646,0.4718319773674011,18.448015213012695
bandmf_ime_sep_raw,171,0.4997901916503906,1.838482565593343e-06,1.1699236394472715e-08,1.838482565593343e-06,4.7313330497900097e-07,3.664115138235502e-05,0.0008248153608292341,0.468059241771698,56.78265380859375
bandmf_ime_sep_raw,172,0.49979400634765625,1.8406330421309274e-06,1.1744964075373806e-08,1.8406330421309274e-06,4.6993205297477897e-07,1.1760369488911238e-05,0.0010233221109956503,0.4799899160861969,30.880157470703125
bandmf_ime_sep_raw,173,0.5000317891438802,1.840330090393157e-06,1.1802966863131795e-08,1.840330090393157e-06,4.6726309695562424e-07,4.88009573018644e-05,0.0009124163771048188,0.4549655318260193,24.549890518188477
bandmf_ime_sep_raw,174,0.4995129903157552,1.8367086814426632e-06,1.1850013859060482e-08,1.8367086814426632e-06,4.641994699738916e-07,4.781737061421154e-06,0.0009559058817103505,0.45219212770462036,120.6270751953125
bandmf_ime_sep_raw,175,0.4998156229654948,1.8378045278192683e-06,1.1901995093192378e-08,1.8378045278192683e-06,4.613703552536208e-07,5.300664633978158e-05,0.0008561867289245129,0.44977957010269165,50.53630828857422
bandmf_ime_sep_raw,176,0.49919382731119794,1.8409811701758372e-06,1.1953583049321518e-08,1.8409811701758372e-06,4.585647642348552e-07,1.645357951929327e-05,0.0009352255146950483,0.47441190481185913,103.50394439697266
bandmf_ime_sep_raw,177,0.49954986572265625,1.8365653649728604e-06,1.2011181974950583e-08,1.8365653649728604e-06,4.5602533068252643e-07,2.802011658786796e-05,0.000861924490891397,0.4878256320953369,88.38545989990234
bandmf_ime_sep_raw,178,0.4996376037597656,1.8357711487245372e-06,1.2056466787887151e-08,1.8357711487245372e-06,4.5305565639826756e-07,3.6893139622407034e-05,0.0009554571006447077,0.4424701929092407,58.29893493652344
bandmf_ime_sep_raw,179,0.5000686645507812,1.838939397202921e-06,1.2110709435297906e-08,1.838939397202921e-06,4.504604073455691e-07,4.5373733883025125e-05,0.0009466454503126442,0.4851173758506775,32.22042465209961
bandmf_ime_sep_raw,180,0.49979400634765625,1.841206535383814e-06,1.2167705805884074e-08,1.841206535383814e-06,4.4799996364493683e-07,2.6169429474975914e-05,0.0008265585056506097,0.46921485662460327,47.701473236083984
bandmf_ime_sep_raw,181,0.49924596150716144,1.8426311025147395e-06,1.2228646539824695e-08,1.8426311025147395e-06,4.457147338617536e-07,3.720803579199128e-05,0.0009252254385501146,0.46861034631729126,47.677085876464844
bandmf_ime_sep_raw,182,0.500024159749349,1.840154922660986e-06,1.2271671123720296e-08,1.840154922660986e-06,4.4281073267408527e-07,3.995111183030531e-05,0.0008724285289645195,0.4580204486846924,56.58832931518555
bandmf_ime_sep_raw,183,0.500268300374349,1.838079654703506e-06,1.2317772690728646e-08,1.838079654703506e-06,4.4005656363310663e-07,1.5120151147129945e-05,0.0008938541868701577,0.48832711577415466,51.958126068115234
bandmf_ime_sep_raw,184,0.4995689392089844,1.838246319607606e-06,1.2365375797370367e-08,1.838246319607606e-06,4.373926133875254e-07,1.7414444300811738e-05,0.0010272625368088484,0.4539925754070282,116.61235046386719
bandmf_ime_sep_raw,185,0.49960962931315106,1.8359261370430129e-06,1.2433755247620581e-08,1.8359261370430129e-06,4.354915870881844e-07,2.5792673113755882e-05,0.0010384790366515517,0.4521724581718445,49.07510757446289
bandmf_ime_sep_raw,186,0.4994494120279948,1.8417907246733496e-06,1.2476264317958416e-08,1.8417907246733496e-06,4.327137747376734e-07,2.7697700716089457e-05,0.0009965605568140745,0.46630197763442993,42.517391204833984
bandmf_ime_sep_raw,187,0.5000076293945312,1.845951895044588e-06,1.2508583132249859e-08,1.845951895044588e-06,4.296232252916828e-07,2.8096708774683066e-05,0.0007506822585128248,0.4963361918926239,35.4356689453125
bandmf_ime_sep_raw,188,0.5001169840494791,1.8448626472415224e-06,1.2567870485054774e-08,1.8448626472415224e-06,4.2749383647825806e-07,1.596650508872699e-05,0.0010727946646511555,0.4650062918663025,51.73796844482422
bandmf_ime_sep_raw,189,0.49999364217122394,1.8426899022945993e-06,1.2633966835669716e-08,1.8426899022945993e-06,4.256189889417783e-07,1.3007067536818795e-05,0.000998042174614966,0.4684281349182129,60.13941192626953
bandmf_ime_sep_raw,190,0.5000661214192709,1.843690019616891e-06,1.2679146658515586e-08,1.843690019616891e-06,4.230661545534531e-07,6.303175905486569e-05,0.0010411174735054374,0.5039560198783875,28.988698959350586
bandmf_ime_sep_raw,191,0.4998741149902344,1.8404061610984475e-06,1.2709217641256506e-08,1.8404061610984475e-06,4.2004749426875304e-07,1.9412658730288967e-05,0.0008971983334049582,0.4634169340133667,91.35105895996094
bandmf_ime_sep_raw,192,0.5003890991210938,1.8437137943768296e-06,1.2779726166201044e-08,1.8437137943768296e-06,4.183945444916996e-07,9.99999993922529e-09,0.0007820473983883858,0.473625123500824,80564.28125
bandmf_ime_sep_raw,193,0.5001195271809896,1.844053168535235e-06,1.2840404776485551e-08,1.844053168535235e-06,4.1643910364541625e-07,2.1839168766746297e-05,0.0009965574136003852,0.4789677858352661,69.8727035522461
bandmf_ime_sep_raw,194,0.5002365112304688,1.8433353593157638e-06,1.2877657643943033e-08,1.8433353593157638e-06,4.1375322249829577e-07,1.8733226170297712e-05,0.0009758190717548132,0.4777940809726715,26.92715072631836
bandmf_ime_sep_raw,195,0.4997876485188802,1.8373353659247489e-06,1.2912717635889711e-08,1.8373353659247489e-06,4.110331749037262e-07,3.709363591042347e-05,0.0007841846090741456,0.4798436760902405,65.08875274658203
bandmf_ime_sep_raw,196,0.4996541341145833,1.8422218014772322e-06,1.2968338995259879e-08,1.8422218014772322e-06,4.089976452329817e-07,4.0438178984913975e-05,0.000928891880903393,0.479450523853302,51.52056121826172
bandmf_ime_sep_raw,197,0.49989954630533856,1.8444777083459485e-06,1.3037965744070826e-08,1.8444777083459485e-06,4.07423848732454e-07,2.6593774236971512e-05,0.0008652522810734808,0.4662279188632965,54.67741775512695
bandmf_ime_sep_raw,198,0.4999834696451823,1.8448672420845469e-06,1.3085988663045592e-08,1.8448672420845469e-06,4.051962001483389e-07,2.7005789888789877e-05,0.0010971189476549625,0.4698067605495453,56.3504524230957
bandmf_ime_sep_raw,199,0.49937184651692706,1.8432944604758934e-06,1.3128580556021063e-08,1.8432944604758934e-06,4.028292212391686e-07,2.10655816772487e-05,0.0008582392474636436,0.4551756978034973,52.196937561035156
bandmf_ime_sep_raw,200,0.500006357828776,1.840681359036959e-06,1.3170502725460645e-08,1.840681359036959e-06,4.0047170912771435e-07,3.1161784136202186e-05,0.0009565101936459541,0.4930122196674347,44.8723030090332
bandmf_ime_sep_raw,201,0.4997596740722656,1.838720715833612e-06,1.3216510626653152e-08,1.838720715833612e-06,3.982667233041563e-07,1.5490502846660092e-05,0.0008822842501103878,0.45491480827331543,55.27168273925781
bandmf_ime_sep_raw,202,0.5003178914388021,1.8400427279630094e-06,1.3275338273111004e-08,1.8400427279630094e-06,3.9647152642411737e-07,3.025131081813015e-05,0.0007531596929766238,0.5051877498626709,37.54316329956055
bandmf_ime_sep_raw,203,0.499725341796875,1.8416673697174701e-06,1.3326499718561516e-08,1.8416673697174701e-06,3.9446913646656867e-07,2.404547922196798e-05,0.0008895617793314159,0.4726572632789612,61.071800231933594
bandmf_ime_sep_raw,204,0.4996782938639323,1.8383484672312989e-06,1.3370074751032727e-08,1.8383484672312989e-06,3.922675873013759e-07,3.7414287362480536e-05,0.0010090243304148316,0.49390751123428345,75.46202850341797
bandmf_ime_sep_raw,205,0.5000864664713541,1.8360120700814757e-06,1.3401371679044871e-08,1.8360120700814757e-06,3.897355504989264e-07,1.5353551134467125e-05,0.0009039754513651133,0.5111683011054993,81.01455688476562
bandmf_ime_sep_raw,206,0.5001017252604166,1.8383252988011616e-06,1.3453399912618144e-08,1.8383252988011616e-06,3.878339119485948e-07,1.977507781703025e-05,0.0009306786814704537,0.49814122915267944,66.23444366455078
bandmf_ime_sep_raw,207,0.5004755655924479,1.840374366679498e-06,1.3505355833665078e-08,1.840374366679498e-06,3.8595185714029867e-07,3.66420645150356e-05,0.000895652745384723,0.4793444573879242,36.383182525634766
bandmf_ime_sep_raw,208,0.5000801086425781,1.8401143554077255e-06,1.3552542532657696e-08,1.8401143554077255e-06,3.8395582535599715e-07,4.6057099098106846e-05,0.0008888065931387246,0.4854523539543152,34.9007568359375
bandmf_ime_sep_raw,209,0.4997660319010417,1.8425983038620568e-06,1.3608427236929307e-08,1.8425983038620568e-06,3.8222752607453003e-07,2.1068262867629528e-05,0.0009259667713195086,0.4684968888759613,33.426719665527344
bandmf_ime_sep_raw,210,0.5000483194986979,1.8436382968426794e-06,1.3643923102435451e-08,1.8436382968426794e-06,3.7995023186946736e-07,8.773083209234755e-06,0.0010074912570416927,0.4968525469303131,38.58380889892578
bandmf_ime_sep_raw,211,0.5003662109375,1.8464565367063794e-06,1.3683638222516947e-08,1.8464565367063794e-06,3.7781731757983533e-07,2.4742907044128515e-05,0.0008400128572247922,0.4847358167171478,39.99958038330078
bandmf_ime_sep_raw,212,0.5001246134440104,1.8460079947620518e-06,1.3750160010594925e-08,1.8460079947620518e-06,3.76444115583278e-07,2.9439574063871987e-05,0.00092164525995031,0.46551215648651123,189.2510223388672
bandmf_ime_sep_raw,213,0.5002962748209635,1.843888639996294e-06,1.3799889083306502e-08,1.843888639996294e-06,3.746276722912019e-07,5.644074553856626e-05,0.0009247700218111277,0.46986645460128784,22.835311889648438
bandmf_ime_sep_raw,214,0.5000902811686198,1.8400635847607798e-06,1.3844526488189976e-08,1.8400635847607798e-06,3.7269461235685714e-07,9.99999993922529e-09,0.000725218968000263,0.47699451446533203,70339.484375
bandmf_ime_sep_raw,215,0.500494639078776,1.8438224363611273e-06,1.3890928666585959e-08,1.8438224363611273e-06,3.7083099731679187e-07,3.3170355891343206e-05,0.0009828027104958892,0.5096014738082886,55.77511978149414
bandmf_ime_sep_raw,216,0.5006561279296875,1.8419093900471732e-06,1.3946209594569344e-08,1.8419093900471732e-06,3.69223423983082e-07,2.9033155442448333e-05,0.0008025562856346369,0.5058208107948303,84.35453033447266
bandmf_ime_sep_raw,217,0.4999504089355469,1.8413719686805052e-06,1.3992676609989966e-08,1.8413719686805052e-06,3.674013899039134e-07,1.278156469197711e-05,0.000970682012848556,0.49334657192230225,229.7113037109375
bandmf_ime_sep_raw,218,0.4999643961588542,1.8426764588260387e-06,1.4026205086281607e-08,1.8426764588260387e-06,3.652627545610206e-07,2.182113894377835e-05,0.0011150476057082415,0.5044687986373901,107.49658203125
bandmf_ime_sep_raw,219,0.5003687540690104,1.8420657662924593e-06,1.4079223194703635e-08,1.8420657662924593e-06,3.636530010453498e-07,2.771009530988522e-05,0.0009419037960469723,0.5076518654823303,129.65403747558594
bandmf_ime_sep_raw,220,0.49948883056640625,1.8475188596767111e-06,1.4135893270742864e-08,1.8475188596767111e-06,3.621541395659733e-07,2.879583917092532e-05,0.0009073653491213918,0.46775758266448975,94.50685119628906
bandmf_ime_sep_raw,221,0.49973424275716144,1.8409665566802384e-06,1.4174731277627473e-08,1.8409665566802384e-06,3.6021702006413153e-07,1.5889754649833776e-05,0.0009481916204094887,0.5042098760604858,60.30083084106445
bandmf_ime_sep_raw,222,0.4997355143229167,1.842101970813322e-06,1.4229920760241063e-08,1.842101970813322e-06,3.5871455613308473e-07,1.2561518815346062e-05,0.0010165279963985085,0.4621553122997284,105.71238708496094
bandmf_ime_sep_raw,223,0.5001144409179688,1.8410161146675819e-06,1.4262095319554172e-08,1.8410161146675819e-06,3.566518789928826e-07,5.2248535212129354e-05,0.0008474630303680897,0.4933079183101654,37.450157165527344
bandmf_ime_sep_raw,224,0.4999809265136719,1.8456160167564424e-06,1.4319030997948326e-08,1.8456160167564424e-06,3.552275297617295e-07,3.352769635966979e-05,0.0008186573977582157,0.4662877917289734,43.67568588256836
bandmf_ime_sep_raw,225,0.49999109903971356,1.8396149717621786e-06,1.4368034317868705e-08,1.8396149717621786e-06,3.536224338536916e-07,2.8190068405820057e-05,0.0008772806031629443,0.48398807644844055,70.27127838134766
bandmf_ime_sep_raw,226,0.5001322428385416,1.838235367775572e-06,1.4410403833172344e-08,1.838235367775572e-06,3.5187202366652553e-07,1.749162038322538e-05,0.0009779635583981872,0.49787238240242004,33.07500457763672
bandmf_ime_sep_raw,227,0.5006561279296875,1.8377373483720778e-06,1.444837912275195e-08,1.8377373483720778e-06,3.5003476739348116e-07,3.6900106351822615e-05,0.0008485387079417706,0.48243629932403564,65.409423828125
bandmf_ime_sep_raw,228,0.5000572204589844,1.8400231501421633e-06,1.450066755559476e-08,1.8400231501421633e-06,3.4856196625317654e-07,4.014534715679474e-05,0.0010177296353504062,0.5183929800987244,45.77017593383789
bandmf_ime_sep_raw,229,0.49962743123372394,1.838663488721674e-06,1.4559989288306005e-08,1.838663488721674e-06,3.4727199604844827e-07,1.1359487871231977e-05,0.0008719881298020482,0.5085679888725281,88.75083923339844
bandmf_ime_sep_raw,230,0.5004501342773438,1.8381514668893335e-06,1.4589553565258484e-08,1.8381514668893335e-06,3.4529005195812107e-07,3.177164762746543e-05,0.0009007154149003327,0.496168851852417,35.34074020385742
bandmf_ime_sep_raw,231,0.5007553100585938,1.8370448344739998e-06,1.4636576728399575e-08,1.8370448344739998e-06,3.4374072062822353e-07,2.2572590751224197e-05,0.0007820621831342578,0.4896297752857208,59.35759353637695
bandmf_ime_sep_raw,232,0.5002733866373698,1.837903923274098e-06,1.4689668259570965e-08,1.837903923274098e-06,3.4234912268023737e-07,1.186330246127909e-05,0.001002994948066771,0.48013266921043396,177.2822723388672
bandmf_ime_sep_raw,233,0.4999961853027344,1.8429551857934712e-06,1.474429485911107e-08,1.8429551857934712e-06,3.4100692166324126e-07,4.287072806619108e-05,0.0008868440636433661,0.47828513383865356,19.91794204711914
bandmf_ime_sep_raw,234,0.5000724792480469,1.8418404342431434e-06,1.4776710595872563e-08,1.8418404342431434e-06,3.3916773034547987e-07,1.3211985788075253e-05,0.000844059803057462,0.5243274569511414,166.55401611328125
bandmf_ime_sep_raw,235,0.5001602172851562,1.8430279501065645e-06,1.4836019783063628e-08,1.8430279501065645e-06,3.379619298489918e-07,1.2510831766121555e-05,0.0007962644449435174,0.5144897103309631,124.2423095703125
bandmf_ime_sep_raw,236,0.5001958211263021,1.8424602596193533e-06,1.4882677090710672e-08,1.8424602596193533e-06,3.3648104391659217e-07,2.685355684661772e-05,0.0010595819912850857,0.4631708264350891,114.88102722167969
bandmf_ime_sep_raw,237,0.4996795654296875,1.8420244269160928e-06,1.492590466038261e-08,1.8420244269160928e-06,3.349382531325773e-07,2.4082282834569924e-05,0.0007363616023212671,0.504753828048706,83.72004699707031
bandmf_ime_sep_raw,238,0.5001513163248698,1.840533874049773e-06,1.497012573163185e-08,1.840533874049773e-06,3.334338742888576e-07,3.156659658998251e-05,0.0008146627806127071,0.5104567408561707,66.94383239746094
bandmf_ime_sep_raw,239,0.5001182556152344,1.843732671128843e-06,1.500465829362696e-08,1.843732671128843e-06,3.3173077085280056e-07,4.77075191156473e-05,0.0007679976988583803,0.5084323287010193,28.64474105834961
bandmf_ime_sep_raw,240,0.5006484985351562,1.8389399703740612e-06,1.5065745614014265e-08,1.8389399703740612e-06,3.3062885052004276e-07,7.160365385061596e-06,0.0010323325404897332,0.5096533298492432,57.40855407714844
bandmf_ime_sep_raw,241,0.4992332458496094,1.8466568813361544e-06,1.5108933992813434e-08,1.8466568813361544e-06,3.2914658139778413e-07,3.271688910899684e-05,0.0009923981269821525,0.4981008768081665,33.17509460449219
bandmf_ime_sep_raw,242,0.5004018147786459,1.8385324125347324e-06,1.5166515672978182e-08,1.8385324125347324e-06,3.27990998509146e-07,2.820830741256941e-05,0.0007870278786867857,0.4852240979671478,75.69371032714844
bandmf_ime_sep_raw,243,0.5000317891438802,1.8416108294635098e-06,1.519516616236653e-08,1.8416108294635098e-06,3.262244282116929e-07,1.837106356106233e-05,0.0008280921611003578,0.5115717053413391,99.66194152832031
bandmf_ime_sep_raw,244,0.5001207987467448,1.844323117931405e-06,1.5247911377969103e-08,1.844323117931405e-06,3.249908952322282e-07,1.420665103069041e-05,0.0009822639403864741,0.48613107204437256,24.90041732788086
bandmf_ime_sep_raw,245,0.49965794881184894,1.8479661415919206e-06,1.528614190782207e-08,1.8479661415919206e-06,3.2346185345015027e-07,4.94396808790043e-05,0.000864217639900744,0.5098931193351746,33.399539947509766
bandmf_ime_sep_raw,246,0.5004603068033854,1.8473514179125534e-06,1.534668755039566e-08,1.8473514179125534e-06,3.224174243143807e-07,5.717880048905499e-05,0.000972919340711087,0.4921247363090515,22.145662307739258
bandmf_ime_sep_raw,247,0.5002962748209635,1.8428465532830767e-06,1.5381594368572376e-08,1.8428465532830767e-06,3.208470834200246e-07,9.99999993922529e-09,0.0009523083572275937,0.5140711069107056,256969.3125
bandmf_ime_sep_raw,248,0.5000991821289062,1.8432810170073328e-06,1.5426219709032314e-08,1.8432810170073328e-06,3.194946221659241e-07,3.356332308612764e-05,0.0008722543134354055,0.526684045791626,31.6885929107666
bandmf_ime_sep_raw,249,0.5002873738606771,1.8443798524003796e-06,1.5481335102762728e-08,1.8443798524003796e-06,3.183709781732584e-07,3.2249005016637966e-05,0.0008553062798455358,0.4983746409416199,18.75240135192871
bandmf_ime_sep_raw,250,0.5002848307291666,1.8441095051002776e-06,1.552485473510501e-08,1.8441095051002776e-06,3.170208771052785e-07,2.9122482374077663e-05,0.0008172309608198702,0.5081560611724854,23.934297561645508
bandmf_ime_sep_raw,251,0.5007731119791666,1.8445907509582564e-06,1.556113948808502e-08,1.8445907509582564e-06,3.1553713597531896e-07,2.1010759155615233e-05,0.0008453219197690487,0.5096639394760132,49.5960693359375
bandmf_ime_sep_raw,252,0.5001869201660156,1.8496028294142282e-06,1.561282643910052e-08,1.8496028294142282e-06,3.14378895656849e-07,1.3102351658744738e-05,0.0009925337508320808,0.49251067638397217,46.12092590332031
bandmf_ime_sep_raw,253,0.4997520446777344,1.8447947904102573e-06,1.5653907651606385e-08,1.8447947904102573e-06,3.1301920818312584e-07,2.809911165968515e-05,0.000910854316316545,0.4932546615600586,51.02119445800781
bandmf_ime_sep_raw,254,0.5004831949869791,1.8460307463404508e-06,1.5713625215833343e-08,1.8460307463404508e-06,3.120429733864209e-07,1.9319832063047215e-05,0.0009688531863503158,0.535260796546936,38.479286193847656
bandmf_ime_sep_raw,255,0.5004183451334635,1.8425469742548255e-06,1.5754218596342184e-08,1.8425469742548255e-06,3.106977288780399e-07,2.3056145437294617e-05,0.0008882158435881138,0.4874841868877411,52.83549118041992
bandmf_ime_sep_raw,256,0.5003585815429688,1.8436286239875699e-06,1.5806915406220885e-08,1.8436286239875699e-06,3.09602568175175e-07,9.838677215157077e-06,0.000749990635085851,0.5359998345375061,164.2333221435547
bandmf_ime_sep_raw,257,0.49998728434244794,1.840091002236477e-06,1.5837150331895106e-08,1.840091002236477e-06,3.080804565532465e-07,1.2989904462301638e-05,0.0008781250799074769,0.4876691699028015,54.25366973876953
bandmf_ime_sep_raw,258,0.5003128051757812,1.8446296081719993e-06,1.588831014901852e-08,1.8446296081719993e-06,3.069781714752177e-07,8.95174980541924e-06,0.0007711772341281176,0.5265839695930481,112.01214599609375
bandmf_ime_sep_raw,259,0.4997660319010417,1.8449800999557435e-06,1.5938416142446954e-08,1.8449800999557435e-06,3.058656439236529e-07,2.5649729650467634e-05,0.0007505807443521917,0.49794259667396545,58.90119552612305
bandmf_ime_sep_raw,260,0.5004285176595052,1.8420943301104369e-06,1.598675628914729e-08,1.8420943301104369e-06,3.047295535907324e-07,2.219960151705891e-05,0.0006828739424236119,0.5050838589668274,45.687744140625
bandmf_ime_sep_raw,261,0.49973297119140625,1.8466695195229477e-06,1.6015890761759504e-08,1.8466695195229477e-06,3.0323996469405756e-07,2.695802686503157e-05,0.0007861874182708561,0.5276156663894653,133.59471130371094
bandmf_ime_sep_raw,262,0.4996910095214844,1.8399917678380007e-06,1.6056981670213116e-08,1.8399917678380007e-06,3.0199055937411384e-07,2.892681186494883e-05,0.0009280915837734938,0.5137097835540771,100.18097686767578
bandmf_ime_sep_raw,263,0.49951934814453125,1.8419835375501255e-06,1.6118160139910742e-08,1.8419835375501255e-06,3.01128115628065e-07,3.656935223261826e-05,0.0009691548184491694,0.5088245868682861,60.69932556152344
bandmf_ime_sep_raw,264,0.5001093546549479,1.8480507103883308e-06,1.6178853146087135e-08,1.8480507103883308e-06,3.0026374039001286e-07,5.935972512816079e-05,0.0009581804624758661,0.5091768503189087,32.46533966064453
bandmf_ime_sep_raw,265,0.49990208943684894,1.8453843514028752e-06,1.621314823137728e-08,1.8453843514028752e-06,2.9891936037529376e-07,1.854800939327106e-05,0.0007643290446139872,0.525700569152832,67.71134185791016
bandmf_ime_sep_raw,266,0.4993896484375,1.847629169067962e-06,1.6249197469046333e-08,1.847629169067962e-06,2.9762019456332684e-07,4.686406464315951e-05,0.0008463381673209369,0.5383676290512085,42.543052673339844
bandmf_ime_sep_raw,267,0.4996236165364583,1.8478167902458154e-06,1.6295222800740323e-08,1.8478167902458154e-06,2.965150353399319e-07,3.5409568226896226e-05,0.0008342284127138555,0.507429838180542,75.85336303710938
bandmf_ime_sep_raw,268,0.5001703898111979,1.8410378762231023e-06,1.634944631530762e-08,1.8410378762231023e-06,2.9556805003494446e-07,1.7653577742748894e-05,0.000764409895054996,0.5139456391334534,62.32322692871094
bandmf_ime_sep_raw,269,0.5001424153645834,1.8446387646993874e-06,1.6380347004722278e-08,1.8446387646993874e-06,2.942100536529324e-07,3.2030235161073506e-05,0.0008956313249655068,0.48807066679000854,49.50672912597656
bandmf_ime_sep_raw,270,0.5000597635904948,1.8489175204194908e-06,1.6411003815145857e-08,1.8489175204194908e-06,2.9286110011147076e-07,7.077297595969867e-06,0.0006583267240785062,0.5192279815673828,270.26885986328125
bandmf_ime_sep_raw,271,0.49967193603515625,1.8503572600063005e-06,1.645318222405952e-08,1.8503572600063005e-06,2.9172957027867596e-07,4.76249770144932e-05,0.0009534197160974145,0.5152258276939392,31.49848175048828
bandmf_ime_sep_raw,272,0.5000012715657552,1.8495391695220558e-06,1.6520832775886635e-08,1.8495391695220558e-06,2.910569480244855e-07,3.0778934160480276e-05,0.0010270191123709083,0.4873456060886383,28.752403259277344
bandmf_ime_sep_raw,273,0.5001360575358073,1.8466369387700372e-06,1.6545085079755495e-08,1.8466369387700372e-06,2.8962921305719647e-07,2.374144969508052e-05,0.0008548853802494705,0.49009791016578674,40.43207550048828
bandmf_ime_sep_raw,274,0.4997393290201823,1.847106560148859e-06,1.658785582966023e-08,1.847106560148859e-06,2.885376654641429e-07,2.7643436624202877e-06,0.0009327687439508736,0.5064462423324585,464.08502197265625
bandmf_ime_sep_raw,275,0.49996693929036456,1.8458128181464417e-06,1.6627363856140203e-08,1.8458128181464417e-06,2.8739948258286557e-07,1.7402448065695353e-05,0.0008150805369950831,0.5148481130599976,86.67896270751953
bandmf_ime_sep_raw,276,0.5001691182454427,1.8456729028078673e-06,1.6697855246642728e-08,1.8456729028078673e-06,2.868039625051703e-07,9.71736153587699e-06,0.0007154951454140246,0.5256386995315552,98.40252685546875
bandmf_ime_sep_raw,277,0.5004145304361979,1.8447462271827437e-06,1.6721838876539625e-08,1.8447462271827437e-06,2.854181329799606e-07,2.194079934270121e-05,0.0007243535947054625,0.5645506381988525,31.520355224609375
bandmf_ime_sep_raw,278,0.5000254313151041,1.8435462815583985e-06,1.6779217052823963e-08,1.8435462815583985e-06,2.8461226264653305e-07,6.714419669151539e-06,0.0007169150630943477,0.5460764169692993,110.75741577148438
bandmf_ime_sep_raw,279,0.5000178019205729,1.8468882624726273e-06,1.68038050141206e-08,1.8468882624726273e-06,2.832598238929525e-07,2.046047848125454e-05,0.000814655504655093,0.5596532225608826,177.4897003173828
bandmf_ime_sep_raw,280,0.5003204345703125,1.8461028711650822e-06,1.6862545730115624e-08,1.8461028711650822e-06,2.82492753929849e-07,3.516524884616956e-05,0.0008366535184904933,0.5185456275939941,23.291400909423828
bandmf_ime_sep_raw,281,0.5001118977864584,1.8475710419352254e-06,1.6893483352949563e-08,1.8475710419352254e-06,2.812684509005218e-07,1.2193737347843125e-05,0.000953738868702203,0.5386425852775574,46.93415069580078
bandmf_ime_sep_raw,282,0.499847412109375,1.8496262536397505e-06,1.694586093670125e-08,1.8496262536397505e-06,2.8041027633207705e-07,2.8147762350272387e-05,0.0008458882221020758,0.5081303715705872,36.03187561035156
bandmf_ime_sep_raw,283,0.5002009073893229,1.8419253014675026e-06,1.697800796248335e-08,1.8419253014675026e-06,2.7922632384047574e-07,1.153308494394878e-05,0.0007192064076662064,0.5375951528549194,160.8919219970703
bandmf_ime_sep_raw,284,0.5002759297688802,1.8410895847864595e-06,1.7025295247682e-08,1.8410895847864595e-06,2.7830080876848723e-07,3.344427022966556e-05,0.0007528068381361663,0.5126950144767761,53.494667053222656
bandmf_ime_sep_raw,285,0.5003318786621094,1.839261244640511e-06,1.7068458128359037e-08,1.839261244640511e-06,2.7731605219590466e-07,3.382991781109013e-05,0.0007467902032658458,0.511974573135376,45.06004333496094
bandmf_ime_sep_raw,286,0.49990081787109375,1.8393177422619071e-06,1.7118318540454425e-08,1.8393177422619071e-06,2.7644793239763504e-07,1.6337271517841145e-05,0.0007461789646185935,0.514858067035675,90.63192749023438
bandmf_ime_sep_raw,287,0.5004043579101562,1.844677958236692e-06,1.715898712006947e-08,1.844677958236692e-06,2.754393134315099e-07,3.172306242049672e-05,0.000798023771494627,0.5263881683349609,69.6522445678711
bandmf_ime_sep_raw,288,0.500207265218099,1.8430632782913865e-06,1.71875813581579e-08,1.8430632782913865e-06,2.742467716624712e-07,1.5842750144656748e-05,0.0008097622776404023,0.5209782123565674,110.19387817382812
bandmf_ime_sep_raw,289,0.5004005432128906,1.8418904848734503e-06,1.7249122722754844e-08,1.8418904848734503e-06,2.735877527489568e-07,1.2918072570755612e-05,0.0007991290767677128,0.5427272319793701,105.52315521240234
bandmf_ime_sep_raw,290,0.5003522237141927,1.840489986193461e-06,1.7272096123714203e-08,1.840489986193461e-06,2.7232531607523924e-07,1.5033662748464849e-05,0.0008340958156622946,0.51859050989151,136.85496520996094
bandmf_ime_sep_raw,291,0.500244140625,1.8440723863477615e-06,1.7316909091865302e-08,1.8440723863477615e-06,2.714168800821426e-07,2.062259773083497e-05,0.0009101749747060239,0.5267034769058228,58.48149490356445
bandmf_ime_sep_raw,292,0.5001843770345052,1.8393103905130677e-06,1.735406078099781e-08,1.8393103905130677e-06,2.7039665913738037e-07,2.7072333978139795e-05,0.0007703326409682631,0.5329717993736267,24.777099609375
bandmf_ime_sep_raw,293,0.5004119873046875,1.8372543072094534e-06,1.741088221744273e-08,1.8372543072094534e-06,2.696899308318734e-07,2.5393255782546476e-05,0.0008747575338929892,0.513728141784668,34.322410583496094
bandmf_ime_sep_raw,294,0.5003623962402344,1.8440931673543066e-06,1.7450919524245972e-08,1.8440931673543066e-06,2.687300065436678e-07,4.017462924821302e-05,0.0008204277837648988,0.5450723767280579,42.50751876831055
bandmf_ime_sep_raw,295,0.49983851114908856,1.8458227420599844e-06,1.7491884607423458e-08,1.8458227420599844e-06,2.6779237790227245e-07,2.4460916392854415e-05,0.0007980908849276602,0.5183666348457336,97.22013092041016
bandmf_ime_sep_raw,296,0.5000597635904948,1.8435488253013925e-06,1.7509132144155615e-08,1.8435488253013925e-06,2.6650172439228e-07,2.413297443126794e-05,0.00088340207003057,0.5210797190666199,37.90351104736328
bandmf_ime_sep_raw,297,0.5001271565755209,1.8355528510483055e-06,1.75810795551475e-08,1.8355528510483055e-06,2.660507310755141e-07,4.877008541370742e-05,0.0008626828785054386,0.5175555944442749,50.015079498291016
bandmf_ime_sep_raw,298,0.5000521341959635,1.8392727980653945e-06,1.7630079914473146e-08,1.8392727980653945e-06,2.6525687365127243e-07,5.229824091657065e-05,0.0009268301073461771,0.5383832454681396,39.76432800292969
bandmf_ime_sep_raw,299,0.499847412109375,1.842654389368666e-06,1.7652936964059524e-08,1.842654389368666e-06,2.6407808798959803e-07,1.6785441403044388e-05,0.0008962027495726943,0.5067394375801086,41.49909973144531
bandmf_ime_sep_raw,300,0.5000584920247396,1.8406178886228493e-06,1.767952495512759e-08,1.8406178886228493e-06,2.6296545385662284e-07,1.6121019143611193e-05,0.0007996479980647564,0.5702282786369324,132.60060119628906
bandmf_ime_sep_raw,301,0.4998372395833333,1.8397404393984591e-06,1.774395822865908e-08,1.8397404393984591e-06,2.6242242275505606e-07,4.591031938616652e-06,0.0007097770576365292,0.5351589322090149,241.31613159179688
bandmf_ime_sep_raw,302,0.4996757507324219,1.8399816923420076e-06,1.7783937877879907e-08,1.8399816923420076e-06,2.615232119751454e-07,2.046791087195743e-05,0.0008518689428456128,0.5353140830993652,33.83869934082031
bandmf_ime_sep_raw,303,0.5003369649251302,1.8403534719861152e-06,1.7820412627026865e-08,1.8403534719861152e-06,2.6058013939215624e-07,4.018121398985386e-05,0.0008275831933133304,0.5406208634376526,66.10455322265625
bandmf_ime_sep_raw,304,0.49982452392578125,1.8381461330818638e-06,1.7853355016583805e-08,1.8381461330818638e-06,2.59593587514928e-07,2.3418424461851828e-05,0.0008059527608565986,0.5494070053100586,40.57957077026367
bandmf_ime_sep_raw,305,0.4999834696451823,1.838917176163098e-06,1.7902521539288802e-08,1.838917176163098e-06,2.5885010757065174e-07,4.594022175297141e-05,0.000760649039875716,0.5359805822372437,35.523529052734375
bandmf_ime_sep_raw,306,0.4994214375813802,1.8404793943697466e-06,1.7945287330197363e-08,1.8404793943697466e-06,2.580202386563239e-07,2.0772562493220903e-05,0.0007868314860388637,0.5230636596679688,38.66475296020508
bandmf_ime_sep_raw,307,0.5000534057617188,1.840171435674165e-06,1.7986617750764822e-08,1.840171435674165e-06,2.57176444288613e-07,1.2028358469251543e-05,0.000716964656021446,0.5569685697555542,137.69322204589844
bandmf_ime_sep_raw,308,0.5000152587890625,1.8412093301852412e-06,1.8013606902419117e-08,1.8412093301852412e-06,2.561356081306106e-07,1.2510320630099159e-05,0.0008140479330904782,0.5386382341384888,56.532711029052734
bandmf_ime_sep_raw,309,0.49988047281901044,1.8404494663097164e-06,1.80685000295e-08,1.8404494663097164e-06,2.554982880080085e-07,2.076878081425093e-05,0.000841780100017786,0.5688335299491882,71.157470703125
bandmf_ime_sep_raw,310,0.4994646708170573,1.8420514606987126e-06,1.8107765361226786e-08,1.8420514606987126e-06,2.5464582383468343e-07,2.973130722239148e-05,0.0008143849554471672,0.5300387740135193,41.06453323364258
bandmf_ime_sep_raw,311,0.49999109903971356,1.8421483408322577e-06,1.8142792823638842e-08,1.8421483408322577e-06,2.537409370025519e-07,2.4753317120485008e-05,0.0006990680121816695,0.5660042762756348,86.23175811767578
bandmf_ime_sep_raw,312,0.49950536092122394,1.841333390946905e-06,1.8164957464132197e-08,1.841333390946905e-06,2.5266455831266893e-07,3.169643969158642e-05,0.0008029337041079998,0.5183230042457581,55.494598388671875
bandmf_ime_sep_raw,313,0.49969736735026044,1.841312155193009e-06,1.8219251440854123e-08,1.841312155193009e-06,2.520419156345118e-07,3.837014810414985e-05,0.0008130615460686386,0.533354640007019,44.10670852661133
bandmf_ime_sep_raw,314,0.49986012776692706,1.8411681802869377e-06,1.8259808184003152e-08,1.8411681802869377e-06,2.5123476987687354e-07,6.684284016955644e-05,0.0007284395978786051,0.5553961992263794,32.947452545166016
bandmf_ime_sep_raw,315,0.4999949137369792,1.8401142654056457e-06,1.8303706254367096e-08,1.8401142654056457e-06,2.5047971163871807e-07,4.215785156702623e-05,0.0006321925320662558,0.5447630882263184,62.540931701660156
bandmf_ime_sep_raw,316,0.4997876485188802,1.8433993792162557e-06,1.8341474339322872e-08,1.8433993792162557e-06,2.496469709474998e-07,5.2424173190956935e-05,0.0007164750131778419,0.5569862127304077,25.994197845458984
bandmf_ime_sep_raw,317,0.4994913736979167,1.8437713436014747e-06,1.8381438445421356e-08,1.8437713436014747e-06,2.4885062425520726e-07,2.256338302686345e-05,0.0006617929902859032,0.5695505142211914,132.35693359375
bandmf_ime_sep_raw,318,0.500036875406901,1.8413250870707998e-06,1.8415077907008026e-08,1.8413250870707998e-06,2.4797546297842626e-07,6.338480943668401e-06,0.0008353265002369881,0.5548876523971558,223.02206420898438
bandmf_ime_sep_raw,319,0.5000165303548177,1.8406407491511345e-06,1.8454762755008385e-08,1.8406407491511345e-06,2.4718834742050905e-07,1.8344416048421408e-06,0.0007906288374215364,0.5515207648277283,1505.883544921875
bandmf_ime_sep_raw,320,0.5001818339029948,1.847175965963288e-06,1.849995838002864e-08,1.847175965963288e-06,2.464807747533844e-07,2.9614322556881234e-05,0.000796314503531903,0.557421088218689,34.088375091552734
bandmf_ime_sep_raw,321,0.5001729329427084,1.841398130864036e-06,1.8535614672761842e-08,1.841398130864036e-06,2.456520770503327e-07,1.8387165255262516e-05,0.0007096577319316566,0.5415550470352173,71.5145034790039
bandmf_ime_sep_raw,322,0.5005378723144531,1.8420130913909816e-06,1.857044518160933e-08,1.8420130913909816e-06,2.4481918714513995e-07,2.8857364668510854e-05,0.0009251436567865312,0.5324184894561768,82.76394653320312
bandmf_ime_sep_raw,323,0.5003026326497396,1.838470036356436e-06,1.860083946129502e-08,1.838470036356436e-06,2.4393472249547205e-07,1.842848905653227e-05,0.00076737703057006,0.5400140285491943,70.014404296875
bandmf_ime_sep_raw,324,0.500115712483724,1.838663488721674e-06,1.8660085624825722e-08,1.838663488721674e-06,2.434336915750161e-07,3.7593832530546933e-05,0.0008363946108147502,0.5680944919586182,43.27028274536133
bandmf_ime_sep_raw,325,0.5003471374511719,1.844257207987236e-06,1.8703172788292477e-08,1.844257207987236e-06,2.427262243050639e-07,3.294172347523272e-05,0.0007226824527606368,0.5552821159362793,33.53710174560547
bandmf_ime_sep_raw,326,0.5001373291015625,1.8375263029687023e-06,1.8732532710193556e-08,1.8375263029687023e-06,2.4184681398272306e-07,1.2792654160875827e-05,0.0008409800357185304,0.5177334547042847,159.39756774902344
bandmf_ime_sep_raw,327,0.5001742045084635,1.8372945334022006e-06,1.8758028537864863e-08,1.8372945334022006e-06,2.409249617585374e-07,3.1071296689333394e-05,0.0007128927973099053,0.5586280822753906,33.92665481567383
bandmf_ime_sep_raw,328,0.500298817952474,1.8377986729471256e-06,1.8820025093901904e-08,1.8377986729471256e-06,2.4047690061479443e-07,2.6014293325715698e-05,0.0007473312434740365,0.5448211431503296,53.508140563964844
bandmf_ime_sep_raw,329,0.5006332397460938,1.843297596337834e-06,1.8849715936279193e-08,1.843297596337834e-06,2.396208251080149e-07,2.0541785488603637e-05,0.0007448726100847125,0.513898491859436,94.91674041748047
bandmf_ime_sep_raw,330,0.5000661214192709,1.8406265619811772e-06,1.8902517107122208e-08,1.8406265619811772e-06,2.3906394019945765e-07,2.7871488782693632e-05,0.000730647356249392,0.5435508489608765,40.72949981689453
bandmf_ime_sep_raw,331,0.5000457763671875,1.8367481734079167e-06,1.8922385066251952e-08,1.8367481734079167e-06,2.3809633316792164e-07,1.2931099263369106e-05,0.0007774733239784837,0.5441672801971436,58.100379943847656
bandmf_ime_sep_raw,332,0.49997838338216144,1.8429046756788618e-06,1.898072010675378e-08,1.8429046756788618e-06,2.376183256084611e-07,3.814828232862055e-05,0.0008553039515390992,0.5357838273048401,40.30696487426758
bandmf_ime_sep_raw,333,0.5002123514811198,1.8374177509864846e-06,1.900817547806355e-08,1.8374177509864846e-06,2.367586737032449e-07,3.8268142816377804e-05,0.000730892934370786,0.5458607077598572,64.17257690429688
bandmf_ime_sep_raw,334,0.5008430480957031,1.8424480430212498e-06,1.9063836361373394e-08,1.8424480430212498e-06,2.3625530450506935e-07,2.5405090582353296e-06,0.0005460233660414815,0.5607321858406067,431.001708984375
bandmf_ime_sep_raw,335,0.500091552734375,1.8443785923712615e-06,1.9081780600060938e-08,1.8443785923712615e-06,2.3529020924210423e-07,2.8153115636087023e-05,0.0007939567440189421,0.5484488010406494,64.68984985351562
bandmf_ime_sep_raw,336,0.49977747599283856,1.8402571034433397e-06,1.9128409448991118e-08,1.8402571034433397e-06,2.3468482327852294e-07,1.956204869202338e-05,0.0007918396731838584,0.577829897403717,46.20963668823242
bandmf_ime_sep_raw,337,0.5000089009602865,1.845138186240547e-06,1.9159883457575688e-08,1.845138186240547e-06,2.3389879721946727e-07,1.7108293832279742e-05,0.0008355174795724452,0.5574091672897339,80.04437255859375
bandmf_ime_sep_raw,338,0.5002924601236979,1.8433225742834718e-06,1.921460331584986e-08,1.8433225742834718e-06,2.3340117335142926e-07,3.022441887878813e-05,0.0007477134349755943,0.5270675420761108,52.252071380615234
bandmf_ime_sep_raw,339,0.5001029968261719,1.8446068423827455e-06,1.923300141370987e-08,1.8446068423827455e-06,2.3246780382161583e-07,3.6625246139010414e-05,0.0007910793647170067,0.5422552824020386,48.872371673583984
bandmf_ime_sep_raw,340,0.5003585815429688,1.844520075640806e-06,1.926698386019628e-08,1.844520075640806e-06,2.317292491227363e-07,1.978665022761561e-05,0.0008585933246649802,0.5622409582138062,41.38094711303711
bandmf_ime_sep_raw,341,0.5001551310221354,1.8447481977545976e-06,1.93233454422644e-08,1.8447481977545976e-06,2.3126425989043278e-07,4.0107479435391724e-05,0.000908365473151207,0.5638043284416199,64.22319793701172
bandmf_ime_sep_raw,342,0.5004870096842448,1.8399353223230719e-06,1.934499745577985e-08,1.8399353223230719e-06,2.3038866991953455e-07,3.907636710209772e-05,0.0008912168559618294,0.5612502098083496,27.372556686401367
bandmf_ime_sep_raw,343,0.5000483194986979,1.840308954115244e-06,1.938502699102192e-08,1.840308954115244e-06,2.2973788264361397e-07,3.186034518876113e-05,0.0007130596204660833,0.5541389584541321,41.7757568359375
bandmf_ime_sep_raw,344,0.49978001912434894,1.8427104606644207e-06,1.9423898637664177e-08,1.8427104606644207e-06,2.2907820766230694e-07,1.2254259672772605e-05,0.0006858946871943772,0.5627051591873169,90.95620727539062
bandmf_ime_sep_raw,345,0.49968210856119794,1.8397417704818508e-06,1.9464090857586786e-08,1.8397417704818508e-06,2.2843874051640492e-07,1.8690694560064003e-05,0.0008401381783187389,0.5344118475914001,147.48973083496094
bandmf_ime_sep_raw,346,0.500372568766276,1.8393334736780769e-06,1.9494902581129736e-08,1.8393334736780769e-06,2.2769431022121958e-07,7.062089935061522e-06,0.0007162338588386774,0.5407575368881226,64.16914367675781
bandmf_ime_sep_raw,347,0.5002148946126302,1.8428040059840594e-06,1.953526977220103e-08,1.8428040059840594e-06,2.2706654689841343e-07,1.3187333024688996e-05,0.0008235330460593104,0.5295886993408203,68.00495910644531
bandmf_ime_sep_raw,348,0.4999249776204427,1.8397476869343639e-06,1.958138917679264e-08,1.8397476869343639e-06,2.2650984909944327e-07,1.843524478317704e-05,0.0006789519102312624,0.5680109262466431,84.17445373535156
bandmf_ime_sep_raw,349,0.49958038330078125,1.8459770577313368e-06,1.962059840524925e-08,1.8459770577313368e-06,2.258774435640968e-07,2.8102997021051124e-05,0.0007793445256538689,0.5865162014961243,41.608001708984375
bandmf_ime_sep_raw,350,0.5001780192057291,1.845860088186176e-06,1.9655227519640068e-08,1.845860088186176e-06,2.2519698224717408e-07,1.447857175662648e-05,0.0008121334831230342,0.5403125286102295,239.6146240234375
bandmf_ime_sep_raw,351,0.4999351501464844,1.8460800343215549e-06,1.9675736077455024e-08,1.8460800343215549e-06,2.2436059884019718e-07,1.2647339644900057e-05,0.0007633233326487243,0.5748816132545471,110.44244384765625
bandmf_ime_sep_raw,352,0.5004018147786459,1.8405391415399208e-06,1.9706767255082507e-08,1.8405391415399208e-06,2.2365002886696553e-07,1.9986866391263902e-05,0.0006262533715926111,0.5721278190612793,42.64860916137695
bandmf_ime_sep_raw,353,0.5003878275553385,1.8426484113357826e-06,1.9755926228270937e-08,1.8426484113357826e-06,2.231494740101425e-07,3.462527092779055e-05,0.0008258220623247325,0.5627773404121399,58.702518463134766
bandmf_ime_sep_raw,354,0.49965794881184894,1.846223867119079e-06,1.9812582315500055e-08,1.846223867119079e-06,2.2273648999278825e-07,3.5776683944277465e-05,0.0007458762265741825,0.5807616710662842,41.3934211730957
bandmf_ime_sep_raw,355,0.5002593994140625,1.845500558298833e-06,1.982206169574378e-08,1.845500558298833e-06,2.217981478480624e-07,4.615783836925402e-05,0.0006522689945995808,0.5736265182495117,36.14226531982422
bandmf_ime_sep_raw,356,0.5000394185384115,1.8435317106953637e-06,1.9864776638437814e-08,1.8435317106953637e-06,2.2123721699074395e-07,2.3122667698771693e-05,0.0008991251233965158,0.5585578680038452,168.2469482421875
bandmf_ime_sep_raw,357,0.4997202555338542,1.8435231747086316e-06,1.9914516110238385e-08,1.8435231747086316e-06,2.2075803999636415e-07,2.5466206352575682e-05,0.000649269379209727,0.5578814744949341,84.34354400634766
bandmf_ime_sep_raw,358,0.49961217244466144,1.8474432768774325e-06,1.9960455806729744e-08,1.8474432768774325e-06,2.2024004013114032e-07,3.745040521607734e-05,0.0007108997670002282,0.5536777377128601,41.16257858276367
bandmf_ime_sep_raw,359,0.5000813802083334,1.8405452379965936e-06,1.996642962076578e-08,1.8405452379965936e-06,2.1928656046554806e-07,1.684224116615951e-05,0.0006809482583776116,0.5627213716506958,260.184814453125
bandmf_ime_sep_raw,360,0.49993260701497394,1.8393016887330305e-06,2.002047801615466e-08,1.8393016887330305e-06,2.188661181179441e-07,1.9006200091098435e-05,0.0007952150772325695,0.6200568079948425,82.4610595703125
bandmf_ime_sep_raw,361,0.500067392985026,1.8450918588541754e-06,2.003816024220839e-08,1.8450918588541754e-06,2.1805244720951578e-07,2.9200064091128297e-05,0.0008591585210524499,0.5440834760665894,116.87977600097656
bandmf_ime_sep_raw,362,0.4998359680175781,1.844277491613866e-06,2.0096719251701718e-08,1.844277491613866e-06,2.1768772562325012e-07,3.743830893654376e-05,0.0008213198161683977,0.5769231915473938,30.130525588989258
bandmf_ime_sep_raw,363,0.49987538655598956,1.8414912593319361e-06,2.011872912710544e-08,1.8414912593319361e-06,2.1693090642334786e-07,1.037887250276981e-05,0.0008338100160472095,0.5156736969947815,96.79353332519531
bandmf_ime_sep_raw,364,0.4997151692708333,1.83995870391603e-06,2.0143797148837923e-08,1.83995870391603e-06,2.1621255245444596e-07,4.989020453649573e-05,0.000752682622987777,0.5693303346633911,41.481719970703125
bandmf_ime_sep_raw,365,0.5001754760742188,1.841773742701965e-06,2.0190524659587556e-08,1.841773742701965e-06,2.157309187585573e-07,1.9517259715939872e-05,0.0007912421715445817,0.5388477444648743,59.331878662109375
bandmf_ime_sep_raw,366,0.49967320760091144,1.8393509956619407e-06,2.022180215869677e-08,1.8393509956619407e-06,2.1508809252187197e-07,3.44552390743047e-05,0.0008351761498488486,0.53456711769104,38.429481506347656
bandmf_ime_sep_raw,367,0.4996910095214844,1.837737580482705e-06,2.026392801705394e-08,1.837737580482705e-06,2.145646652943848e-07,1.8216134776594117e-05,0.0008249182719737291,0.5488564968109131,103.84716796875
bandmf_ime_sep_raw,368,0.5001182556152344,1.8388942398435877e-06,2.0303918694490147e-08,1.8388942398435877e-06,2.140222121009098e-07,2.8866548746009357e-05,0.0007338449358940125,0.5790195465087891,92.58820343017578
bandmf_ime_sep_raw,369,0.4997571309407552,1.8394097291244786e-06,2.0318633220384186e-08,1.8394097291244786e-06,2.1321816786231315e-07,5.955975666438462e-06,0.000747855578083545,0.5564915537834167,315.2030029296875
bandmf_ime_sep_raw,370,0.49973297119140625,1.8380663249217832e-06,2.0365524896111726e-08,1.8380663249217832e-06,2.1275626534607758e-07,1.6633050108794123e-05,0.0007058882038109004,0.5510838627815247,69.17729949951172
bandmf_ime_sep_raw,371,0.5002339680989584,1.8404062037310116e-06,2.0414140896226247e-08,1.8404062037310116e-06,2.1231529127400486e-07,4.854038706980646e-06,0.0007198434323072433,0.574469268321991,137.95396423339844
bandmf_ime_sep_raw,372,0.4999338785807292,1.8367748613930719e-06,2.042516696517301e-08,1.8367748613930719e-06,2.1148781984929124e-07,4.88780606247019e-05,0.0007917228504084051,0.5465645790100098,35.66831588745117
bandmf_ime_sep_raw,373,0.4999834696451823,1.8421799410361928e-06,2.046439151470736e-08,1.8421799410361928e-06,2.1095723923281184e-07,5.6427292292937636e-05,0.0008964129374362528,0.5813155174255371,25.701906204223633
bandmf_ime_sep_raw,374,0.5001983642578125,1.8432777958802642e-06,2.0507453735163494e-08,1.8432777958802642e-06,2.1046951204084507e-07,1.99162259377772e-05,0.0009070587111636996,0.5650708079338074,43.57981872558594
bandmf_ime_sep_raw,375,0.4997825622558594,1.8407298512101988e-06,2.0557160048303064e-08,1.8407298512101988e-06,2.100529012949437e-07,2.5980809368775226e-05,0.0008500494877807796,0.5480157732963562,74.70218658447266
bandmf_ime_sep_raw,376,0.49970118204752606,1.8336271949692673e-06,2.0583707923312506e-08,1.8336271949692673e-06,2.0940329766479712e-07,2.8712798666674644e-05,0.0008343086228705943,0.5266900658607483,48.32061767578125
bandmf_ime_sep_raw,377,0.49999237060546875,1.839987684585746e-06,2.060533262534155e-08,1.839987684585746e-06,2.0870833239428066e-07,2.7390413379180245e-05,0.0008171079098246992,0.5688747763633728,54.28310775756836
bandmf_ime_sep_raw,378,0.49976221720377606,1.841867946457872e-06,2.0653897259137466e-08,1.841867946457872e-06,2.0828999858224506e-07,1.4024291886016726e-05,0.0007083506206981838,0.5607775449752808,72.55191040039062
bandmf_ime_sep_raw,379,0.4998207092285156,1.8429817979874012e-06,2.0674783366795662e-08,1.8429817979874012e-06,2.0759633538129188e-07,1.6815747585496865e-05,0.0006830552592873573,0.5890198945999146,44.716949462890625
bandmf_ime_sep_raw,380,0.4999961853027344,1.8416997988879302e-06,2.0725642313479398e-08,1.8416997988879302e-06,2.0720724217918965e-07,2.8182725145597942e-05,0.00066919787786901,0.5567053556442261,74.39933776855469
bandmf_ime_sep_raw,381,0.5001653035481771,1.8441896543208713e-06,2.0743794533946886e-08,1.8441896543208713e-06,2.0649501072019424e-07,2.5334693418699317e-05,0.0006770959007553756,0.593751847743988,31.55974578857422
bandmf_ime_sep_raw,382,0.49997202555338544,1.84330436544163e-06,2.0800987525030717e-08,1.84330436544163e-06,2.0617469864703253e-07,4.2818293877644464e-05,0.0007607997395098209,0.5399632453918457,61.597633361816406
bandmf_ime_sep_raw,383,0.5004069010416666,1.8398633538178426e-06,2.0823819705621343e-08,1.8398633538178426e-06,2.0551707180516132e-07,2.1656809622072615e-05,0.00081947649596259,0.5776940584182739,48.73924255371094
bandmf_ime_sep_raw,384,0.500091552734375,1.8360654886843502e-06,2.0864495834752954e-08,1.8360654886843502e-06,2.0503937451602874e-07,1.8907150661107153e-05,0.0007796940626576543,0.5492299795150757,54.556819915771484
bandmf_ime_sep_raw,385,0.49997838338216144,1.8362278382255681e-06,2.087776144558499e-08,1.8362278382255681e-06,2.0429653228385783e-07,2.67859340965515e-05,0.0009699944057501853,0.5544604063034058,51.471580505371094
bandmf_ime_sep_raw,386,0.5002428690592448,1.8326704349647116e-06,2.092705956672584e-08,1.8326704349647116e-06,2.0391010006430102e-07,1.4890927559463307e-05,0.0007490204297937453,0.5898394584655762,194.33595275878906
bandmf_ime_sep_raw,387,0.5004920959472656,1.8368400844792632e-06,2.0971375747080856e-08,1.8368400844792632e-06,2.0347767559769636e-07,2.7769205189542845e-05,0.0007387858931906521,0.5914633274078369,36.01125717163086
bandmf_ime_sep_raw,388,0.5001627604166666,1.835642914708539e-06,2.099357273207166e-08,1.835642914708539e-06,2.028341761217689e-07,1.0643929272191599e-05,0.0008259096066467464,0.5544452667236328,42.8014030456543
bandmf_ime_sep_raw,389,0.5001335144042969,1.8400631015917195e-06,2.1028554379280234e-08,1.8400631015917195e-06,2.0231821729055355e-07,4.276569598005153e-05,0.0008343330700881779,0.5510097742080688,34.804752349853516
bandmf_ime_sep_raw,390,0.5001983642578125,1.8409883561313716e-06,2.1069997894566466e-08,1.8409883561313716e-06,2.0186745312381996e-07,3.8417510950239375e-05,0.0007355092093348503,0.5466426610946655,50.09151840209961
bandmf_ime_sep_raw,391,0.5002365112304688,1.8402762170429317e-06,2.1104642404049894e-08,1.8402762170429317e-06,2.0135467219499029e-07,4.823932613362558e-05,0.0007295672548934817,0.5703354477882385,34.3166618347168
bandmf_ime_sep_raw,392,0.5000813802083334,1.840330777251135e-06,2.113736881822111e-08,1.840330777251135e-06,2.0082711849056523e-07,3.771048432099633e-05,0.0007875854498706758,0.5776748061180115,44.08605194091797
bandmf_ime_sep_raw,393,0.5001970926920573,1.8401410102342197e-06,2.1169094699402535e-08,1.8401410102342197e-06,2.0029353642314618e-07,3.453200770309195e-05,0.0007867301465012133,0.587255597114563,56.95342254638672
bandmf_ime_sep_raw,394,0.5002301534016927,1.8406260077578433e-06,2.1199934844654916e-08,1.8406260077578433e-06,1.997550936512956e-07,8.19552496977849e-06,0.0007748572388663888,0.5640604496002197,135.7398681640625
bandmf_ime_sep_raw,395,0.5004119873046875,1.839719535231173e-06,2.1235037580188038e-08,1.839719535231173e-06,1.9926017635896187e-07,1.9759494534810074e-05,0.000685880717355758,0.5826508402824402,35.37594223022461
bandmf_ime_sep_raw,396,0.5005226135253906,1.8420069286169867e-06,2.1261763238911158e-08,1.8420069286169867e-06,1.9869023285915924e-07,2.3708458684268408e-05,0.0007896657334640622,0.5918041467666626,91.45829772949219
bandmf_ime_sep_raw,397,0.4999949137369792,1.8408486113230538e-06,2.1315457103080842e-08,1.8408486113230538e-06,1.9837505268090658e-07,3.857386764138937e-05,0.0007138382061384618,0.5814040303230286,37.37181854248047
bandmf_ime_sep_raw,398,0.5000890096028646,1.8381713810337412e-06,2.1346066840048177e-08,1.8381713810337412e-06,1.9784770148116118e-07,6.666000444965903e-06,0.0008210545056499541,0.5500511527061462,154.49668884277344
bandmf_ime_sep_raw,399,0.5003140767415365,1.839600476690369e-06,2.1355837172739218e-08,1.839600476690369e-06,1.9713144716604347e-07,2.095434501825366e-05,0.0007201795815490186,0.5890442132949829,36.69590377807617
bandmf_ime_sep_raw,400,0.5004679361979166,1.8421569857688762e-06,2.139519938992862e-08,1.8421569857688762e-06,1.966921541196598e-07,1.0512622793612536e-05,0.0007960348739288747,0.5525385141372681,90.99366760253906
bandmf_ime_sep_raw,401,0.4998893737792969,1.840636552212042e-06,2.1444444146349422e-08,1.840636552212042e-06,1.9634612276793936e-07,3.327851572976215e-06,0.0007662235875613987,0.551487922668457,55.32468795776367
bandmf_ime_sep_raw,402,0.5001220703125,1.837655399109887e-06,2.147974102288212e-08,1.837655399109887e-06,1.9587481207376337e-07,2.8134429157944396e-05,0.0008087950409390032,0.5751886367797852,47.21670913696289
bandmf_ime_sep_raw,403,0.50006103515625,1.8383835443576875e-06,2.1508927009842676e-08,1.8383835443576875e-06,1.95351055628142e-07,1.5889734640950337e-05,0.0008279032190330327,0.5433520674705505,76.92964172363281
bandmf_ime_sep_raw,404,0.4999046325683594,1.8379295643929556e-06,2.153338026407899e-08,1.8379295643929556e-06,1.947878901139196e-07,3.493850090308115e-05,0.0007146793068386614,0.5692519545555115,44.66405487060547
bandmf_ime_sep_raw,405,0.49943288167317706,1.8406378169781117e-06,2.1571105642455752e-08,1.8406378169781117e-06,1.9434801619884942e-07,1.4029846170160454e-05,0.0007052238215692341,0.5743269324302673,63.00373840332031
bandmf_ime_sep_raw,406,0.4999745686848958,1.8372084345704327e-06,2.1622947432575756e-08,1.8372084345704327e-06,1.9403758066971477e-07,2.703154859773349e-05,0.0006844651070423424,0.5761091113090515,98.87339782714844
bandmf_ime_sep_raw,407,0.5000712076822916,1.8379294696539243e-06,2.162948264938791e-08,1.8379294696539243e-06,1.9332385588673637e-07,1.4337927495944314e-05,0.0007081179064698517,0.5885520577430725,79.85363006591797
bandmf_ime_sep_raw,408,0.5000216166178385,1.8446999755875975e-06,2.1668802159998297e-08,1.8446999755875975e-06,1.9290691177786812e-07,1.6483212675666437e-05,0.0007775623234920204,0.5872783064842224,92.1626205444336
bandmf_ime_sep_raw,409,0.49985631306966144,1.8437377870365406e-06,2.1696535901227776e-08,1.8437377870365406e-06,1.9238977107723562e-07,4.664713287638733e-06,0.0008464902639389038,0.5991133451461792,221.72494506835938
bandmf_ime_sep_raw,410,0.5002276102701823,1.8439676428746072e-06,2.1752757077090717e-08,1.8439676428746072e-06,1.9212758495257276e-07,2.001091343117878e-05,0.0007962344097904861,0.5536658763885498,91.81218719482422
bandmf_ime_sep_raw,411,0.4999987284342448,1.8447268956833796e-06,2.176574098733397e-08,1.8447268956833796e-06,1.9148632605473873e-07,3.064943666686304e-05,0.0008289761026389897,0.5582019090652466,87.46133422851562
bandmf_ime_sep_raw,412,0.49983978271484375,1.8421077877898522e-06,2.179364570290924e-08,1.8421077877898522e-06,1.909800951456949e-07,2.1022928194724955e-05,0.0007953779422678053,0.5611176490783691,39.0460319519043
bandmf_ime_sep_raw,413,0.5000877380371094,1.8398496687647519e-06,2.1819879680862186e-08,1.8398496687647519e-06,1.904626145687871e-07,2.7634765501716174e-05,0.0006885555339977145,0.5771474838256836,81.86043548583984
bandmf_ime_sep_raw,414,0.5002047220865885,1.8415184020644422e-06,2.186902621955274e-08,1.8415184020644422e-06,1.9014758656510367e-07,2.907502494053915e-05,0.0006909801159054041,0.5816106796264648,107.50226593017578
bandmf_ime_sep_raw,415,0.49985376993815106,1.8392519554784788e-06,2.191778403215494e-08,1.8392519554784788e-06,1.898309983279963e-07,1.8080601876135916e-05,0.0007847551023587584,0.600918710231781,89.80435943603516
bandmf_ime_sep_raw,416,0.4999186197916667,1.8468113106943445e-06,2.1932093992778807e-08,1.8468113106943445e-06,1.8921889655132418e-07,4.01788747694809e-05,0.0008412401657551527,0.5819998979568481,46.95323181152344
bandmf_ime_sep_raw,417,0.49973169962565106,1.8456340313832698e-06,2.1972371699874316e-08,1.8456340313832698e-06,1.8883405417113863e-07,2.57762148976326e-05,0.0005749054835177958,0.5613585114479065,43.76116943359375
bandmf_ime_sep_raw,418,0.49992116292317706,1.8446857836806885e-06,2.201732448211165e-08,1.8446857836806885e-06,1.884915323084139e-07,1.664598676143214e-05,0.0007671923376619816,0.5674857497215271,63.17918014526367
bandmf_ime_sep_raw,419,0.499725341796875,1.843059934003577e-06,2.2045913613174168e-08,1.843059934003577e-06,1.8801142805576396e-07,9.512843462289311e-06,0.0006555350846610963,0.6201106905937195,101.89349365234375
bandmf_ime_sep_raw,420,0.49994532267252606,1.843979603677326e-06,2.2066621122955137e-08,1.843979603677326e-06,1.8746734594306721e-07,3.090219615842216e-05,0.0006627751863561571,0.5781112909317017,30.819608688354492
bandmf_ime_sep_raw,421,0.5005048116048177,1.8418343377864705e-06,2.2107627358399402e-08,1.8418343377864705e-06,1.8709857722380244e-07,2.0195640900055878e-05,0.000681408098898828,0.607647716999054,40.034549713134766
bandmf_ime_sep_raw,422,0.4997851053873698,1.8459062687270489e-06,2.2132504273741915e-08,1.8459062687270489e-06,1.86595947582191e-07,1.624022115720436e-05,0.0006700445082969964,0.5669156908988953,97.38817596435547
bandmf_ime_sep_raw,423,0.49972788492838544,1.8410401452229053e-06,2.215981672234098e-08,1.8410401452229053e-06,1.8611695473680356e-07,1.0531548468861729e-05,0.000806712603662163,0.5742162466049194,29.224145889282227
bandmf_ime_sep_raw,424,0.4999224344889323,1.8427857876683145e-06,2.2177279642339915e-08,1.8427857876683145e-06,1.8555855104314864e-07,2.9917680876678787e-05,0.0007496309117414057,0.5793060064315796,53.625885009765625
bandmf_ime_sep_raw,425,0.5005111694335938,1.8451084334477248e-06,2.2237752232238488e-08,1.8451084334477248e-06,1.853622724941791e-07,2.7378157028579153e-05,0.0007581346435472369,0.5866780281066895,96.2533950805664
bandmf_ime_sep_raw,426,0.5003547668457031,1.8387874026378388e-06,2.225535955524549e-08,1.8387874026378388e-06,1.8481086172528194e-07,3.352920612087473e-05,0.0006771406042389572,0.5775873064994812,31.641916275024414
bandmf_ime_sep_raw,427,0.5000940958658854,1.8415443463482006e-06,2.2288784077654593e-08,1.8415443463482006e-06,1.843938116271223e-07,3.559260585461743e-05,0.0007201980333775282,0.6229360103607178,44.67068099975586
bandmf_ime_sep_raw,428,0.49996312459309894,1.8480498198414352e-06,2.231752279276596e-08,1.8480498198414352e-06,1.8394070207724175e-07,2.5250792532460764e-05,0.0007027382380329072,0.593327522277832,21.08439826965332
bandmf_ime_sep_raw,429,0.5002085367838541,1.8453904762812574e-06,2.2354705938217496e-08,1.8453904762812574e-06,1.8355971024656506e-07,3.0125620469334535e-05,0.0006907794740982354,0.5954810380935669,67.59708404541016
bandmf_ime_sep_raw,430,0.5004653930664062,1.842472130419992e-06,2.23835559716908e-08,1.842472130419992e-06,1.8311272912778046e-07,1.8819051547325216e-05,0.0006844172021374106,0.5705728530883789,58.908321380615234
bandmf_ime_sep_raw,431,0.5003306070963541,1.8408906801899623e-06,2.2416110301293202e-08,1.8408906801899623e-06,1.826987462057635e-07,1.8593167624203488e-05,0.0007698410772718489,0.5617245435714722,42.37842559814453
bandmf_ime_sep_raw,432,0.5005048116048177,1.8445541674812678e-06,2.2433598534377097e-08,1.8445541674812678e-06,1.8216488288184488e-07,3.097652006545104e-05,0.0007564948173239827,0.5742180347442627,66.51663970947266
bandmf_ime_sep_raw,433,0.49993133544921875,1.8385216122851489e-06,2.2475566445005295e-08,1.8385216122851489e-06,1.8183240631704697e-07,1.3657606359629426e-05,0.0006282084505073726,0.590411901473999,124.20364379882812
bandmf_ime_sep_raw,434,0.500207265218099,1.8383137737979875e-06,2.2520236416430823e-08,1.8383137737979875e-06,1.815235837199225e-07,3.503167681628838e-05,0.000719736679457128,0.595484733581543,82.6884994506836
bandmf_ime_sep_raw,435,0.5006675720214844,1.8369410478650632e-06,2.2554732378073556e-08,1.8369410478650632e-06,1.8113479664331558e-07,2.8683882192126475e-05,0.0007323125610128045,0.5819141268730164,27.256744384765625
bandmf_ime_sep_raw,436,0.5006357828776041,1.838687168742581e-06,2.2568415950866932e-08,1.838687168742581e-06,1.8058178063995456e-07,3.256681520724669e-05,0.0008267794619314373,0.5681251287460327,74.42755126953125
bandmf_ime_sep_raw,437,0.5000330607096354,1.838111245433538e-06,2.2597745896746346e-08,1.838111245433538e-06,1.801569524673141e-07,5.561203579418361e-06,0.0007940413197502494,0.5562652945518494,195.79666137695312
bandmf_ime_sep_raw,438,0.5001780192057291,1.8375695513365524e-06,2.2644055297504906e-08,1.8375695513365524e-06,1.798695586548623e-07,1.725368019833695e-05,0.0006454246467910707,0.5842236280441284,40.137386322021484
bandmf_ime_sep_raw,439,0.5001080830891927,1.8368988463635105e-06,2.267899061140592e-08,1.8368988463635105e-06,1.7949364542838944e-07,3.209163196515874e-06,0.0006964839994907379,0.6044961214065552,324.5064392089844
bandmf_ime_sep_raw,440,0.5003840128580729,1.8379118387201743e-06,2.2688893208666627e-08,1.8379118387201743e-06,1.789226041400601e-07,7.83922314440133e-06,0.0008662117179483175,0.5751493573188782,191.87136840820312
bandmf_ime_sep_raw,441,0.500219980875651,1.8450022641521475e-06,2.27185504482937e-08,1.8450022641521475e-06,1.7851033954722576e-07,4.4774325942853466e-05,0.000792231410741806,0.5987233519554138,56.489471435546875
bandmf_ime_sep_raw,442,0.5004259745279948,1.842984787003843e-06,2.2748564661630628e-08,1.842984787003843e-06,1.781033217203761e-07,2.8367840059217997e-05,0.0006449364591389894,0.5714423656463623,27.265390396118164
bandmf_ime_sep_raw,443,0.5004463195800781,1.8417252552656767e-06,2.280385080766223e-08,1.8417252552656767e-06,1.7789585982086464e-07,2.1154422938707285e-05,0.0007553755422122777,0.6002857685089111,31.43699836730957
bandmf_ime_sep_raw,444,0.5001436869303385,1.8436748282132005e-06,2.2821333341601264e-08,1.8436748282132005e-06,1.7739554358797704e-07,1.686231371422764e-05,0.0007367571233771741,0.6105676293373108,72.4356918334961
bandmf_ime_sep_raw,445,0.5000394185384115,1.8445817602241732e-06,2.284539720361541e-08,1.8445817602241732e-06,1.7694927538040398e-07,1.2282162060728297e-05,0.0007011502748355269,0.5731536149978638,36.36138916015625
bandmf_ime_sep_raw,446,0.5003585815429688,1.8428526355288948e-06,2.2880887110924657e-08,1.8428526355288948e-06,1.7659383821921892e-07,3.164176087011583e-05,0.0008155436371453106,0.5683227181434631,57.322174072265625
bandmf_ime_sep_raw,447,0.500342051188151,1.8413030649829427e-06,2.2925983259961907e-08,1.8413030649829427e-06,1.763143296547772e-07,2.4105218471959233e-05,0.0006608827388845384,0.6219258308410645,74.99359893798828
bandmf_ime_sep_raw,448,0.5001614888509115,1.8449138489510612e-06,2.2936513207246396e-08,1.8449138489510612e-06,1.7577135894934295e-07,2.627519097586628e-05,0.0006924545159563422,0.5748770833015442,116.54015350341797
bandmf_ime_sep_raw,449,0.5002415974934896,1.8410083508039559e-06,2.297362640864738e-08,1.8410083508039559e-06,1.754348269618807e-07,3.657600245787762e-05,0.0006780140683986247,0.575259804725647,72.1009292602539
bandmf_ime_sep_raw,450,0.5001144409179688,1.8454030386768257e-06,2.299861678878301e-08,1.8454030386768257e-06,1.7500792163597603e-07,1.6163096006494015e-05,0.0007070272695273161,0.6007664203643799,45.959720611572266
bandmf_ime_sep_raw,451,0.5002276102701823,1.8438582287672034e-06,2.3046324330403916e-08,1.8438582287672034e-06,1.7475577666440736e-07,3.2596708479104564e-05,0.0006863127928227186,0.5997822284698486,38.888973236083984
bandmf_ime_sep_raw,452,0.5001729329427084,1.840209539712608e-06,2.3067086463157693e-08,1.840209539712608e-06,1.7430131530697204e-07,4.482208623812767e-06,0.0007365706842392683,0.6064640879631042,328.8134765625
bandmf_ime_sep_raw,453,0.5005416870117188,1.8397498564581838e-06,2.310814132637044e-08,1.8397498564581838e-06,1.740024681377387e-07,1.2449229870981071e-05,0.0007057583425194025,0.6509815454483032,138.3642120361328
bandmf_ime_sep_raw,454,0.5000190734863281,1.8442343048263865e-06,2.3117689614456555e-08,1.8442343048263865e-06,1.7346876468593564e-07,3.692585960379802e-05,0.0006862354930490255,0.6128814220428467,44.32548904418945
bandmf_ime_sep_raw,455,0.5000228881835938,1.8459425537760883e-06,2.317471644216103e-08,1.8459425537760883e-06,1.7329329793369652e-07,3.1640740871807793e-06,0.0006469166837632656,0.6160826683044434,532.959228515625
bandmf_ime_sep_raw,456,0.5004412333170573,1.84343019308623e-06,2.320329980006382e-08,1.84343019308623e-06,1.729066833415042e-07,2.400990888418164e-05,0.0006860655848868191,0.5965151786804199,47.96147537231445
bandmf_ime_sep_raw,457,0.5001907348632812,1.8458455789035118e-06,2.322229401367319e-08,1.8458455789035118e-06,1.7245110880044953e-07,9.455860890739132e-06,0.0007416048320010304,0.5945206880569458,169.8090362548828
bandmf_ime_sep_raw,458,0.49994786580403644,1.8434524330738593e-06,2.3238924266403654e-08,1.8434524330738593e-06,1.7198077865524888e-07,1.888545011752285e-05,0.0006307302392087877,0.6010258793830872,47.63933181762695
bandmf_ime_sep_raw,459,0.49980417887369794,1.8410277770423515e-06,2.3282311338116795e-08,1.8410277770423515e-06,1.717105462262225e-07,3.0847073503537104e-05,0.0007598146330565214,0.567912757396698,39.61098861694336
bandmf_ime_sep_raw,460,0.5001424153645834,1.8432140080903991e-06,2.333419057976016e-08,1.8432140080903991e-06,1.7150416849650205e-07,4.451355835044524e-06,0.0007960508810356259,0.5723982453346252,235.34117126464844
bandmf_ime_sep_raw,461,0.5001055399576823,1.8411310662713731e-06,2.3341850822570603e-08,1.8411310662713731e-06,1.7097485501456808e-07,5.995814717607573e-05,0.0007772056851536036,0.5816265940666199,37.86370086669922
bandmf_ime_sep_raw,462,0.5001258850097656,1.8452418070561787e-06,2.336810182394326e-08,1.8452418070561787e-06,1.7058445204535624e-07,1.0408134585304651e-05,0.000761469651479274,0.5907779932022095,111.93523406982422
bandmf_ime_sep_raw,463,0.4999287923177083,1.8414137580672711e-06,2.340878098768447e-08,1.8414137580672711e-06,1.7030125872471066e-07,1.7730046238284558e-05,0.0007248243200592697,0.6114118695259094,31.52718734741211
bandmf_ime_sep_raw,464,0.4998728434244792,1.8411103136865374e-06,2.3448360956616437e-08,1.8411103136865374e-06,1.7001163025535485e-07,2.4654355001985095e-05,0.0006787009187974036,0.5989087820053101,54.952293395996094
bandmf_ime_sep_raw,465,0.5001843770345052,1.8407054748574108e-06,2.3462042531008365e-08,1.8407054748574108e-06,1.695364192736785e-07,1.0143256076844409e-05,0.0006768516614101827,0.6404474377632141,240.5163116455078
bandmf_ime_sep_raw,466,0.5002733866373698,1.8413132399549188e-06,2.349182707620893e-08,1.8413132399549188e-06,1.6917997432604656e-07,1.5788227756274864e-05,0.0009492402896285057,0.589220404624939,54.21180725097656
bandmf_ime_sep_raw,467,0.4997418721516927,1.8443081870600508e-06,2.3519775238511897e-08,1.8443081870600508e-06,1.68812353725419e-07,5.025267455494031e-05,0.0007385025965049863,0.6044936776161194,44.85084915161133
bandmf_ime_sep_raw,468,0.5003458658854166,1.8399848566256576e-06,2.356963276402742e-08,1.8399848566256576e-06,1.6860352817597382e-07,1.602971497050021e-05,0.0006750905304215848,0.5912476181983948,37.05161666870117
bandmf_ime_sep_raw,469,0.5000445048014323,1.843874215978758e-06,2.3588405081061598e-08,1.843874215978758e-06,1.6817413535837508e-07,4.0706534491619095e-05,0.0008176240953616798,0.6022002696990967,46.27671432495117
bandmf_ime_sep_raw,470,0.5002085367838541,1.8424664081824933e-06,2.361715290000177e-08,1.8424664081824933e-06,1.6781804331363523e-07,1.8952345271827653e-05,0.0008286503725685179,0.5789169073104858,41.06925582885742
bandmf_ime_sep_raw,471,0.5001080830891927,1.8433199121166883e-06,2.364886501441769e-08,1.8433199121166883e-06,1.674850036437192e-07,2.131306791852694e-05,0.0006832781946286559,0.587650716304779,144.92276000976562
bandmf_ime_sep_raw,472,0.5004056294759115,1.8397281612199852e-06,2.3687414030248988e-08,1.8397281612199852e-06,1.6720202999920275e-07,1.5040965081425384e-05,0.0007962000090628862,0.5698056817054749,96.90753936767578
bandmf_ime_sep_raw,473,0.5004717508951823,1.8382724723172335e-06,2.3716727988916848e-08,1.8382724723172335e-06,1.6685562620466499e-07,8.517113201378379e-06,0.0006780102849006653,0.6151160597801208,198.79815673828125
bandmf_ime_sep_raw,474,0.5003064473470052,1.84185724094732e-06,2.374980560363819e-08,1.84185724094732e-06,1.665375061558431e-07,3.9878974348539487e-05,0.0008290797122754157,0.5983166098594666,40.13255310058594
bandmf_ime_sep_raw,475,0.500311533610026,1.8397365408873156e-06,2.3771156746713967e-08,1.8397365408873156e-06,1.6613916701639178e-07,3.3698099286993966e-05,0.0008210678352043033,0.5763782858848572,63.82447052001953
bandmf_ime_sep_raw,476,0.500189463297526,1.8370373406166134e-06,2.3807682640134924e-08,1.8370373406166134e-06,1.6584877056876243e-07,1.9361346858204342e-05,0.000770067039411515,0.5770866870880127,142.6078643798828
bandmf_ime_sep_raw,477,0.5005849202473959,1.8343561218140774e-06,2.3842301466459048e-08,1.8343561218140774e-06,1.6554674845773812e-07,3.106158374066581e-06,0.0007908902480266988,0.60923171043396,750.2258911132812
bandmf_ime_sep_raw,478,0.5005772908528646,1.8308786214523327e-06,2.3871406925242884e-08,1.8308786214523327e-06,1.6520815471210426e-07,5.759641862823628e-05,0.0007668895414099097,0.5876885652542114,30.616079330444336
bandmf_ime_sep_raw,479,0.5004450480143229,1.835424408606438e-06,2.3885473450964884e-08,1.835424408606438e-06,1.6476766440121082e-07,3.2198768167290837e-05,0.0008605948532931507,0.5888891220092773,44.70716857910156
bandmf_ime_sep_raw,480,0.5004247029622396,1.825967814284013e-06,2.392897798427403e-08,1.825967814284013e-06,1.6453215974839472e-07,1.3994233086123131e-05,0.0006771498010493815,0.5988050103187561,58.47175598144531
bandmf_ime_sep_raw,481,0.5001678466796875,1.8211208138533645e-06,2.397853256693357e-08,1.8211208138533645e-06,1.643392610143716e-07,3.087098230025731e-05,0.0008122302242554724,0.6174229383468628,26.021038055419922
bandmf_ime_sep_raw,482,0.5004043579101562,1.8163101837368838e-06,2.4010097613806163e-08,1.8163101837368838e-06,1.6402440058035003e-07,8.731751222512685e-06,0.0007896895403973758,0.5724413394927979,91.48279571533203
bandmf_ime_sep_raw,483,0.5004374186197916,1.806562323736216e-06,2.4033167012049717e-08,1.806562323736216e-06,1.636533972041813e-07,2.1175184883759357e-05,0.0007461291388608515,0.6136152744293213,44.20579528808594
bandmf_ime_sep_raw,484,0.5001678466796875,1.8025875334615193e-06,2.4071375115397586e-08,1.8025875334615193e-06,1.6338726342250234e-07,9.245930414181203e-06,0.0005883267731405795,0.6148423552513123,174.76724243164062
bandmf_ime_sep_raw,485,0.5005760192871094,1.7910560169790795e-06,2.4105976918302e-08,1.7910560169790795e-06,1.6309802397529438e-07,3.316818765597418e-05,0.0007765403133817017,0.577181339263916,35.37006378173828
bandmf_ime_sep_raw,486,0.5005086263020834,1.7668147052063432e-06,2.4133400315188663e-08,1.7668147052063432e-06,1.6276198285443874e-07,3.4988290281035006e-05,0.0007876484887674451,0.5709273219108582,67.60717010498047
bandmf_ime_sep_raw,487,0.500152587890625,1.7244819190409544e-06,2.4169537334491526e-08,1.7244819190409544e-06,1.6248628812813118e-07,3.569486580090597e-05,0.0007024434744380414,0.5650035738945007,31.211620330810547
bandmf_ime_sep_raw,488,0.5002301534016927,1.7058249142110071e-06,2.421572882956487e-08,1.7058249142110071e-06,1.622794615722493e-07,4.373313277028501e-05,0.0007875579758547246,0.560334324836731,33.30257797241211
bandmf_ime_sep_vbc,1,0.5004107157389323,1.1773285090536472e-06,3.2468893314726205e-10,0.00011773278159428931,0.00032469729679481435,9.211689030053094e-05,0.004650966264307499,0.6941789388656616,71.26782989501953
bandmf_ime_sep_vbc,2,0.5003814697265625,1.2661052579687748e-06,5.263544947120558e-10,3.5072147966275224e-05,0.0001317254530780095,6.034133184584789e-05,0.004346216097474098,0.4915089011192322,151.2722930908203
bandmf_ime_sep_vbc,3,0.5005658467610677,1.2752436096737558e-06,6.626313340622284e-10,1.7364178878172726e-05,7.377410292974673e-05,0.00011374398309271783,0.0035861656069755554,0.39530235528945923,33.75696563720703
bandmf_ime_sep_vbc,4,0.49989954630533856,1.2545016782420741e-06,7.593315120198637e-10,1.0607345226768908e-05,4.760262178630607e-05,4.2692015995271504e-05,0.003040079027414322,0.3563816249370575,66.08551025390625
bandmf_ime_sep_vbc,5,0.49986521402994794,1.471342348698575e-06,8.784794812884596e-10,8.773736415908692e-06,3.528126065551381e-05,9.547368244966492e-05,0.00274377572350204,0.34407249093055725,19.41295623779297
bandmf_ime_sep_vbc,6,0.4998944600423177,1.556793156017496e-06,9.940416545450859e-10,7.090913015872502e-06,2.775119954397572e-05,8.563843584852293e-05,0.002425752580165863,0.33757996559143066,53.47673034667969
bandmf_ime_sep_vbc,7,0.4991099039713542,1.5971574356399287e-06,1.0985522029087018e-09,5.868143678829559e-06,2.2555018025135116e-05,7.43222699384205e-05,0.0021157674491405487,0.3131811320781708,26.371448516845703
bandmf_ime_sep_vbc,8,0.5000928243001302,1.623241914217033e-06,1.1930600396503621e-09,5.004326851576479e-06,1.877301322868637e-05,4.7777553845662624e-05,0.0020757841411978006,0.3144582211971283,71.57008361816406
bandmf_ime_sep_vbc,9,0.5007540384928385,1.6763206123944958e-06,1.2909025237650695e-09,4.467165486706411e-06,1.6065538754143443e-05,4.961282684234902e-05,0.0019538586493581533,0.3140489161014557,70.69463348388672
bandmf_ime_sep_vbc,10,0.4997062683105469,1.708797896071701e-06,1.389277174782914e-09,4.028094641247056e-06,1.4018687655455627e-05,3.5773806303041056e-05,0.002034661127254367,0.28336861729621887,82.79666137695312
bandmf_ime_sep_vbc,11,0.49953587849934894,1.7371886542605353e-06,1.4837645556653456e-09,3.6894260896739675e-06,1.2386018662861412e-05,0.0001560462696943432,0.002156827598810196,0.2991013526916504,16.670602798461914
bandmf_ime_sep_vbc,12,0.5001640319824219,1.7524026437361802e-06,1.5744036491183167e-09,3.4033347731110553e-06,1.1054547674878753e-05,9.673016757005826e-05,0.002259104046970606,0.27307313680648804,28.8687686920166
bandmf_ime_sep_vbc,13,0.49968846638997394,1.7673483322748023e-06,1.6670314295641475e-09,3.177325424985611e-06,9.983368007245494e-06,0.0001174622739199549,0.0021040868014097214,0.2867146134376526,31.325664520263672
bandmf_ime_sep_vbc,14,0.4993273417154948,1.7850030265738799e-06,1.7552720295762232e-09,3.0010187970219704e-06,9.072826477070825e-06,2.8021751859341748e-05,0.002159703290089965,0.287386417388916,36.936161041259766
bandmf_ime_sep_vbc,15,0.4988810221354167,1.7943305626507329e-06,1.8450338664284989e-09,2.845392591173853e-06,8.315879351054415e-06,1.915042957989499e-05,0.0022313077934086323,0.2834852635860443,92.51754760742188
bandmf_ime_sep_vbc,16,0.4996681213378906,1.8080921790897264e-06,1.9335579711417714e-09,2.7241259298686296e-06,7.667208687204644e-06,3.8598402170464396e-05,0.0019365864573046565,0.27371078729629517,21.10634422302246
bandmf_ime_sep_vbc,17,0.5001576741536459,1.806657380143406e-06,2.02106711921779e-09,2.6022428301075706e-06,7.10615878081929e-06,6.731591565767303e-05,0.0019433364504948258,0.2801238000392914,21.029043197631836
bandmf_ime_sep_vbc,18,0.4984728495279948,1.8178963993401946e-06,2.1047706170544225e-09,2.5166797380885933e-06,6.607622594856366e-06,4.946734770783223e-05,0.0017577653052285314,0.2699311375617981,22.766260147094727
bandmf_ime_sep_vbc,19,0.4997660319010417,1.818600490347914e-06,2.1888235483361975e-09,2.4310313051501e-06,6.173391341235401e-06,0.00011998381523881108,0.0014739034231752157,0.2859129309654236,18.00208282470703
bandmf_ime_sep_vbc,20,0.499847412109375,1.8214183275707303e-06,2.2774817309834106e-09,2.3604886033960306e-06,5.802944599508919e-06,6.605048110941425e-05,0.0018092985264956951,0.28445950150489807,25.979276657104492
bandmf_ime_sep_vbc,21,0.4996846516927083,1.8253367954912392e-06,2.358576630297667e-09,2.3014213278808406e-06,5.456284422204287e-06,0.00011494843784021214,0.001986829098314047,0.2687476873397827,22.181915283203125
bandmf_ime_sep_vbc,22,0.49933751424153644,1.8327912793362582e-06,2.442894109222493e-09,2.2550669219375172e-06,5.1544016628213285e-06,5.408761353464797e-05,0.0013471328420564532,0.30067765712738037,14.521499633789062
bandmf_ime_sep_vbc,23,0.4997825622558594,1.8347904386928349e-06,2.5282031745899047e-09,2.209003042707991e-06,4.8854837473299995e-06,2.1913556338404305e-05,0.0016019921749830246,0.29094764590263367,34.248497009277344
bandmf_ime_sep_vbc,24,0.49946848551432294,1.8366073959441565e-06,2.6119536903716303e-09,2.1688034811025623e-06,4.640105790561695e-06,4.8761336074676365e-05,0.0018361719558015466,0.29062700271606445,64.24525451660156
bandmf_ime_sep_vbc,25,0.4995918273925781,1.8327646481945219e-06,2.6903050805623017e-09,2.1272278161177383e-06,4.408988066491777e-06,7.964684482431039e-05,0.0016392228426411748,0.29288551211357117,31.38275718688965
bandmf_ime_sep_vbc,26,0.49909083048502606,1.8367021681342521e-06,2.769354532731564e-09,2.099200960022548e-06,4.200307785140467e-06,1.7233371181646362e-05,0.0015541685279458761,0.28905680775642395,67.28715515136719
bandmf_ime_sep_vbc,27,0.49933751424153644,1.8342805295408955e-06,2.8540707760112602e-09,2.0677686810207283e-06,4.0180881531644746e-06,3.305560676380992e-05,0.0015003023436293006,0.2877931594848633,20.532983779907227
bandmf_ime_sep_vbc,28,0.49974695841471356,1.8392036717311082e-06,2.9403036579574624e-09,2.047952563088984e-06,3.852925971159493e-06,6.338669481920078e-05,0.001709468080662191,0.3026026785373688,40.412391662597656
bandmf_ime_sep_vbc,29,0.5000228881835938,1.8405298523778886e-06,3.0145961005256794e-09,2.026979416314134e-06,3.6862026509728216e-06,3.3846768928924575e-05,0.0017839351203292608,0.2816702425479889,40.94233703613281
bandmf_ime_sep_vbc,30,0.4988441467285156,1.8407835777149255e-06,3.0884117948234055e-09,2.0073651872583773e-06,3.5324133875747066e-06,4.151287430431694e-05,0.0015162952477112412,0.2985716462135315,12.532366752624512
bandmf_ime_sep_vbc,31,0.4993934631347656,1.8355780042611514e-06,3.1671015532364066e-09,1.98408362924359e-06,3.3958587835059006e-06,3.4524531656643376e-05,0.0016239802353084087,0.29688560962677,17.149085998535156
bandmf_ime_sep_vbc,32,0.49992116292317706,1.842436082218531e-06,3.250780200581005e-09,1.975791301826272e-06,3.274402170442651e-06,7.288777123903856e-05,0.001295285765081644,0.290071040391922,42.62649917602539
bandmf_ime_sep_vbc,33,0.49996693929036456,1.8452054320050593e-06,3.32561898389964e-09,1.964763849097532e-06,3.152971790617206e-06,1.6744472304708324e-05,0.00157038529869169,0.30511021614074707,144.4940185546875
bandmf_ime_sep_vbc,34,0.49967320760091144,1.8426661559563702e-06,3.4066936308955556e-09,1.9496063525063314e-06,3.045671737330243e-06,7.3848395913955756e-06,0.0015557734295725822,0.29435470700263977,335.879638671875
bandmf_ime_sep_vbc,35,0.49941762288411456,1.8392242964182515e-06,3.485218604456127e-09,1.934877947936305e-06,2.9432936704173094e-06,7.504100358346477e-05,0.0016357179265469313,0.29699796438217163,24.197559356689453
bandmf_ime_sep_vbc,36,0.4996528625488281,1.8394235562861165e-06,3.5601670315503022e-09,1.9251890819305117e-06,2.844709731183078e-06,8.812410669634119e-05,0.001565129030495882,0.3027351200580597,19.729684829711914
bandmf_ime_sep_vbc,37,0.49970753987630206,1.8413029228743956e-06,3.638366117645712e-09,1.9183033685976625e-06,2.7549055137872833e-06,0.00010660284897312522,0.0014309817925095558,0.312335729598999,19.088064193725586
bandmf_ime_sep_vbc,38,0.5001869201660156,1.8379526333471101e-06,3.715103622884778e-09,1.9069120848295522e-06,2.669559734158611e-06,2.7941370717599057e-05,0.0012392251519486308,0.3164505362510681,32.30890655517578
bandmf_ime_sep_vbc,39,0.49991480509440106,1.8382176705245001e-06,3.789174178129666e-09,1.90011707938235e-06,2.5875169834913927e-06,3.084292620769702e-05,0.0015144962817430496,0.2968117594718933,37.44049835205078
bandmf_ime_sep_vbc,40,0.4997138977050781,1.8422380823797842e-06,3.872535532985684e-09,1.8979294509335887e-06,2.5163720162405903e-06,1.926994082168676e-05,0.0011419567745178938,0.3012446165084839,166.9486846923828
bandmf_ime_sep_vbc,41,0.49947865804036456,1.8459115172693903e-06,3.945539265674351e-09,1.8960210136735138e-06,2.44269630419088e-06,7.215475488919765e-05,0.00135450204834342,0.33134645223617554,20.50851058959961
bandmf_ime_sep_vbc,42,0.5000050862630209,1.8442989642153407e-06,4.025023055594564e-09,1.88926641916017e-06,2.3770141031794387e-06,4.284068199922331e-05,0.001222850987687707,0.3428986668586731,23.086090087890625
bandmf_ime_sep_vbc,43,0.5001678466796875,1.8425422467771568e-06,4.093306064471373e-09,1.8829011120639432e-06,2.30850188624269e-06,3.287238359916955e-05,0.0014291468542069197,0.320635586977005,37.35747146606445
bandmf_ime_sep_vbc,44,0.500677744547526,1.8433515123206234e-06,4.173186685108021e-09,1.8796310049159122e-06,2.250025498066558e-06,1.7204676623805426e-05,0.0012801957782357931,0.33408477902412415,28.292795181274414
bandmf_ime_sep_vbc,45,0.5000292460123698,1.8480534530832908e-06,4.247413494991766e-09,1.8807402047589978e-06,2.191568976665318e-06,4.4879951019538566e-05,0.0011946673039346933,0.30097049474716187,24.60266876220703
bandmf_ime_sep_vbc,46,0.5001805623372396,1.8395524108427708e-06,4.324135753167961e-09,1.8687962419032071e-06,2.1373271579250286e-06,2.203919575549662e-05,0.001313215703703463,0.33763569593429565,85.37694549560547
bandmf_ime_sep_vbc,47,0.5004526774088541,1.8403023034352373e-06,4.3911478712447644e-09,1.8666015553966038e-06,2.081139816330809e-06,4.955978147336282e-05,0.0012975799618288875,0.3156883716583252,33.277950286865234
bandmf_ime_sep_vbc,48,0.5004234313964844,1.8421608937539229e-06,4.4656830455735985e-09,1.865828816486707e-06,2.0312091161637604e-06,3.17691192321945e-05,0.0012390962801873684,0.333543598651886,24.334768295288086
bandmf_ime_sep_vbc,49,0.4998588562011719,1.8403604163571192e-06,4.539782420357834e-09,1.8616200681738822e-06,1.9834602179950402e-06,2.63065448962152e-05,0.0014568844344466925,0.3270041346549988,46.885555267333984
bandmf_ime_sep_vbc,50,0.5002263387044271,1.8389077922620345e-06,4.620162086244051e-09,1.858009947378984e-06,1.9405690068197146e-06,6.404676241800189e-05,0.0011680820025503635,0.33649182319641113,22.065364837646484
bandmf_ime_sep_vbc,51,0.5004692077636719,1.836020748176755e-06,4.688218979698178e-09,1.8531723876928179e-06,1.8945655047749217e-06,1.4822083358012605e-05,0.001390575896948576,0.33558619022369385,139.88999938964844
bandmf_ime_sep_vbc,52,0.49998728434244794,1.8439853827582435e-06,4.7641489827239996e-09,1.8594777297190983e-06,1.8537537679700715e-06,3.493779877317138e-05,0.0013137880014255643,0.3311495780944824,17.995826721191406
bandmf_ime_sep_vbc,53,0.49972788492838544,1.8440148560709229e-06,4.823948795973365e-09,1.857949764409265e-06,1.8086499693481528e-06,2.553636113589164e-05,0.0013925823150202632,0.34409013390541077,67.48047637939453
bandmf_ime_sep_vbc,54,0.5000419616699219,1.8434349395117049e-06,4.907809325604973e-09,1.8559650480180305e-06,1.7743321573486053e-06,3.673689207062125e-05,0.0009837672114372253,0.3465943932533264,53.10158157348633
bandmf_ime_sep_vbc,55,0.5001042683919271,1.8376100617463937e-06,4.9714395193115974e-09,1.8488457034967116e-06,1.7342898246397453e-06,3.778457539738156e-05,0.00134516682010144,0.3181842565536499,17.70203971862793
bandmf_ime_sep_vbc,56,0.4999961853027344,1.8439805794893498e-06,5.039498799745227e-09,1.8541233212469403e-06,1.6974870788999397e-06,1.8281318261870183e-05,0.0012197496835142374,0.3364255726337433,63.941650390625
bandmf_ime_sep_vbc,57,0.4997825622558594,1.84317721145059e-06,5.11594056007425e-09,1.8522977806393708e-06,1.664950284900139e-06,6.96990973665379e-05,0.001396209467202425,0.3190546929836273,31.72354507446289
bandmf_ime_sep_vbc,58,0.500403086344401,1.8446403563151155e-06,5.1917596148124785e-09,1.8528525676705006e-06,1.6334824740245797e-06,4.753412213176489e-05,0.0014598689740523696,0.3330616354942322,36.58585739135742
bandmf_ime_sep_vbc,59,0.5001551310221354,1.846795962971252e-06,5.262246953000964e-09,1.8541930775957856e-06,1.6015979914148677e-06,5.6903249060269445e-05,0.0012792303459718823,0.3480837941169739,22.130844116210938
bandmf_ime_sep_vbc,60,0.4997698465983073,1.8512712121795023e-06,5.3205549595721396e-09,1.857942464766893e-06,1.5673689451508228e-06,3.0614079150836915e-05,0.0014142957516014576,0.3337383568286896,66.80776977539062
bandmf_ime_sep_vbc,61,0.5001538594563802,1.8451133361926015e-06,5.39925415488085e-09,1.8510961060277016e-06,1.5403542240240615e-06,2.147754821635317e-05,0.0012800201075151563,0.34094175696372986,38.93599319458008
bandmf_ime_sep_vbc,62,0.49991099039713544,1.846003238862674e-06,5.4695761438535344e-09,1.851388934899963e-06,1.5119848342237674e-06,5.541469363379292e-05,0.0012072857934981585,0.3472687602043152,34.84900665283203
bandmf_ime_sep_vbc,63,0.5001106262207031,1.8429532673280846e-06,5.545025716369167e-09,1.8477911159682965e-06,1.4860365998477694e-06,4.874173828284256e-05,0.0012205587700009346,0.3575536608695984,15.4242525100708
bandmf_ime_sep_vbc,64,0.5002123514811198,1.8421534709508098e-06,5.6087672469414445e-09,1.8465050525643771e-06,1.4579565762081377e-06,5.578188574872911e-05,0.0010901095811277628,0.3521451950073242,23.82447624206543
bandmf_ime_sep_vbc,65,0.5002606709798177,1.8450797891015707e-06,5.670881764174851e-09,1.8490018381574676e-06,1.4305081492693716e-06,6.03437474637758e-05,0.0010983551619574428,0.3390617370605469,21.516023635864258
bandmf_ime_sep_vbc,66,0.4999033610026042,1.843873297010153e-06,5.744898667892073e-09,1.8474002227245971e-06,1.4069881567972213e-06,6.622058572247624e-05,0.0013419175520539284,0.3449368476867676,19.007427215576172
bandmf_ime_sep_vbc,67,0.4995384216308594,1.842573747505109e-06,5.819526027739386e-09,1.8457451081606753e-06,1.3844065307466735e-06,4.4325752242002636e-05,0.0010735297109931707,0.36051255464553833,50.05576705932617
bandmf_ime_sep_vbc,68,0.5002543131510416,1.8432440687850733e-06,5.883703820449189e-09,1.846099043708212e-06,1.360154991895494e-06,3.793286668951623e-05,0.0010298233246430755,0.3638406991958618,74.82622528076172
bandmf_ime_sep_vbc,69,0.500311533610026,1.8405586530434448e-06,5.9461089200555745e-09,1.8431240439061487e-06,1.3363496359867593e-06,3.8383710489142686e-05,0.0011355483438819647,0.3721027970314026,29.90015411376953
bandmf_ime_sep_vbc,70,0.49979909261067706,1.843838058827411e-06,6.0086944494071775e-09,1.8461506622694894e-06,1.3134055384019423e-06,4.7539080696878955e-05,0.0011070058681070805,0.3693629205226898,22.27109718322754
bandmf_ime_sep_vbc,71,0.4998893737792969,1.847576465744775e-06,6.092271557604316e-09,1.8496619276220372e-06,1.2957075436285475e-06,2.7263735319138505e-05,0.0011982605792582035,0.3805582821369171,51.13916778564453
bandmf_ime_sep_vbc,72,0.5002848307291666,1.8423061997433858e-06,6.16416973020506e-09,1.8441778308897483e-06,1.2760950056645015e-06,3.0917482945369557e-05,0.0011131706414744258,0.3615862727165222,34.981388092041016
bandmf_ime_sep_vbc,73,0.500732421875,1.8419422502802263e-06,6.2303532518311515e-09,1.8436258860295613e-06,1.2559421615302806e-06,1.902487019833643e-05,0.0011358264600858092,0.36772239208221436,24.872831344604492
bandmf_ime_sep_vbc,74,0.5001068115234375,1.8439315899361948e-06,6.296748770543796e-09,1.8454486034139943e-06,1.2364741195369788e-06,2.6725374482339248e-05,0.0011166955810040236,0.370591938495636,83.51959228515625
bandmf_ime_sep_vbc,75,0.4997914632161458,1.842979211611843e-06,6.360510729219726e-09,1.8443438041989186e-06,1.2171118726200802e-06,4.570974488160573e-05,0.001354984357021749,0.35649198293685913,32.055789947509766
bandmf_ime_sep_vbc,76,0.5000483194986979,1.8385526535287984e-06,6.434449769295488e-09,1.839778003424423e-06,1.2002574152347734e-06,9.99999993922529e-09,0.0013187499716877937,0.3519614338874817,48055.421875
bandmf_ime_sep_vbc,77,0.4996528625488281,1.8396651313423718e-06,6.5014473434506686e-09,1.8407684099959927e-06,1.182626187793782e-06,4.203819116810337e-05,0.0009909094078466296,0.35771888494491577,31.04412269592285
bandmf_ime_sep_vbc,78,0.49951807657877606,1.8435016973702052e-06,6.56142114715171e-09,1.8444964524633178e-06,1.1642775679850577e-06,4.960213118465617e-05,0.0012324656127020717,0.368513286113739,15.541015625
bandmf_ime_sep_vbc,79,0.4998334248860677,1.8428749607816524e-06,6.630836676032222e-09,1.8437700977832112e-06,1.148128400056218e-06,3.790625123656355e-05,0.0010284322779625654,0.37605297565460205,27.322532653808594
bandmf_ime_sep_vbc,80,0.4994951883951823,1.8431619632034806e-06,6.702838543463467e-09,1.8439675386616727e-06,1.1328799350470338e-06,1.1921651093871333e-05,0.0013285422464832664,0.3533243238925934,41.64031219482422
bandmf_ime_sep_vbc,81,0.4995155334472656,1.8444290172207427e-06,6.776340803297624e-09,1.8451546850428713e-06,1.1183026534430003e-06,3.5532459150999784e-05,0.0012830191990360618,0.3851754069328308,36.0662841796875
bandmf_ime_sep_vbc,82,0.49989954630533856,1.8434626933109637e-06,6.832813352157056e-09,1.8441154310266938e-06,1.1013733616967631e-06,5.847281136084348e-05,0.0011315550655126572,0.37478452920913696,30.989810943603516
bandmf_ime_sep_vbc,83,0.5002822875976562,1.8399188708902632e-06,6.904440537821206e-09,1.8405049928560402e-06,1.0873347899102252e-06,2.9462053134921007e-05,0.001220886711962521,0.39605578780174255,58.220882415771484
bandmf_ime_sep_vbc,84,0.4994697570800781,1.8387161304644906e-06,6.967455945527945e-09,1.8392435616002938e-06,1.0723466251268594e-06,3.0054177841520868e-05,0.001168907736428082,0.3844137191772461,23.47344398498535
bandmf_ime_sep_vbc,85,0.4993604024251302,1.8448276364324556e-06,7.035386958194796e-09,1.8453035532199162e-06,1.0585185634681693e-06,2.9884298783144914e-05,0.001447885064408183,0.35948750376701355,40.39357376098633
bandmf_ime_sep_vbc,86,0.49992116292317706,1.8429648018051619e-06,7.097091062983433e-09,1.8433927853796679e-06,1.0441421854541961e-06,4.356962381280027e-05,0.001452918746508658,0.36578041315078735,32.53759002685547
bandmf_ime_sep_vbc,87,0.5003738403320312,1.843066646263954e-06,7.1683323536279415e-09,1.843452058854685e-06,1.0315347983199292e-06,3.328741149744019e-05,0.0012341224355623126,0.37696605920791626,53.98727035522461
bandmf_ime_sep_vbc,88,0.5002123514811198,1.8452203628764134e-06,7.225306149679274e-09,1.8455674819506385e-06,1.0172404737810818e-06,1.8737664504442364e-05,0.0012197840260341763,0.3958017826080322,43.54584884643555
bandmf_ime_sep_vbc,89,0.5003496805826823,1.8415652505154867e-06,7.29575803474584e-09,1.8418769987723256e-06,1.0051972433681537e-06,2.5737119358382188e-05,0.0012213579611852765,0.36980125308036804,25.116403579711914
bandmf_ime_sep_vbc,90,0.5002619425455729,1.842817051548688e-06,7.359586181217755e-09,1.8430978296161509e-06,9.925607239817207e-07,2.2526281099999323e-05,0.0010596782667562366,0.3967161476612091,162.93923950195312
bandmf_ime_sep_vbc,91,0.500219980875651,1.8458523195855985e-06,7.426483058144602e-09,1.8461053770124636e-06,9.806572336401587e-07,2.9990083930897526e-05,0.0011634413385763764,0.37547433376312256,45.32933807373047
bandmf_ime_sep_vbc,92,0.5000190734863281,1.8439779410073243e-06,7.49286684550062e-09,1.8442056936388933e-06,9.68985098381836e-07,3.434758764342405e-05,0.001237975899130106,0.3871976435184479,26.635862350463867
bandmf_ime_sep_vbc,93,0.500219980875651,1.8399582586425822e-06,7.555124192926144e-09,1.8401626959985151e-06,9.570796374684203e-07,9.059439435077365e-06,0.0009682603413239121,0.4136959910392761,126.61565399169922
bandmf_ime_sep_vbc,94,0.4996910095214844,1.8398070172527998e-06,7.618219536690654e-09,1.8399912372994247e-06,9.455796169769807e-07,8.730113768251613e-05,0.0010812808759510517,0.3878280520439148,21.45906639099121
bandmf_ime_sep_vbc,95,0.5003674825032552,1.8442718972740597e-06,7.689867409510498e-09,1.844438116904712e-06,9.35405054747207e-07,2.650837996043265e-05,0.0012552224798128009,0.3834415078163147,41.66395950317383
bandmf_ime_sep_vbc,96,0.5003102620442709,1.8425638378024207e-06,7.750960503057533e-09,1.8427131702007198e-06,9.242056956774528e-07,3.152398858219385e-05,0.0011330976849421859,0.40724921226501465,29.605342864990234
bandmf_ime_sep_vbc,97,0.5001754760742188,1.8409636576658765e-06,7.814804544222417e-09,1.8410979834015961e-06,9.136029485527312e-07,9.797813254408538e-05,0.0010851721744984388,0.4143276810646057,13.862275123596191
bandmf_ime_sep_vbc,98,0.5000788370768229,1.836971046979367e-06,7.877893448693385e-09,1.8370914934469813e-06,9.031677616159565e-07,4.566060670185834e-05,0.0011494724312797189,0.40109655261039734,33.83839797973633
bandmf_ime_sep_vbc,99,0.5001907348632812,1.8383906450480936e-06,7.948146548327392e-09,1.8384993486127617e-06,8.937857529645044e-07,8.793891538516618e-06,0.001106168725527823,0.4051417112350464,78.3774185180664
bandmf_ime_sep_vbc,100,0.49991734822591144,1.839738416720138e-06,8.006221389559679e-09,1.839836239507046e-06,8.832685315004104e-07,3.386766547919251e-05,0.001231117406859994,0.4022175073623657,37.49250030517578
bandmf_ime_sep_vbc,101,0.4999987284342448,1.840864712221446e-06,8.076305661279074e-09,1.840952933207518e-06,8.743035901185673e-07,3.0617655284004286e-05,0.001172166783362627,0.4016422927379608,49.87104415893555
bandmf_ime_sep_vbc,102,0.500830332438151,1.8402836966894636e-06,8.139152722167845e-09,1.8403631022086604e-06,8.647648238972275e-07,2.4118802684824914e-05,0.0011335902381688356,0.3993656039237976,52.04487991333008
bandmf_ime_sep_vbc,103,0.5002174377441406,1.8445047373916168e-06,8.207696115351363e-09,1.8445764027319456e-06,8.560383903954971e-07,3.2263516914099455e-05,0.0010265050223097205,0.4332959055900574,67.07169342041016
bandmf_ime_sep_vbc,104,0.5002733866373698,1.8431429017103558e-06,8.266583861882282e-09,1.8432070779302496e-06,8.46511750770181e-07,1.2049739780195523e-05,0.0008477463270537555,0.4146268963813782,50.85454559326172
bandmf_ime_sep_vbc,105,0.4998181660970052,1.8411680476522936e-06,8.326180485814424e-09,1.8412260042547739e-06,8.372743138806982e-07,2.0933108316967264e-05,0.0010757660493254662,0.42105716466903687,82.94432067871094
bandmf_ime_sep_vbc,106,0.5003166198730469,1.8425303238700508e-06,8.392772699039597e-09,1.8425825961306448e-06,8.289363411980352e-07,4.904371962766163e-05,0.0011637978022918105,0.4047914147377014,31.38513946533203
bandmf_ime_sep_vbc,107,0.49988555908203125,1.8355192234290978e-06,8.459016709316813e-09,1.835566062406239e-06,8.207417134068843e-07,3.3873100619530305e-05,0.0010836657602339983,0.38617485761642456,43.188270568847656
bandmf_ime_sep_vbc,108,0.5008761088053385,1.8413709360250625e-06,8.521120845964939e-09,1.841413071209293e-06,8.123252281203955e-07,5.463331035571173e-05,0.0008769366540946066,0.4162607491016388,32.09400177001953
bandmf_ime_sep_vbc,109,0.5003522237141927,1.8454776504010322e-06,8.580433881929158e-09,1.8455159249697317e-06,8.038295528460063e-07,3.777341771638021e-05,0.0009630814311094582,0.39928776025772095,25.04465675354004
bandmf_ime_sep_vbc,110,0.4999440511067708,1.8411223218587718e-06,8.638681658901248e-09,1.8411565842294901e-06,7.954195192875583e-07,2.8651860702666454e-05,0.000962149235419929,0.41875988245010376,41.37472915649414
bandmf_ime_sep_vbc,111,0.500176747639974,1.8380637480201283e-06,8.704284330344573e-09,1.8380944150446037e-06,7.87857362164838e-07,3.4061100450344384e-05,0.0009279610821977258,0.4240124225616455,30.309484481811523
bandmf_ime_sep_vbc,112,0.5001602172851562,1.8402314102180146e-06,8.76996505046653e-09,1.840259036119581e-06,7.804569529904862e-07,4.265869938535616e-05,0.0011625259649008512,0.4311509132385254,84.60293579101562
bandmf_ime_sep_vbc,113,0.5000292460123698,1.8408694112774053e-06,8.829863025934989e-09,1.8408944413295103e-06,7.726989726582664e-07,1.8457783880876377e-05,0.0011478629894554615,0.3910095691680908,43.34233856201172
bandmf_ime_sep_vbc,114,0.4996070861816406,1.8398870054170402e-06,8.892562686213523e-09,1.8399093875132166e-06,7.653447132346022e-07,3.394703890080564e-05,0.0009834564989432693,0.43033209443092346,53.2653923034668
bandmf_ime_sep_vbc,115,0.4998423258463542,1.8414944520372956e-06,8.949479046727049e-09,1.8415146456618459e-06,7.576487869679719e-07,4.212972999084741e-05,0.0009342188131995499,0.3958631157875061,21.867677688598633
bandmf_ime_sep_vbc,116,0.5000966389973959,1.840331582532902e-06,9.020120317337899e-09,1.840350023485371e-06,7.512563987196094e-07,3.266845305915922e-05,0.0009994369465857744,0.4108332693576813,31.186281204223633
bandmf_ime_sep_vbc,117,0.49960581461588544,1.8452461176821089e-06,9.078944337067204e-09,1.8452623891107578e-06,7.440152387516719e-07,6.581813067896292e-05,0.0009940039599314332,0.41384565830230713,28.780183792114258
bandmf_ime_sep_vbc,118,0.49979909261067706,1.8448026869085272e-06,9.140283826110837e-09,1.8448176414646393e-06,7.371225715739153e-07,2.139647040166892e-05,0.0009269057773053646,0.4601556658744812,59.12919235229492
bandmf_ime_sep_vbc,119,0.4993782043457031,1.8501177123653179e-06,9.201750287661051e-09,1.8501309474080092e-06,7.303759090859785e-07,2.3825961761758663e-05,0.0012615927262231708,0.40988820791244507,86.85751342773438
bandmf_ime_sep_vbc,120,0.49982579549153644,1.8466226615980001e-06,9.264361648201694e-09,1.8466345608203483e-06,7.23850270389903e-07,4.3010382796637714e-05,0.0010208474704995751,0.43759554624557495,60.196163177490234
bandmf_ime_sep_vbc,121,0.49958038330078125,1.8412149150511443e-06,9.321543537055277e-09,1.841225881094033e-06,7.170320017735321e-07,9.377185051562265e-06,0.0009587141103111207,0.4496428370475769,188.8086700439453
bandmf_ime_sep_vbc,122,0.4996388753255208,1.8381722715806366e-06,9.380895134765884e-09,1.8381819160140367e-06,7.105127579620785e-07,2.2517226170748472e-05,0.0009767470182850957,0.4369894862174988,110.86177062988281
bandmf_ime_sep_vbc,123,0.4996172587076823,1.8425529712355153e-06,9.43724990746612e-09,1.842561777228487e-06,7.03895513728033e-07,3.864158861688338e-05,0.0010676323436200619,0.40752777457237244,52.93415832519531
bandmf_ime_sep_vbc,124,0.49975840250651044,1.8466276448710535e-06,9.50583127027708e-09,1.846635593475791e-06,6.983055058640275e-07,2.76492955890717e-05,0.0009311965550296009,0.4343382716178894,136.9404754638672
bandmf_ime_sep_vbc,125,0.4998613993326823,1.8495705091936543e-06,9.558356254639003e-09,1.8495775719884477e-06,6.916512731436342e-07,2.891599797294475e-05,0.0008440554374828935,0.4285544753074646,23.93466567993164
bandmf_ime_sep_vbc,126,0.4995079040527344,1.8425443926162188e-06,9.619849065482336e-09,1.8425509769789035e-06,6.857667666319381e-07,2.985565697599668e-05,0.0008844507392495871,0.4334820806980133,33.81859588623047
bandmf_ime_sep_vbc,127,0.49961217244466144,1.8402531149301164e-06,9.678063202696782e-09,1.8402588134828572e-06,6.797601225609166e-07,3.136716259177774e-05,0.001055177766829729,0.4176303446292877,53.871612548828125
bandmf_ime_sep_vbc,128,0.5004158020019531,1.8398003334141322e-06,9.737820660937757e-09,1.839805610378183e-06,6.739718922214403e-07,3.392305370653048e-05,0.0011500180698931217,0.4224388599395752,30.479007720947266
bandmf_ime_sep_vbc,129,0.4998283386230469,1.8425670494555864e-06,9.787056461559493e-09,1.8425718953570442e-06,6.675717874789674e-07,1.6877002053661272e-05,0.0009643269004300237,0.435736745595932,48.93642807006836
bandmf_ime_sep_vbc,130,0.4994862874348958,1.8436337920017347e-06,9.855480690805033e-09,1.8436381926297447e-06,6.625847698652857e-07,2.0807206965400837e-05,0.001069558085873723,0.42022645473480225,46.559173583984375
bandmf_ime_sep_vbc,131,0.49907811482747394,1.8443733627767263e-06,9.916676516989279e-09,1.8443773323421435e-06,6.572019420521732e-07,3.3886546589201316e-05,0.0010838236194103956,0.42905062437057495,105.90222930908203
bandmf_ime_sep_vbc,132,0.5002975463867188,1.8422949731681608e-06,9.966527492188959e-09,1.8422984927231785e-06,6.511729206219267e-07,1.2727436114801094e-05,0.001003640121780336,0.4444303512573242,119.59246826171875
bandmf_ime_sep_vbc,133,0.4993184407552083,1.8395539598259347e-06,1.002757014460324e-08,1.839557010422747e-06,6.459781995242034e-07,1.2092884389858227e-05,0.0010277717374265194,0.43119606375694275,83.04885864257812
bandmf_ime_sep_vbc,134,0.49918365478515625,1.8395529224335405e-06,1.0093990754356241e-08,1.8395555372308081e-06,6.412146357585394e-07,3.427831325097941e-05,0.0010180197423323989,0.4085232615470886,49.99187469482422
bandmf_ime_sep_vbc,135,0.49869410196940106,1.8403957634897476e-06,1.0152647611505472e-08,1.8403984067087247e-06,6.360433175700564e-07,3.083576666540466e-05,0.0009975176071748137,0.443868488073349,40.81814956665039
bandmf_ime_sep_vbc,136,0.50006103515625,1.8430612082435498e-06,1.0204498135379936e-08,1.8430633919782242e-06,6.305414288476641e-07,5.831500675412826e-05,0.0010389116359874606,0.41879934072494507,20.925729751586914
bandmf_ime_sep_vbc,137,0.49967193603515625,1.8388874044224697e-06,1.0270400085943265e-08,1.8388895597354349e-06,6.259944598241418e-07,3.371589264133945e-05,0.0010585132986307144,0.4268227517604828,68.8825454711914
bandmf_ime_sep_vbc,138,0.4996477762858073,1.8406034077618945e-06,1.0325922376412203e-08,1.8406051604339761e-06,6.208969386041948e-07,3.443130844971165e-05,0.0009677225607447326,0.4288712739944458,56.820098876953125
bandmf_ime_sep_vbc,139,0.49888865152994794,1.8373484635958448e-06,1.0375081016533727e-08,1.83735019732012e-06,6.155098333238129e-07,6.082740947022103e-05,0.0010304948082193732,0.4549896717071533,22.471494674682617
bandmf_ime_sep_vbc,140,0.4997138977050781,1.8407172746037759e-06,1.0436067787722436e-08,1.8407190462236638e-06,6.109113996899396e-07,2.0272193069104105e-05,0.0009457804844714701,0.4313610792160034,94.85945892333984
bandmf_ime_sep_vbc,141,0.4995689392089844,1.8451432879373897e-06,1.0498039659800895e-08,1.8451446095468782e-06,6.064455912261716e-07,1.1768068361561745e-05,0.001067025470547378,0.4239497780799866,88.19027709960938
bandmf_ime_sep_vbc,142,0.49944432576497394,1.8419481998914005e-06,1.0560445777111719e-08,1.8419495072900343e-06,6.020768618479148e-07,3.669770376291126e-05,0.0011633043177425861,0.45989707112312317,55.84647750854492
bandmf_ime_sep_vbc,143,0.49963124593098956,1.8385910038887232e-06,1.0595092914122972e-08,1.8385922970765023e-06,5.962155166609288e-07,3.30495931848418e-05,0.0009553071577101946,0.42468756437301636,40.206172943115234
bandmf_ime_sep_vbc,144,0.49945068359375,1.841528392295307e-06,1.0651566554701711e-08,1.8415292402096384e-06,5.916747127798772e-07,6.525500793941319e-05,0.0010249643819406629,0.4420008361339569,49.5732307434082
bandmf_ime_sep_vbc,145,0.49953969319661456,1.8408277213666224e-06,1.0717733071411809e-08,1.8408285787548568e-06,5.877403073858053e-07,2.2634423658018932e-05,0.000980302575044334,0.44015443325042725,126.69090270996094
bandmf_ime_sep_vbc,146,0.49935022989908856,1.8379341687098834e-06,1.0771497508758424e-08,1.8379350450459242e-06,5.831939589029389e-07,1.866460297605954e-05,0.0009079232695512474,0.46841156482696533,63.13184356689453
bandmf_ime_sep_vbc,147,0.49886322021484375,1.8417207646355867e-06,1.0819530345725544e-08,1.8417216267607728e-06,5.784160066468758e-07,3.574211223167367e-05,0.0010102182859554887,0.41071248054504395,68.86788940429688
bandmf_ime_sep_vbc,148,0.4991505940755208,1.84284255529595e-06,1.0884557477552903e-08,1.8428434174211361e-06,5.746156948778965e-07,4.016472666990012e-05,0.0010252197971567512,0.4451996684074402,40.50431823730469
bandmf_ime_sep_vbc,149,0.4995524088541667,1.8381618171285179e-06,1.094913186043082e-08,1.8381626745167523e-06,5.708487478273128e-07,5.321152275428176e-05,0.0009204478119499981,0.464600145816803,63.61650466918945
bandmf_ime_sep_vbc,150,0.4998156229654948,1.8383138827478736e-06,1.099860502673522e-08,1.8383143043365635e-06,5.663603488414992e-07,3.0666327802464366e-05,0.0009766918374225497,0.43910762667655945,48.20260238647461
bandmf_ime_sep_vbc,151,0.49944432576497394,1.8402521959615115e-06,1.1043566727764187e-08,1.8402526128132497e-06,5.617160070414684e-07,3.07572481688112e-05,0.0008967080502770841,0.44338592886924744,69.5224838256836
bandmf_ime_sep_vbc,152,0.4994252522786458,1.84380858077778e-06,1.1102678702338645e-08,1.8438090071034214e-06,5.578601734631169e-07,9.99999993922529e-09,0.0010351637611165643,0.4317099452018738,108914.109375
bandmf_ime_sep_vbc,153,0.5000470479329427,1.843924110289663e-06,1.1172578269954178e-08,1.8439245460892077e-06,5.545987017778012e-07,1.5198248547676485e-05,0.0009741141693666577,0.4314349591732025,78.417236328125
bandmf_ime_sep_vbc,154,0.49938710530598956,1.8449082404004002e-06,1.1221629070412575e-08,1.8449086572521385e-06,5.503590045918827e-07,1.5152544619922992e-05,0.001045919838361442,0.4465678632259369,30.317102432250977
bandmf_ime_sep_vbc,155,0.49932861328125,1.8368903103767782e-06,1.1266964435504198e-08,1.8368907367024196e-06,5.460074348206945e-07,1.4243869372876361e-05,0.0009451190126128495,0.44658613204956055,113.94039154052734
bandmf_ime_sep_vbc,156,0.4995155334472656,1.8422553106726507e-06,1.1315415530492126e-08,1.8422557180504857e-06,5.418756690763379e-07,2.4073084205156192e-05,0.0010263397125527263,0.43390363454818726,50.15673828125
bandmf_ime_sep_vbc,157,0.4998207092285156,1.8458447783586962e-06,1.139139471639794e-08,1.8458451999473862e-06,5.391118781024792e-07,1.0913159712799825e-05,0.0008303309441544116,0.46122604608535767,142.7744598388672
bandmf_ime_sep_vbc,158,0.49960072835286456,1.8425144645561886e-06,1.144307915090792e-08,1.8425148956187816e-06,5.352458008663538e-07,2.8664289857260883e-05,0.0009486806811764836,0.4289917051792145,52.734954833984375
bandmf_ime_sep_vbc,159,0.5001881917317709,1.836399690091639e-06,1.1490276915123351e-08,1.8364000974694743e-06,5.312314617829846e-07,2.770167702692561e-05,0.0009995877044275403,0.44780707359313965,52.20975112915039
bandmf_ime_sep_vbc,160,0.4998575846354167,1.8464730497195585e-06,1.1543741185171541e-08,1.8464734665712967e-06,5.275661768185577e-07,5.0523416575742885e-05,0.0010655662044882774,0.4404764473438263,27.001304626464844
bandmf_ime_sep_vbc,161,0.4996070861816406,1.8438262022376268e-06,1.1610147325017786e-08,1.8438266190893653e-06,5.245408350636657e-07,3.6179488233756274e-05,0.000990569475106895,0.453616738319397,66.35928344726562
bandmf_ime_sep_vbc,162,0.4996897379557292,1.8440059363911132e-06,1.166914627888834e-08,1.8440063437689484e-06,5.212249689634518e-07,1.4595812899642624e-05,0.0010688761249184608,0.45357394218444824,92.0147705078125
bandmf_ime_sep_vbc,163,0.4999186197916667,1.836596662011895e-06,1.1712358009378457e-08,1.836597093074488e-06,5.172588307308009e-07,3.380845737410709e-05,0.0009835832752287388,0.4740585684776306,49.90925598144531
bandmf_ime_sep_vbc,164,0.49991734822591144,1.8418984050564784e-06,1.1758189015035706e-08,1.8418988029604104e-06,5.134691036801087e-07,3.0234934456530027e-05,0.0009623908554203808,0.4810517430305481,73.73982238769531
bandmf_ime_sep_vbc,165,0.49949391682942706,1.8417029442237738e-06,1.1825532701218814e-08,1.8417029442237738e-06,5.106661925916948e-07,1.1734467079804745e-05,0.0008782742079347372,0.4455312192440033,165.35609436035156
bandmf_ime_sep_vbc,166,0.5001945495605469,1.841980932226761e-06,1.1877848223503426e-08,1.841980932226761e-06,5.072573875016436e-07,3.682206443045288e-05,0.0010443063220009208,0.45938530564308167,30.574644088745117
bandmf_ime_sep_vbc,167,0.49981053670247394,1.844690080095764e-06,1.1935996154418168e-08,1.844690080095764e-06,5.041443221405947e-07,1.9459756003925577e-05,0.0008117796387523413,0.43916818499565125,31.6148738861084
bandmf_ime_sep_vbc,168,0.4993400573730469,1.8411175991180546e-06,1.1984262175227892e-08,1.8411175991180546e-06,5.00661414548631e-07,2.2754407837055624e-05,0.0008695338037796319,0.4503965675830841,47.72269821166992
bandmf_ime_sep_vbc,169,0.49974822998046875,1.8440912820475812e-06,1.2040609879508205e-08,1.8440912820475812e-06,4.975639005995921e-07,4.885052112513222e-05,0.000990543863736093,0.4601478576660156,24.25404930114746
bandmf_ime_sep_vbc,170,0.5001996358235677,1.8374443679173662e-06,1.2092289392029443e-08,1.8374443679173662e-06,4.943184090204037e-07,6.830553502368275e-06,0.0010738468263298273,0.45357388257980347,152.73101806640625
bandmf_ime_sep_vbc,171,0.4994494120279948,1.838482565593343e-06,1.2154555473209427e-08,1.838482565593343e-06,4.915470270816513e-07,6.812234005337814e-06,0.000872306467499584,0.46635252237319946,99.03875732421875
bandmf_ime_sep_vbc,172,0.49977747599283856,1.8406330421309274e-06,1.2201097872773422e-08,1.8406330421309274e-06,4.881825740691662e-07,2.7981475795968436e-05,0.0009819946717470884,0.46038928627967834,88.93830871582031
bandmf_ime_sep_vbc,173,0.49968719482421875,1.840330090393157e-06,1.2259325665731069e-08,1.840330090393157e-06,4.853296999840495e-07,2.988823689520359e-05,0.0008893845370039344,0.45393699407577515,51.238094329833984
bandmf_ime_sep_vbc,174,0.49981689453125,1.8367086814426632e-06,1.2306067424342851e-08,1.8367086814426632e-06,4.820644316320492e-07,2.844090704456903e-05,0.0009127228986471891,0.4523549973964691,37.68126678466797
bandmf_ime_sep_vbc,175,0.49971898396809894,1.8378045278192683e-06,1.2360743946911631e-08,1.8378045278192683e-06,4.79153349886019e-07,1.2601763955899514e-05,0.0008956966921687126,0.4772885739803314,97.33573913574219
bandmf_ime_sep_vbc,176,0.49956639607747394,1.8409811701758372e-06,1.2413852797562205e-08,1.8409811701758372e-06,4.762216896381233e-07,2.1238569388515316e-05,0.001022892422042787,0.4678843319416046,119.2440185546875
bandmf_ime_sep_vbc,177,0.49945322672526044,1.8365653649728604e-06,1.247182098336926e-08,1.8365653649728604e-06,4.7351428852001237e-07,3.876415576087311e-05,0.0009825500892475247,0.46934226155281067,51.09554672241211
bandmf_ime_sep_vbc,178,0.49959564208984375,1.8357711487245372e-06,1.2518257356634402e-08,1.8357711487245372e-06,4.7040873241144254e-07,2.6723941118689254e-05,0.0009737286600284278,0.45426303148269653,22.22169303894043
bandmf_ime_sep_vbc,179,0.49994786580403644,1.838939397202921e-06,1.2573417233300669e-08,1.838939397202921e-06,4.6767092953814426e-07,4.318093851907179e-05,0.0008471904438920319,0.4439215064048767,27.839149475097656
bandmf_ime_sep_vbc,180,0.5000394185384115,1.841206535383814e-06,1.263285117255227e-08,1.841206535383814e-06,4.6512604257031853e-07,2.302722896274645e-05,0.0008880026871338487,0.47019147872924805,108.10142517089844
bandmf_ime_sep_vbc,181,0.4993705749511719,1.8426311025147395e-06,1.2693282166094852e-08,1.8426311025147395e-06,4.626499669294996e-07,1.8160782929044217e-05,0.000910973409190774,0.45731329917907715,91.47447204589844
bandmf_ime_sep_vbc,182,0.4998575846354167,1.840154922660986e-06,1.2738425832677555e-08,1.840154922660986e-06,4.5965310728017056e-07,1.3232198398327455e-05,0.0010061112698167562,0.4534198045730591,143.05810546875
bandmf_ime_sep_vbc,183,0.5002695719401041,1.838079654703506e-06,1.2785262219298469e-08,1.838079654703506e-06,4.567577853720195e-07,6.604610462090932e-06,0.000891379895620048,0.47575002908706665,269.5726318359375
bandmf_ime_sep_vbc,184,0.4998982747395833,1.838246319607606e-06,1.2834682353949725e-08,1.838246319607606e-06,4.539931026670274e-07,3.466314228717238e-05,0.0008978121913969517,0.4652925133705139,90.2291488647461
bandmf_ime_sep_vbc,185,0.49982579549153644,1.8359261370430129e-06,1.2901298881059139e-08,1.8359261370430129e-06,4.5186728077813615e-07,4.353770782472566e-05,0.001151148695498705,0.4678528904914856,55.942848205566406
bandmf_ime_sep_vbc,186,0.4993642171223958,1.8417907246733496e-06,1.294736821459234e-08,1.8417907246733496e-06,4.490530566651311e-07,3.842403384624049e-05,0.000882214866578579,0.48262882232666016,34.32022476196289
bandmf_ime_sep_vbc,187,0.4998486836751302,1.845951895044588e-06,1.298137738044621e-08,1.845951895044588e-06,4.4586194884269997e-07,3.081207614741288e-05,0.0009622059878893197,0.4596763253211975,29.715682983398438
bandmf_ime_sep_vbc,188,0.49985376993815106,1.8448626472415224e-06,1.3040827232894495e-08,1.8448626472415224e-06,4.435813790356254e-07,7.98825203673914e-06,0.0009568493696860969,0.4555530846118927,54.63312530517578
bandmf_ime_sep_vbc,189,0.5001665751139323,1.8426899022945993e-06,1.3104994015892638e-08,1.8426899022945993e-06,4.414871774827134e-07,1.5928093489492312e-05,0.0010022309143096209,0.4702918231487274,108.63782501220703
bandmf_ime_sep_vbc,190,0.5000762939453125,1.843690019616891e-06,1.315308325218941e-08,1.843690019616891e-06,4.3888003157614247e-07,8.098238322418183e-05,0.0010093378368765116,0.4659551978111267,28.1843318939209
bandmf_ime_sep_vbc,191,0.4999580383300781,1.8404061610984475e-06,1.3187592758553043e-08,1.8404061610984475e-06,4.3585808858400316e-07,2.096726711897645e-05,0.0009451564983464777,0.48479127883911133,25.70351791381836
bandmf_ime_sep_vbc,192,0.5003039042154948,1.8437137943768296e-06,1.3256010770549645e-08,1.8437137943768296e-06,4.339875836478768e-07,6.462249984906521e-06,0.0008640066371299326,0.4417916238307953,61.72320556640625
bandmf_ime_sep_vbc,193,0.5001513163248698,1.844053168535235e-06,1.3315779405035736e-08,1.844053168535235e-06,4.318564243988021e-07,2.4309409127454273e-05,0.0009152019047178328,0.45524662733078003,26.95292091369629
bandmf_ime_sep_vbc,194,0.5000114440917969,1.8433353593157638e-06,1.3356940627614241e-08,1.8433353593157638e-06,4.2915235454188405e-07,1.574065572640393e-05,0.0009681336232461035,0.4609699547290802,85.61151123046875
bandmf_ime_sep_vbc,195,0.500158945719401,1.8373353659247489e-06,1.3394516384934718e-08,1.8373353659247489e-06,4.2636962405140366e-07,4.3464908230816945e-05,0.000836959108710289,0.48998966813087463,48.39720916748047
bandmf_ime_sep_vbc,196,0.49959437052408856,1.8422218014772322e-06,1.3448390586331035e-08,1.8422218014772322e-06,4.241375890501331e-07,4.3599378841463476e-05,0.000780974980443716,0.4603476822376251,25.69266128540039
bandmf_ime_sep_vbc,197,0.4999504089355469,1.8444777083459485e-06,1.351584044684273e-08,1.8444777083459485e-06,4.2235697013855617e-07,1.0093800483446103e-05,0.000985476071946323,0.48149430751800537,36.88497543334961
bandmf_ime_sep_vbc,198,0.4999987284342448,1.8448672420845469e-06,1.3567822495138179e-08,1.8448672420845469e-06,4.2011576439904275e-07,9.008595952764153e-06,0.0008578924462199211,0.46879878640174866,134.65115356445312
bandmf_ime_sep_vbc,199,0.4999046325683594,1.8432944604758934e-06,1.3613128587349385e-08,1.8432944604758934e-06,4.176967867882316e-07,2.376389966229908e-05,0.0008889344171620905,0.492748886346817,51.41413497924805
bandmf_ime_sep_vbc,200,0.49996693929036456,1.840681359036959e-06,1.3656430689993707e-08,1.840681359036959e-06,4.1524719189093656e-07,1.6466570741613396e-05,0.0010291187791153789,0.4530676603317261,45.96175765991211
bandmf_ime_sep_vbc,201,0.5001131693522135,1.838720715833612e-06,1.3698279029602153e-08,1.838720715833612e-06,4.1278434537161957e-07,5.126785617903806e-05,0.0008718995377421379,0.5068926811218262,23.280441284179688
bandmf_ime_sep_vbc,202,0.5004386901855469,1.8400427279630094e-06,1.3759424340638779e-08,1.8400427279630094e-06,4.109288944675882e-07,7.060041752993129e-06,0.0008932772325351834,0.478300541639328,260.052001953125
bandmf_ime_sep_vbc,203,0.4999351501464844,1.8416673697174701e-06,1.381318670556908e-08,1.8416673697174701e-06,4.08875243588606e-07,2.8670143365161493e-05,0.0008817077032290399,0.4629089832305908,56.022193908691406
bandmf_ime_sep_vbc,204,0.4997901916503906,1.8383484672312989e-06,1.385675344837504e-08,1.8383484672312989e-06,4.0654637108635444e-07,2.701182347664144e-05,0.0008666268549859524,0.47657591104507446,26.03891372680664
bandmf_ime_sep_vbc,205,0.5000406901041666,1.8360120700814757e-06,1.3888566148996992e-08,1.8360120700814757e-06,4.039040272611298e-07,1.4016682143846992e-05,0.0009116791770793498,0.47257232666015625,60.26496505737305
bandmf_ime_sep_vbc,206,0.5004425048828125,1.8383252988011616e-06,1.3940259687335773e-08,1.8383252988011616e-06,4.018690731300012e-07,3.3668715332169086e-05,0.0008926857844926417,0.5046324729919434,38.72856903076172
bandmf_ime_sep_vbc,207,0.5005531311035156,1.840374366679498e-06,1.399391680312334e-08,1.840374366679498e-06,3.9991380755092604e-07,4.419982360559516e-06,0.0009692821768112481,0.4520009756088257,29.15290641784668
bandmf_ime_sep_vbc,208,0.5001258850097656,1.8401143554077255e-06,1.4042138378004646e-08,1.8401143554077255e-06,3.978265231315466e-07,3.94607923226431e-05,0.0010541428346186876,0.5035607218742371,65.00349426269531
bandmf_ime_sep_vbc,209,0.4998118082682292,1.8425983038620568e-06,1.4098840169414947e-08,1.8425983038620568e-06,3.9600203412722596e-07,2.282605055370368e-05,0.0010734634706750512,0.4678465723991394,81.44898986816406
bandmf_ime_sep_vbc,210,0.500420888264974,1.8436382968426794e-06,1.4135832060446774e-08,1.8436382968426794e-06,3.9364870000705804e-07,2.806555676215794e-05,0.0009157891036011279,0.49638286232948303,49.98827362060547
bandmf_ime_sep_vbc,211,0.5004107157389323,1.8464565367063794e-06,1.4173935765822895e-08,1.8464565367063794e-06,3.913548691040584e-07,9.28483950701775e-06,0.0009695665212348104,0.46725666522979736,244.68927001953125
bandmf_ime_sep_vbc,212,0.49991734822591144,1.8460079947620518e-06,1.4242280096018097e-08,1.8460079947620518e-06,3.8991710364181625e-07,4.372930106910644e-06,0.001047675614245236,0.4739542007446289,235.32264709472656
bandmf_ime_sep_vbc,213,0.5004043579101562,1.843888639996294e-06,1.4292640700593514e-08,1.843888639996294e-06,3.8800447536383825e-07,1.9480457922327332e-05,0.000991545501165092,0.4808723032474518,50.59377670288086
bandmf_ime_sep_vbc,214,0.5003509521484375,1.8400635847607798e-06,1.4337975140499282e-08,1.8400635847607798e-06,3.859782478817427e-07,1.5973044355632737e-05,0.0007889795815572143,0.48313629627227783,88.42265319824219
bandmf_ime_sep_vbc,215,0.50048828125,1.8438224363611273e-06,1.4383451207855558e-08,1.8438224363611273e-06,3.8397933484664765e-07,4.3256684875814244e-05,0.0009979853639379144,0.4810088276863098,35.93013000488281
bandmf_ime_sep_vbc,216,0.5003636678059896,1.8419093900471732e-06,1.4440280304839348e-08,1.8419093900471732e-06,3.8230385612791906e-07,3.1803272577235475e-05,0.0011645364575088024,0.46439608931541443,63.88452911376953
bandmf_ime_sep_vbc,217,0.5001564025878906,1.8413719686805052e-06,1.4487730792822617e-08,1.8413719686805052e-06,3.8039987515503526e-07,2.0261231838958338e-05,0.0007932452717795968,0.5021929740905762,78.84369659423828
bandmf_ime_sep_vbc,218,0.5000432332356771,1.8426764588260387e-06,1.4522471521634847e-08,1.8426764588260387e-06,3.781862538687619e-07,2.3112836061045527e-05,0.0009751428151503205,0.48961031436920166,93.02765655517578
bandmf_ime_sep_vbc,219,0.5002263387044271,1.8420657662924593e-06,1.4573179181927761e-08,1.8420657662924593e-06,3.764114235120057e-07,3.331679545226507e-05,0.0009442174341529608,0.4968109428882599,36.47090148925781
bandmf_ime_sep_vbc,220,0.4997545878092448,1.8475188596767111e-06,1.4629646383212958e-08,1.8475188596767111e-06,3.7480383478320317e-07,1.4990624549682252e-05,0.0007797384168952703,0.4834374785423279,111.30864715576172
bandmf_ime_sep_vbc,221,0.4998588562011719,1.8409665566802384e-06,1.4670865189359006e-08,1.8409665566802384e-06,3.728250845824732e-07,3.07423688354902e-05,0.000965191749855876,0.4884070158004761,26.634716033935547
bandmf_ime_sep_vbc,222,0.5001246134440104,1.842101970813322e-06,1.472757467831561e-08,1.842101970813322e-06,3.7125965472265915e-07,5.750843047280796e-05,0.0009118975722230971,0.47660118341445923,35.255340576171875
bandmf_ime_sep_vbc,223,0.5002759297688802,1.8410161146675819e-06,1.4759803860601531e-08,1.8410161146675819e-06,3.690980712178771e-07,1.8105960407410748e-05,0.0009236277546733618,0.5076104402542114,61.36903762817383
bandmf_ime_sep_vbc,224,0.500189463297526,1.8456160167564424e-06,1.481637423861315e-08,1.8456160167564424e-06,3.67565657910518e-07,3.7483925552805886e-05,0.0009269919828511775,0.4823457896709442,66.49453735351562
bandmf_ime_sep_vbc,225,0.49989954630533856,1.8396149717621786e-06,1.4865406905428813e-08,1.8396149717621786e-06,3.6586364042060876e-07,2.5933148208423518e-05,0.0006950647220946848,0.49032753705978394,76.82418060302734
bandmf_ime_sep_vbc,226,0.5002225240071615,1.838235367775572e-06,1.490895947438749e-08,1.838235367775572e-06,3.64045700251836e-07,5.822205275762826e-05,0.0010222584242001176,0.47837066650390625,35.40203857421875
bandmf_ime_sep_vbc,227,0.500603993733724,1.8377373483720778e-06,1.4948281723548007e-08,1.8377373483720778e-06,3.6214568529165564e-07,5.618817885988392e-05,0.000761769711971283,0.5257745981216431,34.06753158569336
bandmf_ime_sep_vbc,228,0.5003306070963541,1.8400231501421633e-06,1.4999552896040786e-08,1.8400231501421633e-06,3.6055400087775524e-07,2.7542620955500752e-05,0.0007985365809872746,0.5133236646652222,71.6455307006836
bandmf_ime_sep_vbc,229,0.49973805745442706,1.838663488721674e-06,1.5057383562222526e-08,1.838663488721674e-06,3.59135404674286e-07,9.99999993922529e-09,0.0008283109636977315,0.5115711092948914,98995.046875
bandmf_ime_sep_vbc,230,0.5001004536946615,1.8381514668893335e-06,1.509050425359722e-08,1.8381514668893335e-06,3.571460271227049e-07,9.99999993922529e-09,0.0008272519917227328,0.4986571967601776,43669.23828125
bandmf_ime_sep_vbc,231,0.5005353291829427,1.8370448344739998e-06,1.513762929820454e-08,1.8370448344739998e-06,3.55507958479014e-07,2.88721621473087e-05,0.0008998602861538529,0.4969869554042816,32.170021057128906
bandmf_ime_sep_vbc,232,0.5005912780761719,1.837903923274098e-06,1.518949699352845e-08,1.837903923274098e-06,3.539978526608441e-07,1.4527272469422314e-05,0.0009667878621257842,0.47591066360473633,34.118865966796875
bandmf_ime_sep_vbc,233,0.4999961853027344,1.8429551857934712e-06,1.5244661385101683e-08,1.8429551857934712e-06,3.5257942698763145e-07,1.4908855519024655e-05,0.0007640027324669063,0.4836958050727844,42.398536682128906
bandmf_ime_sep_vbc,234,0.4999745686848958,1.8418404342431434e-06,1.527832416137187e-08,1.8418404342431434e-06,3.506812014109073e-07,1.868042818387039e-05,0.0009341344702988863,0.49321746826171875,96.04535675048828
bandmf_ime_sep_vbc,235,0.500359853108724,1.8430279501065645e-06,1.5338382712097125e-08,1.8430279501065645e-06,3.4940566232914233e-07,5.053151471656747e-05,0.0009219130151905119,0.4949793517589569,42.707218170166016
bandmf_ime_sep_vbc,236,0.5002085367838541,1.8424602596193533e-06,1.538470587962119e-08,1.8424602596193533e-06,3.4783136963293754e-07,1.6118148778332397e-05,0.0008593900129199028,0.5070112943649292,75.79816436767578
bandmf_ime_sep_vbc,237,0.49947865804036456,1.8420244269160928e-06,1.5429793442933715e-08,1.8420244269160928e-06,3.4624553653846607e-07,2.509029036446009e-05,0.0008883429109118879,0.47469598054885864,52.65351104736328
bandmf_ime_sep_vbc,238,0.500091552734375,1.840533874049773e-06,1.5474648747589487e-08,1.840533874049773e-06,3.446712592373539e-07,3.289867890998721e-05,0.0007932308944873512,0.5251705646514893,72.29680633544922
bandmf_ime_sep_vbc,239,0.5004043579101562,1.843732671128843e-06,1.5508830812175727e-08,1.843732671128843e-06,3.4287726791149e-07,3.87877980756457e-06,0.0008845265838317573,0.490874320268631,510.00347900390625
bandmf_ime_sep_vbc,240,0.5006497701009115,1.8389399703740612e-06,1.5569806333104452e-08,1.8389399703740612e-06,3.416908356257409e-07,1.0122143976332154e-05,0.0009507645736448467,0.5255831480026245,224.137939453125
bandmf_ime_sep_vbc,241,0.4998283386230469,1.8466568813361544e-06,1.561394835647434e-08,1.8466568813361544e-06,3.401482627414983e-07,5.5265933042392135e-05,0.0009389894548803568,0.4877602458000183,21.598716735839844
bandmf_ime_sep_vbc,242,0.5004933675130209,1.8385324125347324e-06,1.567146619881517e-08,1.8385324125347324e-06,3.3891106691423073e-07,1.2519644769781735e-05,0.0007867183303460479,0.4821271002292633,148.2328338623047
bandmf_ime_sep_vbc,243,0.5001513163248698,1.8416108294635098e-06,1.570243113313552e-08,1.8416108294635098e-06,3.3711487527436174e-07,9.99999993922529e-09,0.0008973438525572419,0.5021229386329651,57046.046875
bandmf_ime_sep_vbc,244,0.5002606709798177,1.844323117931405e-06,1.575374364293225e-08,1.844323117931405e-06,3.3577209871774966e-07,1.2641562534554396e-05,0.0008771637221798301,0.48729589581489563,63.949710845947266
bandmf_ime_sep_vbc,245,0.4999071756998698,1.8479661415919206e-06,1.5793784724493776e-08,1.8479661415919206e-06,3.342038231342788e-07,4.537949644145556e-05,0.0008213284309022129,0.5105331540107727,15.992368698120117
bandmf_ime_sep_vbc,246,0.5004475911458334,1.8473514179125534e-06,1.5852418859078437e-08,1.8473514179125534e-06,3.3304229181870443e-07,4.650730261346325e-05,0.0009051387896761298,0.4919615089893341,31.558317184448242
bandmf_ime_sep_vbc,247,0.5004564921061198,1.8428465532830767e-06,1.5890265103735146e-08,1.8428465532830767e-06,3.3145753045952614e-07,2.324785054952372e-05,0.0008091813651844859,0.5103103518486023,82.11277770996094
bandmf_ime_sep_vbc,248,0.5002708435058594,1.8432810170073328e-06,1.5933674601953385e-08,1.8432810170073328e-06,3.300045913571618e-07,1.820684519771021e-05,0.0009342149714939296,0.4954967498779297,137.1947021484375
bandmf_ime_sep_vbc,249,0.5003980000813802,1.8443798524003796e-06,1.599057804687239e-08,1.8443798524003796e-06,3.2884346741942255e-07,6.060141458874568e-06,0.0008013773476704955,0.5448030829429626,117.34302520751953
bandmf_ime_sep_vbc,250,0.5002237955729166,1.8441095051002776e-06,1.603229038416032e-08,1.8441095051002776e-06,3.273828248495647e-07,1.3457497516355943e-05,0.0008068886818364263,0.5105817317962646,57.14237594604492
bandmf_ime_sep_vbc,251,0.5006192525227865,1.8445907509582564e-06,1.6070901572480995e-08,1.8445907509582564e-06,3.2587371497546275e-07,2.0943616618751548e-05,0.0009657818009145558,0.5226325392723083,78.077392578125
bandmf_ime_sep_vbc,252,0.500115712483724,1.8496028294142282e-06,1.6121423159394983e-08,1.8496028294142282e-06,3.2461996587092773e-07,2.5079947590711527e-05,0.000991487642750144,0.5183935165405273,33.620948791503906
bandmf_ime_sep_vbc,253,0.499969482421875,1.8447947904102573e-06,1.616370874183796e-08,1.8447947904102573e-06,3.2321332218051185e-07,2.3528336896561086e-05,0.0007576989592052996,0.48661884665489197,78.4129638671875
bandmf_ime_sep_vbc,254,0.5002415974934896,1.8460307463404508e-06,1.62235998709311e-08,1.8460307463404508e-06,3.2217011517824784e-07,3.458766150288284e-05,0.0009470739751122892,0.4921083152294159,96.87469482421875
bandmf_ime_sep_vbc,255,0.5006001790364584,1.8425469742548255e-06,1.6265090015584367e-08,1.8425469742548255e-06,3.2077290867960073e-07,1.3340969417185988e-05,0.0009067808859981596,0.5191354751586914,88.64183807373047
bandmf_ime_sep_vbc,256,0.5004221598307291,1.8436286239875699e-06,1.6317894295051854e-08,1.8436286239875699e-06,3.1961086695749447e-07,3.61228667316027e-05,0.0009698193171061575,0.5323320031166077,57.816349029541016
bandmf_ime_sep_vbc,257,0.5000699361165365,1.840091002236477e-06,1.6348785954652573e-08,1.840091002236477e-06,3.180333199755599e-07,2.9445658583426848e-05,0.0009133031126111746,0.5009782910346985,58.39748764038086
bandmf_ime_sep_vbc,258,0.5004997253417969,1.8446296081719993e-06,1.6399421006359678e-08,1.8446296081719993e-06,3.1685334889175465e-07,3.4409600630169734e-05,0.000932472525164485,0.5284387469291687,46.1160888671875
bandmf_ime_sep_vbc,259,0.4999237060546875,1.8449800999557435e-06,1.6450999969682318e-08,1.8449800999557435e-06,3.1570237387275785e-07,1.198630161525216e-05,0.0008371206349693239,0.48495781421661377,48.6356086730957
bandmf_ime_sep_vbc,260,0.5004488627115885,1.8420943301104369e-06,1.6498444388446387e-08,1.8420943301104369e-06,3.1448303161596414e-07,7.1947274591366295e-06,0.0007211738266050816,0.5093627572059631,101.54956817626953
bandmf_ime_sep_vbc,261,0.4997418721516927,1.8466695195229477e-06,1.652883111861551e-08,1.8466695195229477e-06,3.129518167573527e-07,2.81435113720363e-05,0.0008116825483739376,0.5130200386047363,53.41156005859375
bandmf_ime_sep_vbc,262,0.4999834696451823,1.8399917678380007e-06,1.656962100859971e-08,1.8399917678380007e-06,3.116319800729646e-07,3.087320510530844e-05,0.0009827304165810347,0.5131351351737976,100.36176300048828
bandmf_ime_sep_vbc,263,0.4996846516927083,1.8419835375501255e-06,1.6630297361430735e-08,1.8419835375501255e-06,3.106961372623118e-07,3.2225212635239586e-05,0.0008785799145698547,0.5073480010032654,46.344642639160156
bandmf_ime_sep_vbc,264,0.5000877380371094,1.8480507103883308e-06,1.6691992084834812e-08,1.8480507103883308e-06,3.0978710441331714e-07,3.5419016057858244e-05,0.0009716987842693925,0.5164583921432495,42.214778900146484
bandmf_ime_sep_vbc,265,0.5002288818359375,1.8453843514028752e-06,1.6727703222585433e-08,1.8453843514028752e-06,3.0840612197380324e-07,5.498841710505076e-05,0.0007273672381415963,0.5268664360046387,57.40568161010742
bandmf_ime_sep_vbc,266,0.49972788492838544,1.847629169067962e-06,1.676403097820393e-08,1.847629169067962e-06,3.070498841850622e-07,2.9734916097368114e-05,0.0010522541124373674,0.5001919269561768,43.734676361083984
bandmf_ime_sep_vbc,267,0.4999580383300781,1.8478167902458154e-06,1.68092513241902e-08,1.8478167902458154e-06,3.058685228059706e-07,3.675399057101458e-05,0.0009050624212250113,0.49849891662597656,46.99480438232422
bandmf_ime_sep_vbc,268,0.5001246134440104,1.8410378762231023e-06,1.686192674377196e-08,1.8410378762231023e-06,3.0483275992310155e-07,1.1971607818850316e-05,0.0008510969346389174,0.5267732739448547,85.91341400146484
bandmf_ime_sep_vbc,269,0.5002301534016927,1.8446387646993874e-06,1.689496631485099e-08,1.8446387646993874e-06,3.0345320804296233e-07,3.726074282894842e-05,0.0008994946256279945,0.47553253173828125,38.0241584777832
bandmf_ime_sep_vbc,270,0.5000661214192709,1.8489175204194908e-06,1.6926804476587638e-08,1.8489175204194908e-06,3.020657750596456e-07,2.645340828166809e-05,0.0007872391724959016,0.5212967395782471,31.574308395385742
bandmf_ime_sep_vbc,271,0.4997507731119792,1.8503572600063005e-06,1.696866232710666e-08,1.8503572600063005e-06,3.008694887303894e-07,2.8771371944458224e-05,0.0006746816216036677,0.5221948027610779,43.31840896606445
bandmf_ime_sep_vbc,272,0.5002301534016927,1.8495391695220558e-06,1.7034922139558262e-08,1.8495391695220558e-06,3.001139520601252e-07,1.4889919839333743e-05,0.0009224893292412162,0.4828365445137024,59.24894714355469
bandmf_ime_sep_vbc,273,0.5000750223795573,1.8466369387700372e-06,1.7060573028378673e-08,1.8466369387700372e-06,2.986530619845477e-07,3.137344174319878e-05,0.0009604237275198102,0.4849478304386139,57.39732360839844
bandmf_ime_sep_vbc,274,0.4999961853027344,1.847106560148859e-06,1.7105041605347537e-08,1.847106560148859e-06,2.9753386125245623e-07,3.6718800402013585e-05,0.0008330410346388817,0.5016492009162903,37.519771575927734
bandmf_ime_sep_vbc,275,0.5000750223795573,1.8458128181464417e-06,1.7144802984721725e-08,1.8458128181464417e-06,2.963432758444166e-07,5.218734440859407e-05,0.0008308341493830085,0.5204386115074158,38.22803497314453
bandmf_ime_sep_vbc,276,0.5001055399576823,1.8456729028078673e-06,1.7211973994217072e-08,1.8456729028078673e-06,2.9563451657092327e-07,1.1658833500405308e-05,0.0009248956921510398,0.5070444345474243,76.05452728271484
bandmf_ime_sep_vbc,277,0.5003140767415365,1.8447462271827437e-06,1.7238933021819964e-08,1.8447462271827437e-06,2.942441857574825e-07,2.7966392735834233e-05,0.0008316613966599107,0.5454211831092834,60.25025939941406
bandmf_ime_sep_vbc,278,0.5003102620442709,1.8435462815583985e-06,1.7297306031949233e-08,1.8435462815583985e-06,2.934001841481404e-07,8.66536811372498e-06,0.0007752475794404745,0.5423927307128906,411.0736389160156
bandmf_ime_sep_vbc,279,0.5003954569498698,1.8468882624726273e-06,1.7321575729312144e-08,1.8468882624726273e-06,2.9198783598379424e-07,5.2505565690808e-05,0.0007682117284275591,0.5248106122016907,23.86322021484375
bandmf_ime_sep_vbc,280,0.5008328755696615,1.8461028711650822e-06,1.737774013577109e-08,1.8461028711650822e-06,2.91123650223805e-07,2.5751338398549706e-05,0.0009651095606386662,0.5261714458465576,31.219364166259766
bandmf_ime_sep_vbc,281,0.5001309712727865,1.8475710419352254e-06,1.7410953789820383e-08,1.8475710419352254e-06,2.898840847365136e-07,2.776814108074177e-05,0.0008573082741349936,0.5273040533065796,28.487468719482422
bandmf_ime_sep_vbc,282,0.5000534057617188,1.8496262536397505e-06,1.7464891310936537e-08,1.8496262536397505e-06,2.8899889770173104e-07,1.9625498680397868e-05,0.0007694906089454889,0.49937355518341064,54.872371673583984
bandmf_ime_sep_vbc,283,0.5005035400390625,1.8419253014675026e-06,1.749673628204107e-08,1.8419253014675026e-06,2.87757503751133e-07,3.1450170354219154e-05,0.0008352824952453375,0.5218414068222046,45.47986602783203
bandmf_ime_sep_vbc,284,0.5004285176595052,1.8410895847864595e-06,1.7540654706493797e-08,1.8410895847864595e-06,2.8672503778655784e-07,2.1705020117224194e-05,0.0008289589313790202,0.5141531229019165,44.54167938232422
bandmf_ime_sep_vbc,285,0.5002861022949219,1.839261244640511e-06,1.7586237947379384e-08,1.839261244640511e-06,2.8572857146969e-07,1.299596351600485e-05,0.0008722997736185789,0.5168899893760681,69.64518737792969
bandmf_ime_sep_vbc,286,0.49974950154622394,1.8393177422619071e-06,1.76374281105988e-08,1.8393177422619071e-06,2.8483115954713867e-07,1.0824665878317319e-05,0.0007640037802048028,0.5159051418304443,217.8060302734375
bandmf_ime_sep_vbc,287,0.500342051188151,1.844677958236692e-06,1.7678508656970848e-08,1.844677958236692e-06,2.83778767595777e-07,1.4294914763013367e-05,0.0007841616170480847,0.5105077028274536,66.91709899902344
bandmf_ime_sep_vbc,288,0.5002873738606771,1.8430632782913865e-06,1.7704771500722433e-08,1.8430632782913865e-06,2.8249910381343096e-07,5.48468005945324e-06,0.0008597415289841592,0.4922339618206024,368.40997314453125
bandmf_ime_sep_vbc,289,0.5001907348632812,1.8418904848734503e-06,1.7766782489658794e-08,1.8418904848734503e-06,2.817983251190981e-07,2.1031437427154742e-05,0.0006935658166185021,0.5429628491401672,61.48054504394531
bandmf_ime_sep_vbc,290,0.5002937316894531,1.840489986193461e-06,1.7792127549043357e-08,1.840489986193461e-06,2.805245339724631e-07,2.5221121177310124e-05,0.0010498934425413609,0.5324130654335022,37.79890823364258
bandmf_ime_sep_vbc,291,0.4999860127766927,1.8440723863477615e-06,1.7837056498493098e-08,1.8440723863477615e-06,2.795694247955301e-07,2.489604776201304e-05,0.0007570441230200231,0.5513277053833008,53.953590393066406
bandmf_ime_sep_vbc,292,0.50030517578125,1.8393103905130677e-06,1.7873287960767925e-08,1.8393103905130677e-06,2.784868288567092e-07,2.6264318876201287e-05,0.000956993957515806,0.5023965239524841,42.352352142333984
bandmf_ime_sep_vbc,293,0.5004221598307291,1.8372543072094534e-06,1.792877646344948e-08,1.8372543072094534e-06,2.7771197845064915e-07,4.348384391050786e-05,0.0007031822460703552,0.531053900718689,35.22874069213867
bandmf_ime_sep_vbc,294,0.5005060831705729,1.8440931673543066e-06,1.7971381123989733e-08,1.8440931673543066e-06,2.767446976766526e-07,3.0236964448704384e-05,0.0008250394021160901,0.5600351095199585,29.72995948791504
bandmf_ime_sep_vbc,295,0.5000495910644531,1.8458227420599844e-06,1.8011531821571225e-08,1.8458227420599844e-06,2.7574793530031155e-07,3.40834230883047e-05,0.0009965950157493353,0.5017284154891968,31.96007537841797
bandmf_ime_sep_vbc,296,0.5000661214192709,1.8435488253013925e-06,1.8029571169364544e-08,1.8435488253013925e-06,2.7442318166019203e-07,2.6515837816987187e-05,0.0007914103916846216,0.5250200033187866,39.752437591552734
bandmf_ime_sep_vbc,297,0.5001296997070312,1.8355528510483055e-06,1.810069338858966e-08,1.8355528510483055e-06,2.7391394515537587e-07,5.9013444115407765e-05,0.0008923043496906757,0.5295541882514954,32.827476501464844
bandmf_ime_sep_vbc,298,0.5003458658854166,1.8392727980653945e-06,1.8150284460579275e-08,1.8392727980653945e-06,2.7308371860120434e-07,2.680386751308106e-05,0.0008871439495123923,0.513477623462677,50.22630310058594
bandmf_ime_sep_vbc,299,0.4998741149902344,1.842654389368666e-06,1.8173677895916285e-08,1.842654389368666e-06,2.7186806287697135e-07,2.656743527040817e-05,0.0007491012802347541,0.5391323566436768,74.35106658935547
bandmf_ime_sep_vbc,300,0.5000025431315104,1.8406178886228493e-06,1.8200483120622835e-08,1.8406178886228493e-06,2.7071419121208845e-07,2.5483755962341093e-05,0.0008671417599543929,0.5396794676780701,55.19927215576172
bandmf_ime_sep_vbc,301,0.4998207092285156,1.8397404393984591e-06,1.8263007476685782e-08,1.8397404393984591e-06,2.700988469920655e-07,6.2828362388245296e-06,0.0007599538075737655,0.49732962250709534,199.63641357421875
bandmf_ime_sep_vbc,302,0.5000038146972656,1.8399816923420076e-06,1.8303455640023003e-08,1.8399816923420076e-06,2.691630195765053e-07,4.584527687256923e-06,0.000826460134703666,0.5254666209220886,64.16741943359375
bandmf_ime_sep_vbc,303,0.5004793802897135,1.8403534719861152e-06,1.8341516157723465e-08,1.8403534719861152e-06,2.682000044273991e-07,1.8282233213540167e-05,0.0008429627632722259,0.5289511680603027,109.60946655273438
bandmf_ime_sep_vbc,304,0.4998359680175781,1.8381461330818638e-06,1.8375224675182267e-08,1.8381461330818638e-06,2.671817457648255e-07,1.7479680536780506e-05,0.0007840110920369625,0.523021936416626,51.39856719970703
bandmf_ime_sep_vbc,305,0.49998219807942706,1.838917176163098e-06,1.8423726988459066e-08,1.838917176163098e-06,2.6638614751088124e-07,9.99999993922529e-09,0.0007103595999069512,0.5276299118995667,171068.515625
bandmf_ime_sep_vbc,306,0.4995168050130208,1.8404793943697466e-06,1.8465926787669673e-08,1.8404793943697466e-06,2.65506077568034e-07,5.262558715912746e-06,0.0008188238134607673,0.5305067300796509,101.31495666503906
bandmf_ime_sep_vbc,307,0.5001869201660156,1.840171435674165e-06,1.8507640457225232e-08,1.840171435674165e-06,2.6462613433864135e-07,7.42789188734605e-06,0.0007928863051347435,0.5351207852363586,60.85824203491211
bandmf_ime_sep_vbc,308,0.49993260701497394,1.8412093301852412e-06,1.8535398031242305e-08,1.8412093301852412e-06,2.6355495445310834e-07,1.5281153537216596e-05,0.0008918845560401678,0.5032340884208679,63.469383239746094
bandmf_ime_sep_vbc,309,0.5000445048014323,1.8404494663097164e-06,1.8588752093151584e-08,1.8404494663097164e-06,2.6285493248678904e-07,4.561036985251121e-05,0.000916018383577466,0.5343336462974548,29.3677978515625
bandmf_ime_sep_vbc,310,0.4996325174967448,1.8420514606987126e-06,1.8629178126043182e-08,1.8420514606987126e-06,2.619783524930123e-07,9.426828910363838e-06,0.0009836952667683363,0.5023400783538818,256.8282470703125
bandmf_ime_sep_vbc,311,0.49979273478190106,1.8421483408322577e-06,1.866438440837707e-08,1.8421483408322577e-06,2.6103579505350655e-07,2.4337436116184108e-05,0.0007361872121691704,0.5336425304412842,43.94784164428711
bandmf_ime_sep_vbc,312,0.499481201171875,1.841333390946905e-06,1.86878929368343e-08,1.841333390946905e-06,2.599383096916578e-07,1.2226700164319482e-05,0.0008721946505829692,0.5090982913970947,205.30718994140625
bandmf_ime_sep_vbc,313,0.5000394185384115,1.841312155193009e-06,1.8740066757653533e-08,1.841312155193009e-06,2.5924678463222034e-07,2.3419555873260833e-05,0.0007396602304652333,0.5407100915908813,127.85582733154297
bandmf_ime_sep_vbc,314,0.5000890096028646,1.8411681802869377e-06,1.878133722617766e-08,1.8411681802869377e-06,2.584104438578076e-07,2.485685945430305e-05,0.0007203116547316313,0.5191604495048523,75.60346984863281
bandmf_ime_sep_vbc,315,0.5000330607096354,1.8401142654056457e-06,1.8824933389893772e-08,1.8401142654056457e-06,2.576125197606416e-07,2.0923665942973457e-05,0.0007358675356954336,0.5323631167411804,109.99536895751953
bandmf_ime_sep_vbc,316,0.49971898396809894,1.8433993792162557e-06,1.8863798523227615e-08,1.8433993792162557e-06,2.567563583966148e-07,5.191053332964657e-06,0.0008068779716268182,0.5448969602584839,56.487091064453125
bandmf_ime_sep_vbc,317,0.49984995524088544,1.8437713436014747e-06,1.8903723475460765e-08,1.8437713436014747e-06,2.5592139370663364e-07,8.190971129806712e-06,0.0008739799959585071,0.5430735349655151,129.31024169921875
bandmf_ime_sep_vbc,318,0.5001080830891927,1.8413250870707998e-06,1.893711513526834e-08,1.8413250870707998e-06,2.550051571385363e-07,2.6859472200158052e-05,0.0008611088851466775,0.5420394539833069,51.3342399597168
bandmf_ime_sep_vbc,319,0.5000966389973959,1.8406407491511345e-06,1.897655921290209e-08,1.8406407491511345e-06,2.5417744116869773e-07,2.5224286218872294e-05,0.0007861744961701334,0.5310074687004089,99.2417984008789
bandmf_ime_sep_vbc,320,0.5000737508138021,1.847175965963288e-06,1.902173411375922e-08,1.847175965963288e-06,2.5343256027099414e-07,2.3056934878695756e-05,0.0007415902218781412,0.5673248767852783,78.43910217285156
bandmf_ime_sep_vbc,321,0.5002581278483073,1.841398130864036e-06,1.905741016846226e-08,1.841398130864036e-06,2.5256742119950104e-07,4.999136217520572e-05,0.0008584849420003593,0.5486119985580444,42.198150634765625
bandmf_ime_sep_vbc,322,0.5005467732747396,1.8420130913909816e-06,1.909226850690023e-08,1.8420130913909816e-06,2.516985280938873e-07,3.4870194212999195e-05,0.0008924148860387504,0.5230844020843506,43.6161994934082
bandmf_ime_sep_vbc,323,0.5002721150716146,1.838470036356436e-06,1.9123078232041735e-08,1.838470036356436e-06,2.507834556316387e-07,1.3065409802948125e-05,0.0008503140415996313,0.5642296075820923,47.44670867919922
bandmf_ime_sep_vbc,324,0.4999529520670573,1.838663488721674e-06,1.9181215430800574e-08,1.838663488721674e-06,2.502321846028129e-07,2.08335040952079e-05,0.0007634713547304273,0.5624520778656006,71.33194732666016
bandmf_ime_sep_vbc,325,0.5006383260091146,1.844257207987236e-06,1.9225427546250746e-08,1.844257207987236e-06,2.4950395172140816e-07,2.456327092659194e-05,0.0008745918748900294,0.5196300745010376,85.98676300048828
bandmf_ime_sep_vbc,326,0.5001360575358073,1.8375263029687023e-06,1.9254763561349364e-08,1.8375263029687023e-06,2.4858908886926656e-07,1.696810795692727e-05,0.0007742331945337355,0.5363422632217407,71.33531188964844
bandmf_ime_sep_vbc,327,0.5001564025878906,1.8372945334022006e-06,1.9280571139645986e-08,1.8372945334022006e-06,2.4763640974848994e-07,3.736043072422035e-05,0.0007581764366477728,0.5296659469604492,58.1390266418457
bandmf_ime_sep_vbc,328,0.5003649393717448,1.8377986729471256e-06,1.934130655634192e-08,1.8377986729471256e-06,2.471376833549736e-07,1.2502057870733552e-05,0.0007060179486870766,0.5337501764297485,94.6535415649414
bandmf_ime_sep_vbc,329,0.500616709391276,1.843297596337834e-06,1.9372596489949007e-08,1.843297596337834e-06,2.462677658835825e-07,2.1768626538687386e-05,0.0008375166216865182,0.5292475819587708,36.597938537597656
bandmf_ime_sep_vbc,330,0.5000114440917969,1.8406265619811772e-06,1.9423854006698587e-08,1.8406265619811772e-06,2.4565739901542355e-07,1.0183576705458108e-05,0.0006705746054649353,0.5448251962661743,136.0011749267578
bandmf_ime_sep_vbc,331,0.500054677327474,1.8367481734079167e-06,1.9446283990494823e-08,1.8367481734079167e-06,2.4468845083447377e-07,7.630448635609355e-06,0.0007765853661112487,0.5953938961029053,259.2238464355469
bandmf_ime_sep_vbc,332,0.5001475016276041,1.8429046756788618e-06,1.9502234123910018e-08,1.8429046756788618e-06,2.4414712266699706e-07,3.5887478588847443e-05,0.0008237616275437176,0.5356234908103943,29.029237747192383
bandmf_ime_sep_vbc,333,0.5003674825032552,1.8374177509864846e-06,1.9530442300445355e-08,1.8374177509864846e-06,2.4326383278131897e-07,1.6816713468870148e-05,0.0006443250458687544,0.5539913177490234,74.8789291381836
bandmf_ime_sep_vbc,334,0.5006179809570312,1.8424480430212498e-06,1.9583996054469328e-08,1.8424480430212498e-06,2.4270156728789516e-07,2.5816230845521204e-05,0.0007702859002165496,0.5344752073287964,65.2650146484375
bandmf_ime_sep_vbc,335,0.49999109903971356,1.8443785923712615e-06,1.960504588301622e-08,1.8443785923712615e-06,2.4174239499075156e-07,1.338335368927801e-05,0.000738789327442646,0.5300567150115967,47.34907913208008
bandmf_ime_sep_vbc,336,0.5001920064290365,1.8402571034433397e-06,1.9650567469516506e-08,1.8402571034433397e-06,2.4109113283543593e-07,1.4674035810458008e-05,0.0007234800141304731,0.5596426129341125,298.7808837890625
bandmf_ime_sep_vbc,337,0.5000623067220052,1.845138186240547e-06,1.968084650805224e-08,1.845138186240547e-06,2.4025858280651846e-07,2.1696514522773214e-05,0.0007439741166308522,0.5533117055892944,42.59696960449219
bandmf_ime_sep_vbc,338,0.5002784729003906,1.8433225742834718e-06,1.973488002645259e-08,1.8433225742834718e-06,2.397210169628276e-07,1.4691568139824085e-05,0.0006778968381695449,0.53947514295578,44.940643310546875
bandmf_ime_sep_vbc,339,0.5001805623372396,1.8446068423827455e-06,1.9754893128739088e-08,1.8446068423827455e-06,2.3877586426597947e-07,3.696906060213223e-05,0.0006811030907556415,0.5507447719573975,49.58021545410156
bandmf_ime_sep_vbc,340,0.5005709330240885,1.844520075640806e-06,1.9789317295959563e-08,1.844520075640806e-06,2.3801149318103398e-07,8.710565452929586e-06,0.0009095771238207817,0.5414195656776428,175.18545532226562
bandmf_ime_sep_vbc,341,0.5000267028808594,1.8447481977545976e-06,1.9844131301146224e-08,1.8447481977545976e-06,2.3749709339900468e-07,2.323943772353232e-05,0.0007647103047929704,0.5524152517318726,95.66924285888672
bandmf_ime_sep_vbc,342,0.5004018147786459,1.8399353223230719e-06,1.9864643929778936e-08,1.8399353223230719e-06,2.3657738050057256e-07,1.8410668417345732e-05,0.0008656559512019157,0.5404768586158752,80.75052642822266
bandmf_ime_sep_vbc,343,0.5002466837565104,1.840308954115244e-06,1.9906289431640783e-08,1.840308954115244e-06,2.35915532442732e-07,2.7422413040767424e-05,0.0007727635093033314,0.5470184087753296,127.11822509765625
bandmf_ime_sep_vbc,344,0.4998016357421875,1.8427104606644207e-06,1.9945346559543015e-08,1.8427104606644207e-06,2.3522796925116532e-07,2.284863694512751e-05,0.0008452781476080418,0.564946711063385,99.24076080322266
bandmf_ime_sep_vbc,345,0.4997673034667969,1.8397417704818508e-06,1.998510290590616e-08,1.8397417704818508e-06,2.3455355820563759e-07,3.99510063289199e-05,0.0007595171919092536,0.5370593070983887,36.0782356262207
bandmf_ime_sep_vbc,346,0.5006281534830729,1.8393334736780769e-06,2.001451937516663e-08,1.8393334736780769e-06,2.3376327125864313e-07,3.5621309507405385e-05,0.0008103627478703856,0.5465296506881714,104.520263671875
bandmf_ime_sep_vbc,347,0.5004666646321615,1.8428040059840594e-06,2.0056634353338154e-08,1.8428040059840594e-06,2.3312658292695687e-07,2.6831157811102457e-05,0.0007805464556440711,0.5343358516693115,72.64881896972656
bandmf_ime_sep_vbc,348,0.5003687540690104,1.8397476869343639e-06,2.0102226846082278e-08,1.8397476869343639e-06,2.3253469372264135e-07,2.280636726936791e-05,0.0008597864652983844,0.5471091866493225,32.35942077636719
bandmf_ime_sep_vbc,349,0.4997978210449219,1.8459770577313368e-06,2.0140909014661663e-08,1.8459770577313368e-06,2.3186739402566067e-07,2.9613933293148875e-05,0.0008003995753824711,0.5505869388580322,49.8455924987793
bandmf_ime_sep_vbc,350,0.5000699361165365,1.845860088186176e-06,2.0175211279394034e-08,1.845860088186176e-06,2.3115462196206712e-07,9.99999993922529e-09,0.0008182884776033461,0.5580003261566162,311056.9375
bandmf_ime_sep_vbc,351,0.4998372395833333,1.8460800343215549e-06,2.019652001195027e-08,1.8460800343215549e-06,2.302990515327489e-07,2.1898516934015788e-05,0.0006523165502585471,0.5633451342582703,86.30070495605469
bandmf_ime_sep_vbc,352,0.5003636678059896,1.8405391415399208e-06,2.0226567976067145e-08,1.8405391415399208e-06,2.295491956516571e-07,1.6707797840354033e-05,0.0007438739994540811,0.5855074524879456,69.51359558105469
bandmf_ime_sep_vbc,353,0.5002924601236979,1.8426484113357826e-06,2.0275698601561014e-08,1.8426484113357826e-06,2.2902046718324223e-07,4.883834481006488e-05,0.0007733118254691362,0.5573062896728516,20.937135696411133
bandmf_ime_sep_vbc,354,0.49984486897786456,1.846223867119079e-06,2.03314394949435e-08,1.846223867119079e-06,2.2856957511881623e-07,2.5940862542483956e-05,0.0008159212884493172,0.5400110483169556,87.82320404052734
bandmf_ime_sep_vbc,355,0.5002962748209635,1.845500558298833e-06,2.0343123852128997e-08,1.845500558298833e-06,2.2762855304373866e-07,1.0029805707745254e-05,0.0007287493208423257,0.5626547932624817,129.15188598632812
bandmf_ime_sep_vbc,356,0.5000483194986979,1.8435317106953637e-06,2.0385278946359147e-08,1.8435317106953637e-06,2.2703413785999752e-07,2.4275797841255553e-05,0.0010351402452215552,0.5287218689918518,38.069942474365234
bandmf_ime_sep_vbc,357,0.4998486836751302,1.8435231747086316e-06,2.043381116164274e-08,1.8435231747086316e-06,2.2651457302439818e-07,3.6677243770100176e-05,0.000728524464648217,0.5971429347991943,37.16018295288086
bandmf_ime_sep_vbc,358,0.4996198018391927,1.8474432768774325e-06,2.0479118475099273e-08,1.8474432768774325e-06,2.259628715250983e-07,9.99999993922529e-09,0.0007538293139077723,0.5432407855987549,100553.015625
bandmf_ime_sep_vbc,359,0.5002148946126302,1.8405452379965936e-06,2.0487140206526533e-08,1.8405452379965936e-06,2.2500540097780686e-07,2.3559783585369587e-05,0.000825428927782923,0.5329628586769104,43.84278869628906
bandmf_ime_sep_vbc,360,0.5000813802083334,1.8393016887330305e-06,2.0540888397609553e-08,1.8393016887330305e-06,2.24555303537007e-07,3.932494655600749e-05,0.0008238831651397049,0.572716236114502,48.3514289855957
bandmf_ime_sep_vbc,361,0.500024159749349,1.8450918588541754e-06,2.055706671555413e-08,1.8450918588541754e-06,2.2369911611974658e-07,3.981089321314357e-05,0.0008159566787071526,0.5279529690742493,43.60166931152344
bandmf_ime_sep_vbc,362,0.49985376993815106,1.844277491613866e-06,2.0614114859540678e-08,1.844277491613866e-06,2.2329216046538628e-07,1.6961686924332753e-05,0.0006271768361330032,0.5788014531135559,50.210880279541016
bandmf_ime_sep_vbc,363,0.4997596740722656,1.8414912593319361e-06,2.0639398930673753e-08,1.8414912593319361e-06,2.2254504905561134e-07,2.0292716726544313e-05,0.000794734456576407,0.5485999584197998,44.33584976196289
bandmf_ime_sep_vbc,364,0.49973805745442706,1.83995870391603e-06,2.066336997804304e-08,1.83995870391603e-06,2.2178936613196734e-07,2.0140494598308578e-05,0.0008272902923636138,0.5472627878189087,59.531700134277344
bandmf_ime_sep_vbc,365,0.5002555847167969,1.841773742701965e-06,2.0709952271621052e-08,1.841773742701965e-06,2.212808798418564e-07,3.198941340087913e-05,0.0007650373154319823,0.5266583561897278,82.00923919677734
bandmf_ime_sep_vbc,366,0.4997507731119792,1.8393509956619407e-06,2.0739829409421873e-08,1.8393509956619407e-06,2.2059806011516989e-07,1.949516990862321e-05,0.0008498969255015254,0.5655319690704346,53.27363586425781
bandmf_ime_sep_vbc,367,0.5000890096028646,1.837737580482705e-06,2.078307881347996e-08,1.837737580482705e-06,2.2006169982565402e-07,1.8216134776594117e-05,0.0006422019214369357,0.5680846571922302,74.44441223144531
bandmf_ime_sep_vbc,368,0.49976348876953125,1.8388942398435877e-06,2.0822598016205045e-08,1.8388942398435877e-06,2.1948957673600944e-07,1.3970205145596992e-05,0.0007050485583022237,0.575240433216095,32.853153228759766
bandmf_ime_sep_vbc,369,0.4998321533203125,1.8394097291244786e-06,2.083788630535821e-08,1.8394097291244786e-06,2.1866706489959142e-07,1.9123637684970163e-05,0.0007951302104629576,0.5458296537399292,57.91323471069336
bandmf_ime_sep_vbc,370,0.4996897379557292,1.8380663249217832e-06,2.0883809570548806e-08,1.8380663249217832e-06,2.1817072592966724e-07,1.4148431546345819e-05,0.0008442786056548357,0.5591607689857483,121.70965576171875
bandmf_ime_sep_vbc,371,0.5002415974934896,1.8404062037310116e-06,2.0931745744097913e-08,1.8404062037310116e-06,2.1769858922956095e-07,1.0841599760169629e-05,0.0007555040065199137,0.5455170273780823,158.4273223876953
bandmf_ime_sep_vbc,372,0.4999796549479167,1.8367748613930719e-06,2.0942946192074412e-08,1.8367748613930719e-06,2.1684904716323672e-07,4.0202921809395775e-05,0.0007777396240271628,0.5594637989997864,46.21745300292969
bandmf_ime_sep_vbc,373,0.5000661214192709,1.8421799410361928e-06,2.0981876310462628e-08,1.8421799410361928e-06,2.1629173119208644e-07,1.709830576146487e-05,0.000853804056532681,0.5676735043525696,58.856346130371094
bandmf_ime_sep_vbc,374,0.500268300374349,1.8432777958802642e-06,2.102471604222463e-08,1.8432777958802642e-06,2.1577821366728736e-07,4.837968390347669e-06,0.0007118943030945957,0.5738261342048645,76.5932846069336
bandmf_ime_sep_vbc,375,0.49993006388346356,1.8407298512101988e-06,2.107408943648655e-08,1.8407298512101988e-06,2.1533488059333195e-07,5.491739648277871e-05,0.0008112843497656286,0.5408238768577576,40.0452880859375
bandmf_ime_sep_vbc,376,0.49980926513671875,1.8336271949692673e-06,2.1101270212634898e-08,1.8336271949692673e-06,2.1466859282763076e-07,1.7710150132188573e-05,0.000725219608284533,0.5657966732978821,90.7046890258789
bandmf_ime_sep_vbc,377,0.5001538594563802,1.839987684585746e-06,2.1122468440992748e-08,1.839987684585746e-06,2.1394632139977907e-07,1.0770194421638735e-05,0.0008168615167960525,0.5627508759498596,40.045719146728516
bandmf_ime_sep_vbc,378,0.49983978271484375,1.841867946457872e-06,2.1169976882617902e-08,1.841867946457872e-06,2.1349454589388492e-07,2.4520284569007345e-05,0.0007950503495521843,0.5505417585372925,56.50616455078125
bandmf_ime_sep_vbc,379,0.49981943766276044,1.8429817979874012e-06,2.1191340904280764e-08,1.8429817979874012e-06,2.1278310905851564e-07,4.082395389559679e-05,0.0008031499455682933,0.5720068216323853,67.9052963256836
bandmf_ime_sep_vbc,380,0.500067392985026,1.8416997988879302e-06,2.1242258692784805e-08,1.8416997988879302e-06,2.1237218147026246e-07,2.5728062610141933e-05,0.0008149028290063143,0.5723604559898376,37.75844955444336
bandmf_ime_sep_vbc,381,0.5003560384114584,1.8441896543208713e-06,2.1259715469549672e-08,1.8441896543208713e-06,2.116307697974662e-07,3.8340142054948956e-05,0.0007803562330082059,0.5684080123901367,52.47403335571289
bandmf_ime_sep_vbc,382,0.49998728434244794,1.84330436544163e-06,2.1315531636053226e-08,1.84330436544163e-06,2.1127474525428624e-07,4.796112534677377e-06,0.0008109937189146876,0.5789556503295898,245.01644897460938
bandmf_ime_sep_vbc,383,0.5002517700195312,1.8398633538178426e-06,2.133903239294928e-08,1.8398633538178426e-06,2.1060187016530563e-07,4.790980256075272e-06,0.0006575093721039593,0.6013959050178528,460.59503173828125
bandmf_ime_sep_vbc,384,0.5000089009602865,1.8360654886843502e-06,2.137948292476229e-08,1.8360654886843502e-06,2.101002548234495e-07,7.161568646552041e-05,0.0008444408304058015,0.5508514642715454,34.401668548583984
bandmf_ime_sep_vbc,385,0.500274658203125,1.8362278382255681e-06,2.1392677703365354e-08,1.8362278382255681e-06,2.0933517141941138e-07,2.362415580137167e-05,0.0009530462557449937,0.5634226202964783,75.45249938964844
bandmf_ime_sep_vbc,386,0.500006357828776,1.8326704349647116e-06,2.144064155847521e-08,1.8326704349647116e-06,2.0891436847136902e-07,7.913037734397221e-06,0.000699961616192013,0.5663623809814453,82.31287384033203
bandmf_ime_sep_vbc,387,0.5005531311035156,1.8368400844792632e-06,2.148590357483234e-08,1.8368400844792632e-06,2.084699512276226e-07,1.782277468009852e-05,0.0008446345455013216,0.5617362260818481,33.62041091918945
bandmf_ime_sep_vbc,388,0.5004158020019531,1.835642914708539e-06,2.150832600911201e-08,1.835642914708539e-06,2.07807583881466e-07,3.0087294362601824e-05,0.0007148865843191743,0.5599135756492615,43.373291015625
bandmf_ime_sep_vbc,389,0.5000724792480469,1.8400631015917195e-06,2.154300367725644e-08,1.8400631015917195e-06,2.0726779759172587e-07,2.143727760994807e-05,0.000715178030077368,0.5657045245170593,35.977333068847656
bandmf_ime_sep_vbc,390,0.5004361470540365,1.8409883561313716e-06,2.1583180057997236e-08,1.8409883561313716e-06,2.0678414832294342e-07,2.7884372684638947e-05,0.0007490144344046712,0.6103249192237854,52.828369140625
bandmf_ime_sep_vbc,391,0.5004285176595052,1.8402762170429317e-06,2.161843770664973e-08,1.8402762170429317e-06,2.0625668166000347e-07,1.7748016034602188e-05,0.0007043015211820602,0.5657621026039124,63.251800537109375
bandmf_ime_sep_vbc,392,0.5002123514811198,1.840330777251135e-06,2.1651873997422893e-08,1.840330777251135e-06,2.0571545296850977e-07,6.913469405844808e-06,0.0007015264127403498,0.5836121439933777,34.2889404296875
bandmf_ime_sep_vbc,393,0.5005098978678385,1.8401410102342197e-06,2.168318894805547e-08,1.8401410102342197e-06,2.05157688763317e-07,3.3551932574482635e-06,0.0008637275313958526,0.5754653215408325,183.62100219726562
bandmf_ime_sep_vbc,394,0.5005200703938802,1.8406260077578433e-06,2.1712334300853325e-08,1.8406260077578433e-06,2.045831427229435e-07,3.1624218536308035e-05,0.0007434024009853601,0.5605720281600952,69.35052490234375
bandmf_ime_sep_vbc,395,0.5005137125651041,1.839719535231173e-06,2.1747757150691882e-08,1.839719535231173e-06,2.0407130622383343e-07,2.3496839276049286e-05,0.0006917426944710314,0.59064781665802,50.18574905395508
bandmf_ime_sep_vbc,396,0.5002034505208334,1.8420069286169867e-06,2.1774961611598087e-08,1.8420069286169867e-06,2.034860493438373e-07,3.075566201005131e-05,0.0007366276695393026,0.5974551439285278,64.30033874511719
bandmf_ime_sep_vbc,397,0.500158945719401,1.8408486113230538e-06,2.182795973600567e-08,1.8408486113230538e-06,2.0314472592986021e-07,9.78493790171342e-06,0.0009090274106711149,0.5979112386703491,69.51956176757812
bandmf_ime_sep_vbc,398,0.49993260701497394,1.8381713810337412e-06,2.1858360010895694e-08,1.8381713810337412e-06,2.0259593114246854e-07,1.2462236554711126e-05,0.0008723397622816265,0.5709257125854492,168.7777557373047
bandmf_ime_sep_vbc,399,0.500207265218099,1.839600476690369e-06,2.1868005258459295e-08,1.839600476690369e-06,2.018591616822126e-07,2.3282227630261332e-05,0.0007300408906303346,0.5839676260948181,68.08916473388672
bandmf_ime_sep_vbc,400,0.5005480448404948,1.8421569857688762e-06,2.190857791480501e-08,1.8421569857688762e-06,2.014117909491612e-07,4.856688610743731e-05,0.0008654393604956567,0.5517421364784241,30.792207717895508
bandmf_ime_sep_vbc,401,0.5000902811686198,1.840636552212042e-06,2.1957383985101348e-08,1.840636552212042e-06,2.0104262195748865e-07,1.877860449894797e-05,0.0006490665255114436,0.5697775483131409,42.356300354003906
bandmf_ime_sep_vbc,402,0.5000317891438802,1.837655399109887e-06,2.1991755231690984e-08,1.837655399109887e-06,2.005438955639723e-07,1.1610734873102047e-05,0.0007346149068325758,0.5789000391960144,62.14470291137695
bandmf_ime_sep_vbc,403,0.500311533610026,1.8383835443576875e-06,2.2020035646737785e-08,1.8383835443576875e-06,1.9999310651996893e-07,2.0886031052214094e-05,0.0006840775604359806,0.5681102871894836,103.60272979736328
bandmf_ime_sep_vbc,404,0.500030517578125,1.8379295643929556e-06,2.204608814023364e-08,1.8379295643929556e-06,1.9942576834353076e-07,2.157438029826153e-05,0.0006853103404864669,0.6000210046768188,113.48179626464844
bandmf_ime_sep_vbc,405,0.4995435078938802,1.8406378169781117e-06,2.2082219016302435e-08,1.8406378169781117e-06,1.9895297024656125e-07,1.9875744328601286e-05,0.0007078074850142002,0.5608444213867188,58.44894027709961
bandmf_ime_sep_vbc,406,0.49979273478190106,1.8372084345704327e-06,2.213409307690502e-08,1.8372084345704327e-06,1.9862444311513627e-07,1.6842921468196437e-05,0.0008448462467640638,0.5678696632385254,66.31120300292969
bandmf_ime_sep_vbc,407,0.5002492268880209,1.8379294696539243e-06,2.2138848828253305e-08,1.8379294696539243e-06,1.9787656017437408e-07,2.3095428332453594e-05,0.0006372238276526332,0.6145380735397339,78.62718200683594
bandmf_ime_sep_vbc,408,0.5001513163248698,1.8446999755875975e-06,2.21805054323454e-08,1.8446999755875975e-06,1.974623640895364e-07,2.399536060693208e-05,0.0007216232479549944,0.5857717990875244,44.95082092285156
bandmf_ime_sep_vbc,409,0.4998524983723958,1.8437377870365406e-06,2.2207187052221872e-08,1.8437377870365406e-06,1.9691787045417186e-07,3.9711732824798673e-05,0.0008086051675491035,0.570702314376831,46.4162483215332
bandmf_ime_sep_vbc,410,0.50018310546875,1.8439676428746072e-06,2.226249125788134e-08,1.8439676428746072e-06,1.9662973116396643e-07,5.462746230477933e-06,0.0007442045025527477,0.5593462586402893,187.1478729248047
bandmf_ime_sep_vbc,411,0.5001246134440104,1.8447268956833796e-06,2.2275285838091463e-08,1.8447268956833796e-06,1.9596909635784718e-07,1.355395852442598e-05,0.0007760114967823029,0.5502920746803284,136.2205810546875
bandmf_ime_sep_vbc,412,0.4999656677246094,1.8421077877898522e-06,2.230387496915398e-08,1.8421077877898522e-06,1.9545128952339988e-07,2.6263343897880986e-05,0.0007082495139911771,0.5588722229003906,59.607940673828125
bandmf_ime_sep_vbc,413,0.500067392985026,1.8398496687647519e-06,2.2329332457123503e-08,1.8398496687647519e-06,1.9490955575444482e-07,5.3076455515110865e-05,0.0008244232158176601,0.570044994354248,24.9246826171875
bandmf_ime_sep_vbc,414,0.5000724792480469,1.8415184020644422e-06,2.237830261838288e-08,1.8415184020644422e-06,1.9457566047265118e-07,5.320142736309208e-05,0.0007195884245447814,0.5919345617294312,38.193721771240234
bandmf_ime_sep_vbc,415,0.4998893737792969,1.8392519554784788e-06,2.2426771550954072e-08,1.8392519554784788e-06,1.9423936178005383e-07,4.366486973594874e-05,0.0007093840977177024,0.5732817053794861,39.665069580078125
bandmf_ime_sep_vbc,416,0.5000216166178385,1.8468113106943445e-06,2.2442337617908e-08,1.8468113106943445e-06,1.9362101670121015e-07,1.0217126146017108e-05,0.0009007054031826556,0.5599815249443054,184.56466674804688
bandmf_ime_sep_vbc,417,0.49987538655598956,1.8456340313832698e-06,2.2481683181752032e-08,1.8456340313832698e-06,1.932111561112985e-07,6.840774403826799e-06,0.0006475050467997789,0.5816981792449951,164.33778381347656
bandmf_ime_sep_vbc,418,0.4999732971191406,1.8446857836806885e-06,2.252607145258878e-08,1.8446857836806885e-06,1.9284694670792155e-07,2.9008495403104462e-05,0.0007441375637426972,0.558908998966217,78.32952880859375
bandmf_ime_sep_vbc,419,0.49978892008463544,1.843059934003577e-06,2.2554074015819953e-08,1.843059934003577e-06,1.923451110978173e-07,1.6789037545095198e-05,0.0007078677299432456,0.60625159740448,70.02452850341797
bandmf_ime_sep_vbc,420,0.4999593098958333,1.843979603677326e-06,2.257434143319396e-08,1.843979603677326e-06,1.9178069088354732e-07,4.982217069482431e-05,0.0007141344831325114,0.5674134492874146,32.868492126464844
bandmf_ime_sep_vbc,421,0.5003674825032552,1.8418343377864705e-06,2.261610447066668e-08,1.8418343377864705e-06,1.9140185791854947e-07,2.2312888177111745e-05,0.0006512621184810996,0.5972516536712646,79.38592529296875
bandmf_ime_sep_vbc,422,0.4999554951985677,1.8459062687270489e-06,2.2639825347781084e-08,1.8459062687270489e-06,1.9087309214664097e-07,5.639354640152305e-06,0.0007452823920175433,0.560783863067627,137.27015686035156
bandmf_ime_sep_vbc,423,0.4999809265136719,1.8410401452229053e-06,2.2666895397686442e-08,1.8410401452229053e-06,1.903758294711603e-07,2.227045115432702e-05,0.0007289822679013014,0.6181768178939819,57.18044662475586
bandmf_ime_sep_vbc,424,0.5001029968261719,1.8427857876683145e-06,2.2683139958938153e-08,1.8427857876683145e-06,1.8979111378788124e-07,2.0056284483871423e-05,0.0006994674913585186,0.5841807126998901,70.61827087402344
bandmf_ime_sep_vbc,425,0.5005315144856771,1.8451084334477248e-06,2.2743682048798064e-08,1.8451084334477248e-06,1.89579435409352e-07,4.003189314971678e-05,0.0007456191233359277,0.6060042977333069,62.97259521484375
bandmf_ime_sep_vbc,426,0.5003496805826823,1.8387874026378388e-06,2.2761554567078217e-08,1.8387874026378388e-06,1.8901436090364618e-07,1.2961297215952072e-05,0.0007526490371674299,0.5552588701248169,56.19361877441406
bandmf_ime_sep_vbc,427,0.5001691182454427,1.8415443463482006e-06,2.2795234662827586e-08,1.8415443463482006e-06,1.8858364943715364e-07,2.5888259187922813e-05,0.0007316877017728984,0.6037887334823608,83.99675750732422
bandmf_ime_sep_vbc,428,0.5000839233398438,1.8480498198414352e-06,2.2823084015281363e-08,1.8480498198414352e-06,1.881075313292513e-07,2.1928808564553037e-05,0.0009828121401369572,0.6013516187667847,61.98135757446289
bandmf_ime_sep_vbc,429,0.5002670288085938,1.8453904762812574e-06,2.2859897160406224e-08,1.8453904762812574e-06,1.8770795110848818e-07,3.364156145835295e-05,0.0008361349464394152,0.5894367694854736,63.51143264770508
bandmf_ime_sep_vbc,430,0.5003916422526041,1.842472130419992e-06,2.2888750154474263e-08,1.842472130419992e-06,1.8724555950200283e-07,1.6458039681310765e-05,0.0007307250634767115,0.583348274230957,103.47992706298828
bandmf_ime_sep_vbc,431,0.5000356038411459,1.8408906801899623e-06,2.2920249328114057e-08,1.8408906801899623e-06,1.868076443164076e-07,2.9765764338662848e-05,0.0006460847798734903,0.6131754517555237,60.003780364990234
bandmf_ime_sep_vbc,432,0.5006853739420573,1.8445541674812678e-06,2.293747695484664e-08,1.8445541674812678e-06,1.8625646980297006e-07,1.4498853488476016e-05,0.000797274406068027,0.5894981622695923,62.56638717651367
bandmf_ime_sep_vbc,433,0.5000216166178385,1.8385216122851489e-06,2.2978440853786235e-08,1.8385216122851489e-06,1.8590077210944855e-07,1.601323856448289e-05,0.0007103203097358346,0.6202526688575745,99.53399658203125
bandmf_ime_sep_vbc,434,0.5002632141113281,1.8383137737979875e-06,2.3023952078204957e-08,1.8383137737979875e-06,1.8558376228365128e-07,3.959990499424748e-05,0.0007111869635991752,0.5777924060821533,28.873676300048828
bandmf_ime_sep_vbc,435,0.5008201599121094,1.8369410478650632e-06,2.305728193559749e-08,1.8369410478650632e-06,1.8517072379135394e-07,3.518318771966733e-05,0.0008503776625730097,0.5772005319595337,41.87438201904297
bandmf_ime_sep_vbc,436,0.5002670288085938,1.838687168742581e-06,2.3069693118789775e-08,1.838687168742581e-06,1.8459276004042144e-07,2.493595820851624e-05,0.000754034670535475,0.575874924659729,55.273414611816406
bandmf_ime_sep_vbc,437,0.5000139872233073,1.838111245433538e-06,2.310011752252687e-08,1.838111245433538e-06,1.8416203140247944e-07,1.156575217464706e-05,0.0007550254231318831,0.5812234282493591,75.42279052734375
bandmf_ime_sep_vbc,438,0.5002123514811198,1.8375695513365524e-06,2.314609252411041e-08,1.8375695513365524e-06,1.8385741758682647e-07,3.6589368392014876e-05,0.0007556880591437221,0.5880477428436279,45.3368034362793
bandmf_ime_sep_vbc,439,0.5005213419596354,1.8368988463635105e-06,2.3179712445771845e-08,1.8368988463635105e-06,1.8345662766705573e-07,1.998876905418001e-05,0.000788448378443718,0.5989247560501099,50.23103713989258
bandmf_ime_sep_vbc,440,0.500335693359375,1.8379118387201743e-06,2.318991280484776e-08,1.8379118387201743e-06,1.8287359952277407e-07,5.546096872421913e-06,0.0007181638502515852,0.5741106271743774,149.7980194091797
bandmf_ime_sep_vbc,441,0.5000254313151041,1.8450022641521475e-06,2.3219241122400074e-08,1.8450022641521475e-06,1.8244450039617277e-07,1.490293834649492e-05,0.0006594540900550783,0.5932177305221558,83.36952209472656
bandmf_ime_sep_vbc,442,0.5002403259277344,1.842984787003843e-06,2.3248638199765043e-08,1.842984787003843e-06,1.820185045649699e-07,1.941709160746541e-05,0.0007793955155648291,0.5859081149101257,74.37809753417969
bandmf_ime_sep_vbc,443,0.5005760192871094,1.8417252552656767e-06,2.3302828037567263e-08,1.8417252552656767e-06,1.8178844859069917e-07,2.743113145697862e-05,0.0008217820432037115,0.5837350487709045,39.482547760009766
bandmf_ime_sep_vbc,444,0.5001093546549479,1.8436748282132005e-06,2.332091386669788e-08,1.8436748282132005e-06,1.8127889589436563e-07,1.8580345567897893e-05,0.0006941891624592245,0.5857016444206238,48.83494186401367
bandmf_ime_sep_vbc,445,0.5001665751139323,1.8445817602241732e-06,2.3344284135381106e-08,1.8445817602241732e-06,1.8081340987426606e-07,2.114659218932502e-05,0.0007118972716853023,0.5851578116416931,37.845123291015625
bandmf_ime_sep_vbc,446,0.500311533610026,1.8428526355288948e-06,2.3379437793143627e-08,1.8428526355288948e-06,1.8044163319075324e-07,1.2726445675070863e-05,0.0007466359529644251,0.5512402653694153,116.10079956054688
bandmf_ime_sep_vbc,447,0.5004285176595052,1.8413030649829427e-06,2.342479018165496e-08,1.8413030649829427e-06,1.801504456722114e-07,2.4381679395446554e-05,0.0006418173434212804,0.5897982716560364,55.868961334228516
bandmf_ime_sep_vbc,448,0.500298817952474,1.8449138489510612e-06,2.343425401877634e-08,1.8449138489510612e-06,1.7958573946449027e-07,3.061389725189656e-05,0.0007969177095219493,0.5764668583869934,62.880714416503906
bandmf_ime_sep_vbc,449,0.5001945495605469,1.8410083508039559e-06,2.347102912025889e-08,1.8410083508039559e-06,1.792331705274819e-07,1.3083025805826765e-05,0.0007073865854181349,0.5830207467079163,67.39179992675781
bandmf_ime_sep_vbc,450,0.5002530415852865,1.8454030386768257e-06,2.3495691614527914e-08,1.8454030386768257e-06,1.7879041299314244e-07,7.093600743246498e-06,0.0006723299738951027,0.603955864906311,296.2030944824219
bandmf_ime_sep_vbc,451,0.5001945495605469,1.8438582287672034e-06,2.3542593800366756e-08,1.8438582287672034e-06,1.7851889092905063e-07,1.2670402611547615e-05,0.0005945658194832504,0.6024256944656372,52.4365119934082
bandmf_ime_sep_vbc,452,0.5000343322753906,1.840209539712608e-06,2.3563377323417473e-08,1.840209539712608e-06,1.7805142841590774e-07,7.75609260017518e-06,0.0007342305034399033,0.6023111939430237,99.04150390625
bandmf_ime_sep_vbc,453,0.5003980000813802,1.8397498564581838e-06,2.3604207033400826e-08,1.8397498564581838e-06,1.777378031420085e-07,6.329135430860333e-06,0.00055833684746176,0.6255732178688049,43.25564193725586
bandmf_ime_sep_vbc,454,0.49995676676432294,1.8442343048263865e-06,2.3612553320025615e-08,1.8442343048263865e-06,1.771820811550621e-07,2.1623243810608983e-05,0.000714093039277941,0.6092780828475952,90.97422790527344
bandmf_ime_sep_vbc,455,0.5001386006673177,1.8459425537760883e-06,2.3669767775421253e-08,1.8459425537760883e-06,1.7699514269035413e-07,1.787825567589607e-05,0.0007992257596924901,0.6009476184844971,59.6712646484375
bandmf_ime_sep_vbc,456,0.5003344217936198,1.84343019308623e-06,2.369795796634359e-08,1.84343019308623e-06,1.765927878002079e-07,9.723089533508755e-06,0.0006956591387279332,0.5970213413238525,169.03196716308594
bandmf_ime_sep_vbc,457,0.5002784729003906,1.8458455789035118e-06,2.3715984287520087e-08,1.8458455789035118e-06,1.7611730148322144e-07,1.8233959053759463e-05,0.0007834627176634967,0.5597947239875793,65.0864028930664
bandmf_ime_sep_vbc,458,0.5001640319824219,1.8434524330738593e-06,2.373256998329983e-08,1.8434524330738593e-06,1.7563402998632682e-07,4.5162280002841726e-05,0.0009134347783401608,0.5653220415115356,39.03044891357422
bandmf_ime_sep_vbc,459,0.4999135335286458,1.8410277770423515e-06,2.3775248214619182e-08,1.8410277770423515e-06,1.7534603043619276e-07,1.603726741450373e-05,0.0006522922194562852,0.5902383327484131,42.04854202270508
bandmf_ime_sep_vbc,460,0.5000724792480469,1.8432140080903991e-06,2.382647812382288e-08,1.8432140080903991e-06,1.751224332953901e-07,3.7565070670098066e-05,0.000597367703448981,0.5903317332267761,67.77333068847656
bandmf_ime_sep_vbc,461,0.5001386006673177,1.8411310662713731e-06,2.383353721787292e-08,1.8411310662713731e-06,1.7457637113693636e-07,4.116224590688944e-05,0.0008117089746519923,0.5937788486480713,42.63623809814453
bandmf_ime_sep_vbc,462,0.5001017252604166,1.8452418070561787e-06,2.386030040213427e-08,1.8452418070561787e-06,1.7417744639184699e-07,3.159581683576107e-05,0.0007300801808014512,0.5776200294494629,39.82597732543945
bandmf_ime_sep_vbc,463,0.5002581278483073,1.8414137580672711e-06,2.3900181833624856e-08,1.8414137580672711e-06,1.738762538394667e-07,1.0861267583095469e-05,0.0006584068178199232,0.6557826399803162,97.28520965576172
bandmf_ime_sep_vbc,464,0.4999440511067708,1.8411103136865374e-06,2.3938461731394984e-08,1.8411103136865374e-06,1.735650923725037e-07,2.5819292204687372e-05,0.0007065145764499903,0.6032617688179016,63.28372573852539
bandmf_ime_sep_vbc,465,0.5001080830891927,1.8407054748574108e-06,2.3951884549807307e-08,1.8407054748574108e-06,1.7307601218874424e-07,1.953930222953204e-05,0.0006347120506688952,0.6320067644119263,36.81551742553711
bandmf_ime_sep_vbc,466,0.5003534952799479,1.8413132399549188e-06,2.3981328700628524e-08,1.8413132399549188e-06,1.7270519177732999e-07,1.449796309316298e-05,0.0007293340167962015,0.6072344779968262,136.59234619140625
bandmf_ime_sep_vbc,467,0.4998207092285156,1.8443081870600508e-06,2.4008332951315953e-08,1.8443081870600508e-06,1.723189573255013e-07,4.145645652897656e-05,0.0006903160247020423,0.5919497013092041,43.96404266357422
bandmf_ime_sep_vbc,468,0.5002759297688802,1.8399848566256576e-06,2.4057708566023923e-08,1.8399848566256576e-06,1.7209494392507926e-07,1.0927585208264645e-05,0.0006882286397740245,0.6047011017799377,65.24510955810547
bandmf_ime_sep_vbc,469,0.5001703898111979,1.843874215978758e-06,2.407614618782361e-08,1.843874215978758e-06,1.716514971642861e-07,3.608842962421477e-05,0.000803453556727618,0.601076602935791,47.22723388671875
bandmf_ime_sep_vbc,470,0.5000890096028646,1.8424664081824933e-06,2.4104550651789698e-08,1.8424664081824933e-06,1.712813784138234e-07,1.6488280380144715e-05,0.0007692628423683345,0.6037847399711609,149.22984313964844
bandmf_ime_sep_vbc,471,0.5001004536946615,1.8433199121166883e-06,2.4135539122838168e-08,1.8433199121166883e-06,1.7093170671482008e-07,3.1215117815008853e-06,0.0007119106594473124,0.6169766187667847,641.55712890625
bandmf_ime_sep_vbc,472,0.5001487731933594,1.8397281612199852e-06,2.417372524377015e-08,1.8397281612199852e-06,1.70634748405026e-07,5.474837598740123e-05,0.0008453579503111541,0.5856567025184631,35.386680603027344
bandmf_ime_sep_vbc,473,0.5005480448404948,1.8382724723172335e-06,2.4202067831306333e-08,1.8382724723172335e-06,1.7027016715095064e-07,8.79610888659954e-06,0.0006634004530496895,0.6080701351165771,152.39382934570312
bandmf_ime_sep_vbc,474,0.5004475911458334,1.84185724094732e-06,2.423466175886328e-08,1.84185724094732e-06,1.6993739156608476e-07,2.0124893126194365e-05,0.0008504950092174113,0.6212908029556274,40.9869384765625
bandmf_ime_sep_vbc,475,0.5004844665527344,1.8397365408873156e-06,2.425559656830482e-08,1.8397365408873156e-06,1.6952497183808646e-07,4.069347778568044e-05,0.0007590758614242077,0.5917889475822449,37.73152542114258
bandmf_ime_sep_vbc,476,0.5002632141113281,1.8370373406166134e-06,2.4291641661141245e-08,1.8370373406166134e-06,1.6922011939849804e-07,1.9361346858204342e-05,0.0007302119629457593,0.5999547839164734,179.34913635253906
bandmf_ime_sep_vbc,477,0.5005950927734375,1.8343561218140774e-06,2.4326081519513803e-08,1.8343561218140774e-06,1.6890582858290296e-07,1.791358954505995e-05,0.0006974352872930467,0.6118731498718262,29.569446563720703
bandmf_ime_sep_vbc,478,0.5006586710611979,1.8308786214523327e-06,2.4353664492456534e-08,1.8308786214523327e-06,1.685457438801071e-07,1.1991579413006548e-05,0.0006505640340037644,0.5786917805671692,70.65394592285156
bandmf_ime_sep_vbc,479,0.5002454121907552,1.835424408606438e-06,2.436653989690285e-08,1.835424408606438e-06,1.6808617964159112e-07,2.415235030639451e-05,0.0007618861272931099,0.6095476150512695,136.11898803710938
bandmf_ime_sep_vbc,480,0.5002962748209635,1.825967814284013e-06,2.4410004758242582e-08,1.825967814284013e-06,1.6783962841770972e-07,2.4682583898538724e-05,0.0007054230663925409,0.6245099902153015,35.26089096069336
bandmf_ime_sep_vbc,481,0.5003700256347656,1.8211208138533645e-06,2.445974452610263e-08,1.8211208138533645e-06,1.6763729367615573e-07,1.3982904420117848e-05,0.0007228914764709771,0.6420600414276123,102.47119140625
bandmf_ime_sep_vbc,482,0.5006179809570312,1.8163101837368838e-06,2.4491757362928485e-08,1.8163101837368838e-06,1.6731484523783516e-07,1.851162960520014e-05,0.0008793676970526576,0.5807297229766846,68.48709106445312
bandmf_ime_sep_vbc,483,0.5003382364908854,1.806562323736216e-06,2.4514914912880197e-08,1.806562323736216e-06,1.6693384985444482e-07,5.955617962172255e-05,0.0007379224989563227,0.5917232632637024,38.77901077270508
bandmf_ime_sep_vbc,484,0.5002543131510416,1.8025875334615193e-06,2.4554262549140542e-08,1.8025875334615193e-06,1.6666491535014907e-07,3.6696270399261266e-05,0.0007783976616337895,0.5971001982688904,47.76809310913086
bandmf_ime_sep_vbc,485,0.5006306966145834,1.7910560169790795e-06,2.4594221992302323e-08,1.7910560169790795e-06,1.664014277480419e-07,3.077175279031508e-05,0.0007045557722449303,0.5764234662055969,31.68966293334961
bandmf_ime_sep_vbc,486,0.5005353291829427,1.7668147052063432e-06,2.462334972956152e-08,1.7668147052063432e-06,1.6606632691207324e-07,3.984991053584963e-05,0.0007370460079982877,0.5901414752006531,28.31378173828125
bandmf_ime_sep_vbc,487,0.5002326965332031,1.7244819190409544e-06,2.465666493201013e-08,1.7244819190409544e-06,1.6576113933316114e-07,3.7625151890097186e-05,0.0005998309352435172,0.5820026397705078,40.66694641113281
bandmf_ime_sep_vbc,488,0.5002581278483073,1.7058249142110071e-06,2.4666532298193527e-08,1.7058249142110071e-06,1.6530048441154577e-07,3.2414776796940714e-05,0.0007773099350742996,0.5579540729522705,26.717056274414062
bandmf_ime_sep_bc,1,0.5004107157389323,7.910416996992353e-07,3.2468893314726205e-10,7.910412568890024e-05,0.00032469729679481435,9.211689030053094e-05,0.004650966264307499,0.5691765546798706,58.417823791503906
bandmf_ime_sep_bc,2,0.5003814697265625,1.1962409918927126e-06,5.263544947120558e-10,3.3136849954947443e-05,0.0001317254530780095,6.034133184584789e-05,0.004346216097474098,0.4783128499984741,140.9141082763672
bandmf_ime_sep_bc,3,0.5005658467610677,1.4055095315749593e-06,6.626313340622284e-10,1.9137927059394617e-05,7.377410292974673e-05,0.00011374398309271783,0.0035861656069755554,0.4198859930038452,33.5379753112793
bandmf_ime_sep_bc,4,0.49989954630533856,1.512867697783804e-06,7.593315120198637e-10,1.2791939866474422e-05,4.760262178630607e-05,4.2692015995271504e-05,0.003040079027414322,0.3876127004623413,69.0306396484375
bandmf_ime_sep_bc,5,0.49986521402994794,1.6060804455264588e-06,8.784794812884596e-10,9.577190970351998e-06,3.528126065551381e-05,9.547368244966492e-05,0.00274377572350204,0.36411285400390625,21.937410354614258
bandmf_ime_sep_bc,6,0.4998944600423177,1.6840048999711144e-06,9.940416545450859e-10,7.670339679558916e-06,2.775119954397572e-05,8.563843584852293e-05,0.002425752580165863,0.3503558337688446,57.107666015625
bandmf_ime_sep_bc,7,0.4991099039713542,1.7334377133693124e-06,1.0985522029087018e-09,6.368853595025333e-06,2.2555018025135116e-05,7.43222699384205e-05,0.0021157674491405487,0.31400609016418457,27.804685592651367
bandmf_ime_sep_bc,8,0.5000928243001302,1.7674443834418223e-06,1.1930600396503621e-09,5.448891765051182e-06,1.877301322868637e-05,4.7777553845662624e-05,0.0020757841411978006,0.32849881052970886,70.18323516845703
bandmf_ime_sep_bc,9,0.5007540384928385,1.792850099491261e-06,1.2909025237650695e-09,4.777700610247848e-06,1.6065538754143443e-05,4.961282684234902e-05,0.0019538586493581533,0.322481632232666,65.42818450927734
bandmf_ime_sep_bc,10,0.4997062683105469,1.8090624394062615e-06,1.389277174782914e-09,4.2644450862402055e-06,1.4018687655455627e-05,3.5773806303041056e-05,0.002034661127254367,0.2917846441268921,90.90799713134766
bandmf_ime_sep_bc,11,0.49953587849934894,1.8278102231761295e-06,1.4837645556653456e-09,3.881887342534658e-06,1.2386018662861412e-05,0.0001560462696943432,0.002156827598810196,0.3113856613636017,17.303585052490234
bandmf_ime_sep_bc,12,0.5001640319824219,1.8359353883094325e-06,1.5744036491183167e-09,3.565563427324984e-06,1.1054547674878753e-05,9.673016757005826e-05,0.002259104046970606,0.28395724296569824,30.263893127441406
bandmf_ime_sep_bc,13,0.49968846638997394,1.83880289720643e-06,1.6670314295641475e-09,3.305785857795248e-06,9.983368007245494e-06,0.0001174622739199549,0.0021040868014097214,0.29151812195777893,34.82298278808594
bandmf_ime_sep_bc,14,0.4993273417154948,1.84709595411429e-06,1.7552720295762232e-09,3.105411849446682e-06,9.072826477070825e-06,2.8021751859341748e-05,0.002159703290089965,0.29479557275772095,38.317508697509766
bandmf_ime_sep_bc,15,0.4988810221354167,1.8488004892939596e-06,1.8450338664284989e-09,2.9317692735730816e-06,8.315879351054415e-06,1.915042957989499e-05,0.0022313077934086323,0.286744624376297,98.07978057861328
bandmf_ime_sep_bc,16,0.4996681213378906,1.856264390198703e-06,1.9335579711417714e-09,2.7967036354918187e-06,7.667208687204644e-06,3.8598402170464396e-05,0.0019365864573046565,0.27688664197921753,21.671985626220703
bandmf_ime_sep_bc,17,0.5001576741536459,1.8486645198360445e-06,2.02106711921779e-09,2.6627483578067768e-06,7.10615878081929e-06,6.731591565767303e-05,0.0019433364504948258,0.2822225093841553,21.29136085510254
bandmf_ime_sep_bc,18,0.4984728495279948,1.8543331208320524e-06,2.1047706170544225e-09,2.5671223795598053e-06,6.607622594856366e-06,4.946734770783223e-05,0.0017577653052285314,0.27222663164138794,22.684080123901367
bandmf_ime_sep_bc,19,0.4997660319010417,1.85048643193871e-06,2.1888235483361975e-09,2.47365517225262e-06,6.173391341235401e-06,0.00011998381523881108,0.0014739034231752157,0.2897409200668335,17.945331573486328
bandmf_ime_sep_bc,20,0.499847412109375,1.849108116402931e-06,2.2774817309834106e-09,2.3963734368711207e-06,5.802944599508919e-06,6.605048110941425e-05,0.0018092985264956951,0.2871713638305664,26.411224365234375
bandmf_ime_sep_bc,21,0.4996846516927083,1.8496062684410692e-06,2.358576630297667e-09,2.3320207844790275e-06,5.456284422204287e-06,0.00011494843784021214,0.001986829098314047,0.26934775710105896,22.41608238220215
bandmf_ime_sep_bc,22,0.49933751424153644,1.8539145874759317e-06,2.442894109222493e-09,2.281057030965409e-06,5.1544016628213285e-06,5.408761353464797e-05,0.0013471328420564532,0.301913321018219,14.93950366973877
bandmf_ime_sep_bc,23,0.4997825622558594,1.8535048316910736e-06,2.5282031745899047e-09,2.2315343149633313e-06,4.8854837473299995e-06,2.1913556338404305e-05,0.0016019921749830246,0.29323145747184753,35.12411880493164
bandmf_ime_sep_bc,24,0.49946848551432294,1.8529266535930826e-06,2.6119536903716303e-09,2.188074451699625e-06,4.640105790561695e-06,4.8761336074676365e-05,0.0018361719558015466,0.2942706346511841,64.70252990722656
bandmf_ime_sep_bc,25,0.4995918273925781,1.8470287794040512e-06,2.6903050805623017e-09,2.1437837271302365e-06,4.408988066491777e-06,7.964684482431039e-05,0.0016392228426411748,0.29478341341018677,31.34080696105957
bandmf_ime_sep_bc,26,0.49909083048502606,1.8491036115619863e-06,2.769354532731564e-09,2.113374743354749e-06,4.200307785140467e-06,1.7233371181646362e-05,0.0015541685279458761,0.29109105467796326,67.92040252685547
bandmf_ime_sep_bc,27,0.49933751424153644,1.8452228639868433e-06,2.8540707760112602e-09,2.0801038734437802e-06,4.0180881531644746e-06,3.305560676380992e-05,0.0015003023436293006,0.28730177879333496,20.875932693481445
bandmf_ime_sep_bc,28,0.49974695841471356,1.8488452913819249e-06,2.9403036579574624e-09,2.0586884848701934e-06,3.852925971159493e-06,6.338669481920078e-05,0.001709468080662191,0.30253347754478455,40.50699996948242
bandmf_ime_sep_bc,29,0.5000228881835938,1.8490194501434114e-06,3.0145961005256794e-09,2.0363289839527474e-06,3.6862026509728216e-06,3.3846768928924575e-05,0.0017839351203292608,0.283214271068573,40.76717758178711
bandmf_ime_sep_bc,30,0.4988441467285156,1.848183259767211e-06,3.0884117948234055e-09,2.015434517943504e-06,3.5324133875747066e-06,4.151287430431694e-05,0.0015162952477112412,0.29880180954933167,12.451678276062012
bandmf_ime_sep_bc,31,0.4993934631347656,1.842093287981091e-06,3.1671015532364066e-09,1.99112606461919e-06,3.3958587835059006e-06,3.4524531656643376e-05,0.0016239802353084087,0.29745063185691833,16.871328353881836
bandmf_ime_sep_bc,32,0.49992116292317706,1.8482317329926445e-06,3.250780200581005e-09,1.9820064570315785e-06,3.274402170442651e-06,7.288777123903856e-05,0.001295285765081644,0.2909797132015228,42.71329116821289
bandmf_ime_sep_bc,33,0.49996693929036456,1.850309781540697e-06,3.32561898389964e-09,1.970198913644102e-06,3.152971790617206e-06,1.6744472304708324e-05,0.00157038529869169,0.3055001199245453,144.28517150878906
bandmf_ime_sep_bc,34,0.49967320760091144,1.847168457895047e-06,3.4066936308955556e-09,1.9543699636415113e-06,3.045671737330243e-06,7.3848395913955756e-06,0.0015557734295725822,0.29396700859069824,340.21142578125
bandmf_ime_sep_bc,35,0.49941762288411456,1.843195349238158e-06,3.485218604456127e-09,1.939055546055594e-06,2.9432936704173094e-06,7.504100358346477e-05,0.0016357179265469313,0.29748260974884033,24.226282119750977
bandmf_ime_sep_bc,36,0.4996528625488281,1.8429786526515575e-06,3.5601670315503022e-09,1.9289099858118184e-06,2.844709731183078e-06,8.812410669634119e-05,0.001565129030495882,0.3023274838924408,19.690441131591797
bandmf_ime_sep_bc,37,0.49970753987630206,1.8444072982977862e-06,3.638366117645712e-09,1.921537564915828e-06,2.7549055137872833e-06,0.00010660284897312522,0.0014309817925095558,0.3130321502685547,19.069955825805664
bandmf_ime_sep_bc,38,0.5001869201660156,1.8407438110064807e-06,3.715103622884778e-09,1.9098079917512223e-06,2.669559734158611e-06,2.7941370717599057e-05,0.0012392251519486308,0.3164791166782379,32.0905647277832
bandmf_ime_sep_bc,39,0.49991480509440106,1.8407015810832188e-06,3.789174178129666e-09,1.9026846634536316e-06,2.5875169834913927e-06,3.084292620769702e-05,0.0015144962817430496,0.29659944772720337,37.435401916503906
bandmf_ime_sep_bc,40,0.4997138977050781,1.844434753669096e-06,3.872535532985684e-09,1.9001925721795487e-06,2.5163720162405903e-06,1.926994082168676e-05,0.0011419567745178938,0.3015722930431366,167.27011108398438
bandmf_ime_sep_bc,41,0.49947865804036456,1.8478619760268582e-06,3.945539265674351e-09,1.8980244173386989e-06,2.44269630419088e-06,7.215475488919765e-05,0.00135450204834342,0.33190658688545227,20.49171257019043
bandmf_ime_sep_bc,42,0.5000050862630209,1.8460572780062041e-06,4.025023055594564e-09,1.8910675455193389e-06,2.3770141031794387e-06,4.284068199922331e-05,0.001222850987687707,0.3432146906852722,23.062883377075195
bandmf_ime_sep_bc,43,0.5001678466796875,1.8440977385125734e-06,4.093306064471373e-09,1.8844906814289668e-06,2.30850188624269e-06,3.287238359916955e-05,0.0014291468542069197,0.32064592838287354,37.37957763671875
bandmf_ime_sep_bc,44,0.500677744547526,1.8447376438264957e-06,4.173186685108021e-09,1.8810444307367409e-06,2.250025498066558e-06,1.7204676623805426e-05,0.0012801957782357931,0.3347134590148926,28.300827026367188
bandmf_ime_sep_bc,45,0.5000292460123698,1.8492923601343136e-06,4.247413494991766e-09,1.8820010060001853e-06,2.191568976665318e-06,4.4879951019538566e-05,0.0011946673039346933,0.30068111419677734,24.576276779174805
bandmf_ime_sep_bc,46,0.5001805623372396,1.8406596827465667e-06,4.324135753167961e-09,1.8699211163190437e-06,2.1373271579250286e-06,2.203919575549662e-05,0.001313215703703463,0.33730095624923706,85.33692932128906
bandmf_ime_sep_bc,47,0.5004526774088541,1.841308635637991e-06,4.3911478712447644e-09,1.8676222452995717e-06,2.081139816330809e-06,4.955978147336282e-05,0.0012975799618288875,0.3155416250228882,33.26964569091797
bandmf_ime_sep_bc,48,0.5004234313964844,1.843046163685358e-06,4.4656830455735985e-09,1.8667254551019141e-06,2.0312091161637604e-06,3.17691192321945e-05,0.0012390962801873684,0.3335300087928772,24.344087600708008
bandmf_ime_sep_bc,49,0.4998588562011719,1.841148256668627e-06,4.539782420357834e-09,1.8624169702737465e-06,1.9834602179950402e-06,2.63065448962152e-05,0.0014568844344466925,0.3266775906085968,47.08279800415039
bandmf_ime_sep_bc,50,0.5002263387044271,1.8396156917788176e-06,4.620162086244051e-09,1.8587252412771704e-06,1.9405690068197146e-06,6.404676241800189e-05,0.0011680820025503635,0.3363160789012909,22.077852249145508
bandmf_ime_sep_bc,51,0.5004692077636719,1.8366653430727335e-06,4.688218979698178e-09,1.853822979569486e-06,1.8945655047749217e-06,1.4822083358012605e-05,0.001390575896948576,0.33563172817230225,140.01663208007812
bandmf_ime_sep_bc,52,0.49998728434244794,1.844560789739565e-06,4.7641489827239996e-09,1.8600579968127324e-06,1.8537537679700715e-06,3.493779877317138e-05,0.0013137880014255643,0.3305894136428833,17.966642379760742
bandmf_ime_sep_bc,53,0.49972788492838544,1.8445237988847414e-06,4.823948795973365e-09,1.8584625678386146e-06,1.8086499693481528e-06,2.553636113589164e-05,0.0013925823150202632,0.34389960765838623,67.5302505493164
bandmf_ime_sep_bc,54,0.5000419616699219,1.8438856699276585e-06,4.907809325604973e-09,1.85641881008299e-06,1.7743321573486053e-06,3.673689207062125e-05,0.0009837672114372253,0.3465445935726166,53.10600280761719
bandmf_ime_sep_bc,55,0.5001042683919271,1.8380188890887439e-06,4.9714395193115974e-09,1.8492570082647337e-06,1.7342898246397453e-06,3.778457539738156e-05,0.00134516682010144,0.3180907666683197,17.712984085083008
bandmf_ime_sep_bc,56,0.4999961853027344,1.8443472337518567e-06,5.039498799745227e-09,1.8544919792399621e-06,1.6974870788999397e-06,1.8281318261870183e-05,0.0012197496835142374,0.336512953042984,63.93407440185547
bandmf_ime_sep_bc,57,0.4997825622558594,1.8435072917100115e-06,5.11594056007425e-09,1.852629490410133e-06,1.664950284900139e-06,6.96990973665379e-05,0.001396209467202425,0.31888142228126526,31.74805450439453
bandmf_ime_sep_bc,58,0.500403086344401,1.844937420022082e-06,5.1917596148124785e-09,1.8531509435130526e-06,1.6334824740245797e-06,4.753412213176489e-05,0.0014598689740523696,0.3331187963485718,36.58064270019531
bandmf_ime_sep_bc,59,0.5001551310221354,1.8470628617706097e-06,5.262246953000964e-09,1.8544610469461986e-06,1.6015979914148677e-06,5.6903249060269445e-05,0.0012792303459718823,0.3481602668762207,22.126399993896484
bandmf_ime_sep_bc,60,0.4997698465983073,1.8515076760650118e-06,5.3205549595721396e-09,1.8581797813036853e-06,1.5673689451508228e-06,3.0614079150836915e-05,0.0014142957516014576,0.33372777700424194,66.78734588623047
bandmf_ime_sep_bc,61,0.5001538594563802,1.8453280716812515e-06,5.39925415488085e-09,1.8513115378482325e-06,1.5403542240240615e-06,2.147754821635317e-05,0.0012800201075151563,0.3409698009490967,38.95016098022461
bandmf_ime_sep_bc,62,0.49991099039713544,1.84619346062694e-06,5.4695761438535344e-09,1.8515797487831758e-06,1.5119848342237674e-06,5.541469363379292e-05,0.0012072857934981585,0.3472464680671692,34.837730407714844
bandmf_ime_sep_bc,63,0.5001106262207031,1.843125967108487e-06,5.545025716369167e-09,1.8479642278634856e-06,1.4860365998477694e-06,4.874173828284256e-05,0.0012205587700009346,0.35755297541618347,15.423806190490723
bandmf_ime_sep_bc,64,0.5002123514811198,1.842307393455182e-06,5.6087672469414445e-09,1.846659306655359e-06,1.4579565762081377e-06,5.578188574872911e-05,0.0010901095811277628,0.3522929847240448,23.822540283203125
bandmf_ime_sep_bc,65,0.5002606709798177,1.845218321250286e-06,5.670881764174851e-09,1.849140635575471e-06,1.4305081492693716e-06,6.03437474637758e-05,0.0010983551619574428,0.3390682339668274,21.518415451049805
bandmf_ime_sep_bc,66,0.4999033610026042,1.8439990393896248e-06,5.744898667892073e-09,1.8475262587950663e-06,1.4069881567972213e-06,6.622058572247624e-05,0.0013419175520539284,0.34490060806274414,18.996267318725586
bandmf_ime_sep_bc,67,0.4995384216308594,1.8426874485536853e-06,5.819526027739386e-09,1.845859027109024e-06,1.3844065307466735e-06,4.4325752242002636e-05,0.0010735297109931707,0.3605532646179199,50.05315399169922
bandmf_ime_sep_bc,68,0.5002543131510416,1.8433456242898198e-06,5.883703820449189e-09,1.8462007697432152e-06,1.360154991895494e-06,3.793286668951623e-05,0.0010298233246430755,0.3638630509376526,74.82460021972656
bandmf_ime_sep_bc,69,0.500311533610026,1.8406510993903187e-06,5.9461089200555745e-09,1.8432166228876667e-06,1.3363496359867593e-06,3.8383710489142686e-05,0.0011355483438819647,0.3722646236419678,29.900724411010742
bandmf_ime_sep_bc,70,0.49979909261067706,1.8439200033526504e-06,6.0086944494071775e-09,1.8462326967968086e-06,1.3134055384019423e-06,4.7539080696878955e-05,0.0011070058681070805,0.369332492351532,22.26527976989746
bandmf_ime_sep_bc,71,0.4998893737792969,1.8476511722080129e-06,6.092271557604316e-09,1.8497367098765e-06,1.2957075436285475e-06,2.7263735319138505e-05,0.0011982605792582035,0.38060736656188965,51.12529754638672
bandmf_ime_sep_bc,72,0.5002848307291666,1.8423736302490095e-06,6.16416973020506e-09,1.8442453229757423e-06,1.2760950056645015e-06,3.0917482945369557e-05,0.0011131706414744258,0.3615877032279968,34.977378845214844
bandmf_ime_sep_bc,73,0.500732421875,1.8420025706215408e-06,6.2303532518311515e-09,1.843686272688198e-06,1.2559421615302806e-06,1.902487019833643e-05,0.0011358264600858092,0.36775267124176025,24.874332427978516
bandmf_ime_sep_bc,74,0.5001068115234375,1.8439855390776454e-06,6.296748770543796e-09,1.8455025999249604e-06,1.2364741195369788e-06,2.6725374482339248e-05,0.0011166955810040236,0.3706311583518982,83.520263671875
bandmf_ime_sep_bc,75,0.4997914632161458,1.8430279927391287e-06,6.360510729219726e-09,1.8443926184848654e-06,1.2171118726200802e-06,4.570974488160573e-05,0.001354984357021749,0.3565463125705719,32.053260803222656
bandmf_ime_sep_bc,76,0.5000483194986979,1.838596636124142e-06,6.434449769295488e-09,1.8398220523370885e-06,1.2002574152347734e-06,9.99999993922529e-09,0.0013187499716877937,0.35195693373680115,48030.45703125
bandmf_ime_sep_bc,77,0.4996528625488281,1.8397044954099329e-06,6.5014473434506686e-09,1.8408077740635538e-06,1.182626187793782e-06,4.203819116810337e-05,0.0009909094078466296,0.35774120688438416,31.046367645263672
bandmf_ime_sep_bc,78,0.49951807657877606,1.8435369592377053e-06,6.56142114715171e-09,1.8445317427525272e-06,1.1642775679850577e-06,4.960213118465617e-05,0.0012324656127020717,0.3685155510902405,15.539009094238281
bandmf_ime_sep_bc,79,0.4998334248860677,1.8429069494156163e-06,6.630836676032222e-09,1.8438020769432721e-06,1.148128400056218e-06,3.790625123656355e-05,0.0010284322779625654,0.37603968381881714,27.32429313659668
bandmf_ime_sep_bc,80,0.4994951883951823,1.843190517547555e-06,6.702838543463467e-09,1.8439961214274565e-06,1.1328799350470338e-06,1.1921651093871333e-05,0.0013285422464832664,0.3533243238925934,41.644779205322266
bandmf_ime_sep_bc,81,0.4995155334472656,1.8444546251809395e-06,6.776340803297624e-09,1.8451803024769713e-06,1.1183026534430003e-06,3.5532459150999784e-05,0.0012830191990360618,0.3851802349090576,36.06684875488281
bandmf_ime_sep_bc,82,0.49989954630533856,1.8434859659540355e-06,6.832813352157056e-09,1.8441387368284268e-06,1.1013733616967631e-06,5.847281136084348e-05,0.0011315550655126572,0.37480610609054565,30.992197036743164
bandmf_ime_sep_bc,83,0.5002822875976562,1.8399399976942732e-06,6.904440537821206e-09,1.840526110186147e-06,1.0873347899102252e-06,2.9462053134921007e-05,0.001220886711962521,0.39605218172073364,58.22224426269531
bandmf_ime_sep_bc,84,0.4994697570800781,1.8387349456361335e-06,6.967455945527945e-09,1.8392623483502273e-06,1.0723466251268594e-06,3.0054177841520868e-05,0.001168907736428082,0.38442355394363403,23.472698211669922
bandmf_ime_sep_bc,85,0.4993604024251302,1.8448443626084554e-06,7.035386958194796e-09,1.8453203078176255e-06,1.0585185634681693e-06,2.9884298783144914e-05,0.001447885064408183,0.35947954654693604,40.39640808105469
bandmf_ime_sep_bc,86,0.49992116292317706,1.8429798321524988e-06,7.097091062983433e-09,1.8434078062531019e-06,1.0441421854541961e-06,4.356962381280027e-05,0.001452918746508658,0.36578381061553955,32.5375862121582
bandmf_ime_sep_bc,87,0.5003738403320312,1.8430803028953353e-06,7.1683323536279415e-09,1.8434657060121633e-06,1.0315347983199292e-06,3.328741149744019e-05,0.0012341224355623126,0.3769668936729431,53.9868278503418
bandmf_ime_sep_bc,88,0.5002123514811198,1.8452326363179357e-06,7.225306149679274e-09,1.845579764866064e-06,1.0172404737810818e-06,1.8737664504442364e-05,0.0012197840260341763,0.39578747749328613,43.54834747314453
bandmf_ime_sep_bc,89,0.5003496805826823,1.8415762781387457e-06,7.29575803474584e-09,1.8418880358694878e-06,1.0051972433681537e-06,2.5737119358382188e-05,0.0012213579611852765,0.36980441212654114,25.115150451660156
bandmf_ime_sep_bc,90,0.5002619425455729,1.8428268759862476e-06,7.359586181217755e-09,1.8431076540537106e-06,9.925607239817207e-07,2.2526281099999323e-05,0.0010596782667562366,0.3967207074165344,162.94091796875
bandmf_ime_sep_bc,91,0.500219980875651,1.8458612866349238e-06,7.426483058144602e-09,1.8461143582726436e-06,9.806572336401587e-07,2.9990083930897526e-05,0.0011634413385763764,0.3754793703556061,45.3298225402832
bandmf_ime_sep_bc,92,0.5000190734863281,1.843985818557788e-06,7.49286684550062e-09,1.8442135759263085e-06,9.68985098381836e-07,3.434758764342405e-05,0.001237975899130106,0.387196809053421,26.63616371154785
bandmf_ime_sep_bc,93,0.500219980875651,1.8399654493350681e-06,7.555124192926144e-09,1.8401698961649042e-06,9.570796374684203e-07,9.059439435077365e-06,0.0009682603413239121,0.4137079119682312,126.61849212646484
bandmf_ime_sep_bc,94,0.4996910095214844,1.839813331609245e-06,7.618219536690654e-09,1.8399975895514824e-06,9.455796169769807e-07,8.730113768251613e-05,0.0010812808759510517,0.3878214955329895,21.45909881591797
bandmf_ime_sep_bc,95,0.5003674825032552,1.8442776621441226e-06,7.689867409510498e-09,1.8444438959856295e-06,9.35405054747207e-07,2.650837996043265e-05,0.0012552224798128009,0.3834417462348938,41.66469955444336
bandmf_ime_sep_bc,96,0.5003102620442709,1.842568911077554e-06,7.750960503057533e-09,1.8427182908453688e-06,9.242056956774528e-07,3.152398858219385e-05,0.0011330976849421859,0.4072502553462982,29.605745315551758
bandmf_ime_sep_bc,97,0.5001754760742188,1.8409680914525477e-06,7.814804544222417e-09,1.8411023887665579e-06,9.136029485527312e-07,9.797813254408538e-05,0.0010851721744984388,0.414326012134552,13.862363815307617
bandmf_ime_sep_bc,98,0.5000788370768229,1.8369750686512514e-06,7.877893448693385e-09,1.837095500908011e-06,9.031677616159565e-07,4.566060670185834e-05,0.0011494724312797189,0.40109509229660034,33.838226318359375
bandmf_ime_sep_bc,99,0.5001907348632812,1.8383942498682397e-06,7.948146548327392e-09,1.8385029486959563e-06,8.937857529645044e-07,8.793891538516618e-06,0.001106168725527823,0.4051394462585449,78.37751770019531
bandmf_ime_sep_bc,100,0.49991734822591144,1.8397416757428193e-06,8.006221389559679e-09,1.8398394985297273e-06,8.832685315004104e-07,3.386766547919251e-05,0.001231117406859994,0.4022212028503418,37.49250030517578
bandmf_ime_sep_bc,101,0.4999987284342448,1.8408677154487425e-06,8.076305661279074e-09,1.8409559411717662e-06,8.743035901185673e-07,3.0617655284004286e-05,0.001172166783362627,0.40164586901664734,49.87118911743164
bandmf_ime_sep_bc,102,0.500830332438151,1.840286302012828e-06,8.139152722167845e-09,1.8403657264798312e-06,8.647648238972275e-07,2.4118802684824914e-05,0.0011335902381688356,0.3993663489818573,52.04492950439453
bandmf_ime_sep_bc,103,0.5002174377441406,1.8445070111283712e-06,8.207696115351363e-09,1.844578700153458e-06,8.560383903954971e-07,3.2263516914099455e-05,0.0010265050223097205,0.4332974851131439,67.07199096679688
bandmf_ime_sep_bc,104,0.5002733866373698,1.8431450522863695e-06,8.266583861882282e-09,1.8432092048215054e-06,8.46511750770181e-07,1.2049739780195523e-05,0.0008477463270537555,0.4146287441253662,50.85350036621094
bandmf_ime_sep_bc,105,0.4998181660970052,1.8411698713786488e-06,8.326180485814424e-09,1.8412278137702742e-06,8.372743138806982e-07,2.0933108316967264e-05,0.0010757660493254662,0.42105650901794434,82.94412994384766
bandmf_ime_sep_bc,106,0.5003166198730469,1.8425319296966336e-06,8.392772699039597e-09,1.8425842161680823e-06,8.289363411980352e-07,4.904371962766163e-05,0.0011637978022918105,0.40479210019111633,31.385150909423828
bandmf_ime_sep_bc,107,0.49988555908203125,1.8355206729362787e-06,8.459016709316813e-09,1.8355675024395168e-06,8.207417134068843e-07,3.3873100619530305e-05,0.0010836657602339983,0.3861757516860962,43.18832778930664
bandmf_ime_sep_bc,108,0.5008761088053385,1.8413722955301637e-06,8.521120845964939e-09,1.841414421240491e-06,8.123252281203955e-07,5.463331035571173e-05,0.0008769366540946066,0.4162631928920746,32.094173431396484
bandmf_ime_sep_bc,109,0.5003522237141927,1.8454789056931986e-06,8.580433881929158e-09,1.8455172181575108e-06,8.038295528460063e-07,3.777341771638021e-05,0.0009630814311094582,0.39928847551345825,25.044471740722656
bandmf_ime_sep_bc,110,0.4999440511067708,1.8411233260925048e-06,8.638681658901248e-09,1.8411576074110296e-06,7.954195192875583e-07,2.8651860702666454e-05,0.000962149235419929,0.41875913739204407,41.374656677246094
bandmf_ime_sep_bc,111,0.500176747639974,1.8380647427799583e-06,8.704284330344573e-09,1.8380954098044338e-06,7.87857362164838e-07,3.4061100450344384e-05,0.0009279610821977258,0.4240131676197052,30.309717178344727
bandmf_ime_sep_bc,112,0.5001602172851562,1.8402322202367334e-06,8.76996505046653e-09,1.8402598840339124e-06,7.804569529904862e-07,4.265869938535616e-05,0.0011625259649008512,0.43115073442459106,84.60282897949219
bandmf_ime_sep_bc,113,0.5000292460123698,1.8408700649767222e-06,8.829863025934989e-09,1.840895076081021e-06,7.726989726582664e-07,1.8457783880876377e-05,0.0011478629894554615,0.39100882411003113,43.34251022338867
bandmf_ime_sep_bc,114,0.4996070861816406,1.8398876259576962e-06,8.892562686213523e-09,1.8399100127908241e-06,7.653447132346022e-07,3.394703890080564e-05,0.0009834564989432693,0.43033188581466675,53.265357971191406
bandmf_ime_sep_bc,115,0.4998423258463542,1.84149497783892e-06,8.949479046727049e-09,1.8415151809373735e-06,7.576487869679719e-07,4.212972999084741e-05,0.0009342188131995499,0.3958623707294464,21.867618560791016
bandmf_ime_sep_bc,116,0.5000966389973959,1.8403321793888001e-06,9.020120317337899e-09,1.8403505919195595e-06,7.512563987196094e-07,3.266845305915922e-05,0.0009994369465857744,0.4108331799507141,31.18634605407715
bandmf_ime_sep_bc,117,0.49960581461588544,1.8452465676925083e-06,9.078944337067204e-09,1.845262853332012e-06,7.440152387516719e-07,6.581813067896292e-05,0.0009940039599314332,0.4138454794883728,28.78016471862793
bandmf_ime_sep_bc,118,0.49979909261067706,1.8448030611277015e-06,9.140283826110837e-09,1.844818020420765e-06,7.371225715739153e-07,2.139647040166892e-05,0.0009269057773053646,0.46015465259552,59.12928009033203
bandmf_ime_sep_bc,119,0.4993782043457031,1.850117987108509e-06,9.201750287661051e-09,1.8501312174142488e-06,7.303759090859785e-07,2.3825961761758663e-05,0.0012615927262231708,0.40988823771476746,86.85748291015625
bandmf_ime_sep_bc,120,0.49982579549153644,1.8466228652869177e-06,9.264361648201694e-09,1.8466347455614596e-06,7.23850270389903e-07,4.3010382796637714e-05,0.0010208474704995751,0.43759581446647644,60.19618606567383
bandmf_ime_sep_bc,121,0.49958038330078125,1.8412151992682386e-06,9.321543537055277e-09,1.841226179521982e-06,7.170320017735321e-07,9.377185051562265e-06,0.0009587141103111207,0.4496428370475769,188.80902099609375
bandmf_ime_sep_bc,122,0.4996388753255208,1.8381725273760214e-06,9.380895134765884e-09,1.8381821718094216e-06,7.105127579620785e-07,2.2517226170748472e-05,0.0009767470182850957,0.4369896650314331,110.86172485351562
bandmf_ime_sep_bc,123,0.4996172587076823,1.8425531654505296e-06,9.43724990746612e-09,1.8425619240739859e-06,7.03895513728033e-07,3.864158861688338e-05,0.0010676323436200619,0.4075278043746948,52.93416976928711
bandmf_ime_sep_bc,124,0.49975840250651044,1.8466277775056976e-06,9.50583127027708e-09,1.8466357308473864e-06,6.983055058640275e-07,2.76492955890717e-05,0.0009311965550296009,0.43433794379234314,136.94049072265625
bandmf_ime_sep_bc,125,0.4998613993326823,1.849570589721831e-06,9.558356254639003e-09,1.8495776288318666e-06,6.916512731436342e-07,2.891599797294475e-05,0.0008440554374828935,0.4285545349121094,23.934667587280273
bandmf_ime_sep_bc,126,0.4995079040527344,1.8425445915681848e-06,9.619849065482336e-09,1.8425511806678212e-06,6.857667666319381e-07,2.985565697599668e-05,0.0008844507392495871,0.43348225951194763,33.81861114501953
bandmf_ime_sep_bc,127,0.49961217244466144,1.8402533044081792e-06,9.678063202696782e-09,1.8402589887500653e-06,6.797601225609166e-07,3.136716259177774e-05,0.001055177766829729,0.4176306128501892,53.8715934753418
bandmf_ime_sep_bc,128,0.5004158020019531,1.8398004944704856e-06,9.737820660937757e-09,1.839805776171488e-06,6.739718922214403e-07,3.392305370653048e-05,0.0011500180698931217,0.42243897914886475,30.479007720947266
bandmf_ime_sep_bc,129,0.4998283386230469,1.8425672010380367e-06,9.787056461559493e-09,1.8425720185177852e-06,6.675717874789674e-07,1.6877002053661272e-05,0.0009643269004300237,0.4357367157936096,48.93643569946289
bandmf_ime_sep_bc,130,0.4994862874348958,1.8436339151624754e-06,9.855480690805033e-09,1.8436383157904856e-06,6.625847698652857e-07,2.0807206965400837e-05,0.001069558085873723,0.42022645473480225,46.559112548828125
bandmf_ime_sep_bc,131,0.49907811482747394,1.8443734717266125e-06,9.916676516989279e-09,1.8443774270811748e-06,6.572019420521732e-07,3.3886546589201316e-05,0.0010838236194103956,0.42905059456825256,105.90225219726562
bandmf_ime_sep_bc,132,0.5002975463867188,1.8422950205376765e-06,9.966527492188959e-09,1.8422985448296458e-06,6.511729206219267e-07,1.2727436114801094e-05,0.001003640121780336,0.44443029165267944,119.59251403808594
bandmf_ime_sep_bc,133,0.4993184407552083,1.839553969299838e-06,1.002757014460324e-08,1.8395570720031174e-06,6.459781995242034e-07,1.2092884389858227e-05,0.0010277717374265194,0.4311961233615875,83.04883575439453
bandmf_ime_sep_bc,134,0.49918365478515625,1.8395529224335405e-06,1.0093990754356241e-08,1.8395555751264208e-06,6.412146357585394e-07,3.427831325097941e-05,0.0010180197423323989,0.408523291349411,49.99187088012695
bandmf_ime_sep_bc,135,0.49869410196940106,1.8403957729636506e-06,1.0152647611505472e-08,1.8403984161826277e-06,6.360433175700564e-07,3.083576666540466e-05,0.0009975176071748137,0.4438684582710266,40.81815719604492
bandmf_ime_sep_bc,136,0.50006103515625,1.843061160874034e-06,1.0204498135379936e-08,1.8430633825043212e-06,6.305414288476641e-07,5.831500675412826e-05,0.0010389116359874606,0.41879940032958984,20.925731658935547
bandmf_ime_sep_bc,137,0.49967193603515625,1.8388875181093074e-06,1.0270400085943265e-08,1.8388897160548368e-06,6.259944598241418e-07,3.371589264133945e-05,0.0010585132986307144,0.4268227815628052,68.8825454711914
bandmf_ime_sep_bc,138,0.4996477762858073,1.8406035546073933e-06,1.0325922376412203e-08,1.8406053072794748e-06,6.208969386041948e-07,3.443130844971165e-05,0.0009677225607447326,0.4288712739944458,56.820106506347656
bandmf_ime_sep_bc,139,0.49888865152994794,1.8373485867565857e-06,1.0375081016533727e-08,1.8373503583764734e-06,6.155098333238129e-07,6.082740947022103e-05,0.0010304948082193732,0.4549897611141205,22.47149085998535
bandmf_ime_sep_bc,140,0.4997138977050781,1.8407174214492745e-06,1.0436067787722436e-08,1.8407191693844045e-06,6.109113996899396e-07,2.0272193069104105e-05,0.0009457804844714701,0.43136146664619446,94.85945129394531
bandmf_ime_sep_bc,141,0.4995689392089844,1.84514343951984e-06,1.0498039659800895e-08,1.8451447469184739e-06,6.064455912261716e-07,1.1768068361561745e-05,0.001067025470547378,0.4239498972892761,88.19029235839844
bandmf_ime_sep_bc,142,0.49944432576497394,1.841948337262996e-06,1.0560445777111719e-08,1.8419496493985814e-06,6.020768618479148e-07,3.669770376291126e-05,0.0011633043177425861,0.45989710092544556,55.84648513793945
bandmf_ime_sep_bc,143,0.49963124593098956,1.838591117575561e-06,1.0595092914122972e-08,1.8385924391850494e-06,5.962155166609288e-07,3.30495931848418e-05,0.0009553071577101946,0.42468759417533875,40.20616912841797
bandmf_ime_sep_bc,144,0.49945068359375,1.8415285249299511e-06,1.0651566554701711e-08,1.8415293965290402e-06,5.916747127798772e-07,6.525500793941319e-05,0.0010249643819406629,0.4420008361339569,49.57322692871094
bandmf_ime_sep_bc,145,0.49953969319661456,1.840827825579557e-06,1.0717733071411809e-08,1.8408286971786463e-06,5.877403073858053e-07,2.2634423658018932e-05,0.000980302575044334,0.4401545226573944,126.69090270996094
bandmf_ime_sep_bc,146,0.49935022989908856,1.837934329766237e-06,1.0771497508758424e-08,1.8379351966283746e-06,5.831939589029389e-07,1.866460297605954e-05,0.0009079232695512474,0.46841156482696533,63.13184356689453
bandmf_ime_sep_bc,147,0.49886322021484375,1.8417208688485214e-06,1.0819530345725544e-08,1.841721745184562e-06,5.784160066468758e-07,3.574211223167367e-05,0.0010102182859554887,0.41071245074272156,68.8678970336914
bandmf_ime_sep_bc,148,0.4991505940755208,1.8428426263502236e-06,1.0884557477552903e-08,1.842843497949313e-06,5.746156948778965e-07,4.016472666990012e-05,0.0010252197971567512,0.4451996684074402,40.50431823730469
bandmf_ime_sep_bc,149,0.4995524088541667,1.8381619213414524e-06,1.094913186043082e-08,1.8381627929405415e-06,5.708487478273128e-07,5.321152275428176e-05,0.0009204478119499981,0.4646000266075134,63.61650466918945
bandmf_ime_sep_bc,150,0.4998156229654948,1.838313977486905e-06,1.099860502673522e-08,1.8383144132864497e-06,5.663603488414992e-07,3.0666327802464366e-05,0.0009766918374225497,0.43910765647888184,48.202598571777344
bandmf_ime_sep_bc,151,0.49944432576497394,1.8402523049113977e-06,1.1043566727764187e-08,1.840252721763136e-06,5.617160070414684e-07,3.07572481688112e-05,0.0008967080502770841,0.4433860182762146,69.52250671386719
bandmf_ime_sep_bc,152,0.4994252522786458,1.8438086518320536e-06,1.1102678702338645e-08,1.8438090828946467e-06,5.578601734631169e-07,9.99999993922529e-09,0.0010351637611165643,0.4317101240158081,108914.109375
bandmf_ime_sep_bc,153,0.5000470479329427,1.8439241955547914e-06,1.1172578269954178e-08,1.8439246266173843e-06,5.545987017778012e-07,1.5198248547676485e-05,0.0009741141693666577,0.4314349591732025,78.417236328125
bandmf_ime_sep_bc,154,0.49938710530598956,1.8449083161916253e-06,1.1221629070412575e-08,1.8449087330433638e-06,5.503590045918827e-07,1.5152544619922992e-05,0.001045919838361442,0.4465678632259369,30.317102432250977
bandmf_ime_sep_bc,155,0.49932861328125,1.8368903766941003e-06,1.1266964435504198e-08,1.8368908172305964e-06,5.460074348206945e-07,1.4243869372876361e-05,0.0009451190126128495,0.44658613204956055,113.94039154052734
bandmf_ime_sep_bc,156,0.4995155334472656,1.8422553912008273e-06,1.1315415530492126e-08,1.8422558127895172e-06,5.418756690763379e-07,2.4073084205156192e-05,0.0010263397125527263,0.43390363454818726,50.15674591064453
bandmf_ime_sep_bc,157,0.4998207092285156,1.845844858886873e-06,1.139139471639794e-08,1.8458452757386112e-06,5.391118781024792e-07,1.0913159712799825e-05,0.0008303309441544116,0.4612259864807129,142.7744598388672
bandmf_ime_sep_bc,158,0.49960072835286456,1.8425145403474137e-06,1.144307915090792e-08,1.8425149619361036e-06,5.352458008663538e-07,2.8664289857260883e-05,0.0009486806811764836,0.4289917051792145,52.734954833984375
bandmf_ime_sep_bc,159,0.5001881917317709,1.8363997611459126e-06,1.1490276915123351e-08,1.8364001732606994e-06,5.312314617829846e-07,2.770167702692561e-05,0.0009995877044275403,0.44780707359313965,52.20976257324219
bandmf_ime_sep_bc,160,0.4998575846354167,1.8464731349846868e-06,1.1543741185171541e-08,1.8464735423625218e-06,5.275661768185577e-07,5.0523416575742885e-05,0.0010655662044882774,0.4404764175415039,27.00130271911621
bandmf_ime_sep_bc,161,0.4996070861816406,1.843826268554949e-06,1.1610147325017786e-08,1.8438266854066872e-06,5.245408350636657e-07,3.6179488233756274e-05,0.000990569475106895,0.4536168873310089,66.35928344726562
bandmf_ime_sep_bc,162,0.4996897379557292,1.8440059884975806e-06,1.166914627888834e-08,1.8440064290340767e-06,5.212249689634518e-07,1.4595812899642624e-05,0.0010688761249184608,0.45357388257980347,92.0147933959961
bandmf_ime_sep_bc,163,0.4999186197916667,1.8365967567509263e-06,1.1712358009378457e-08,1.83659715939181e-06,5.172588307308009e-07,3.380845737410709e-05,0.0009835832752287388,0.4740585684776306,49.909263610839844
bandmf_ime_sep_bc,164,0.49991734822591144,1.8418984382151393e-06,1.1758189015035706e-08,1.8418988645407808e-06,5.134691036801087e-07,3.0234934456530027e-05,0.0009623908554203808,0.4810517430305481,73.73982238769531
bandmf_ime_sep_bc,165,0.49949391682942706,1.8417030152780474e-06,1.1825532701218814e-08,1.8417030152780474e-06,5.106661925916948e-07,1.1734467079804745e-05,0.0008782742079347372,0.4455311894416809,165.35610961914062
bandmf_ime_sep_bc,166,0.5001945495605469,1.8419809985440831e-06,1.1877848223503426e-08,1.8419809985440831e-06,5.072573875016436e-07,3.682206443045288e-05,0.0010443063220009208,0.45938530564308167,30.57463836669922
bandmf_ime_sep_bc,167,0.49981053670247394,1.8446901511500375e-06,1.1935996154418168e-08,1.8446901511500375e-06,5.041443221405947e-07,1.9459756003925577e-05,0.0008117796387523413,0.4391682744026184,31.6148738861084
bandmf_ime_sep_bc,168,0.4993400573730469,1.8411176417506188e-06,1.1984262175227892e-08,1.8411176417506188e-06,5.00661414548631e-07,2.2754407837055624e-05,0.0008695338037796319,0.4503966271877289,47.72270584106445
bandmf_ime_sep_bc,169,0.49974822998046875,1.8440913531018548e-06,1.2040609879508205e-08,1.8440913531018548e-06,4.975639005995921e-07,4.885052112513222e-05,0.000990543863736093,0.4601478576660156,24.254051208496094
bandmf_ime_sep_bc,170,0.5001996358235677,1.837444434234688e-06,1.2092289392029443e-08,1.837444434234688e-06,4.943184090204037e-07,6.830553502368275e-06,0.0010738468263298273,0.45357388257980347,152.7310333251953
bandmf_ime_sep_bc,171,0.4994494120279948,1.8384826176998104e-06,1.2154555473209427e-08,1.8384826176998104e-06,4.915470270816513e-07,6.812234005337814e-06,0.000872306467499584,0.4663524627685547,99.03876495361328
bandmf_ime_sep_bc,172,0.49977747599283856,1.8406330989743462e-06,1.2201097872773422e-08,1.8406330989743462e-06,4.881825740691662e-07,2.7981475795968436e-05,0.0009819946717470884,0.46038928627967834,88.93831634521484
bandmf_ime_sep_bc,173,0.49968719482421875,1.8403301472365758e-06,1.2259325665731069e-08,1.8403301472365758e-06,4.853296999840495e-07,2.988823689520359e-05,0.0008893845370039344,0.45393696427345276,51.23809814453125
bandmf_ime_sep_bc,174,0.49981689453125,1.836708738286082e-06,1.2306067424342851e-08,1.836708738286082e-06,4.820644316320492e-07,2.844090704456903e-05,0.0009127228986471891,0.4523550271987915,37.68125915527344
bandmf_ime_sep_bc,175,0.49971898396809894,1.837804575188784e-06,1.2360743946911631e-08,1.837804575188784e-06,4.79153349886019e-07,1.2601763955899514e-05,0.0008956966921687126,0.4772886335849762,97.33573913574219
bandmf_ime_sep_bc,176,0.49956639607747394,1.8409812222823045e-06,1.2413852797562205e-08,1.8409812222823045e-06,4.762216896381233e-07,2.1238569388515316e-05,0.001022892422042787,0.46788424253463745,119.2440414428711
bandmf_ime_sep_bc,177,0.49945322672526044,1.836565402868473e-06,1.247182098336926e-08,1.836565402868473e-06,4.7351428852001237e-07,3.876415576087311e-05,0.0009825500892475247,0.46934226155281067,51.09554672241211
bandmf_ime_sep_bc,178,0.49959564208984375,1.8357711818831983e-06,1.2518257356634402e-08,1.8357711818831983e-06,4.7040873241144254e-07,2.6723941118689254e-05,0.0009737286600284278,0.45426297187805176,22.221694946289062
bandmf_ime_sep_bc,179,0.49994786580403644,1.8389394493093885e-06,1.2573417233300669e-08,1.8389394493093885e-06,4.6767092953814426e-07,4.318093851907179e-05,0.0008471904438920319,0.4439215064048767,27.839157104492188
bandmf_ime_sep_bc,180,0.5000394185384115,1.8412065874902812e-06,1.263285117255227e-08,1.8412065874902812e-06,4.6512604257031853e-07,2.302722896274645e-05,0.0008880026871338487,0.47019144892692566,108.10144805908203
bandmf_ime_sep_bc,181,0.4993705749511719,1.842631140410352e-06,1.2693282166094852e-08,1.842631140410352e-06,4.626499669294996e-07,1.8160782929044217e-05,0.000910973409190774,0.4573132395744324,91.47447204589844
bandmf_ime_sep_bc,182,0.4998575846354167,1.8401549747674533e-06,1.2738425832677555e-08,1.8401549747674533e-06,4.5965310728017056e-07,1.3232198398327455e-05,0.0010061112698167562,0.4534197449684143,143.05809020996094
bandmf_ime_sep_bc,183,0.5002695719401041,1.8380796736513123e-06,1.2785262219298469e-08,1.8380796736513123e-06,4.567577853720195e-07,6.604610462090932e-06,0.000891379895620048,0.47575002908706665,269.5726623535156
bandmf_ime_sep_bc,184,0.4998982747395833,1.8382463575032186e-06,1.2834682353949725e-08,1.8382463575032186e-06,4.539931026670274e-07,3.466314228717238e-05,0.0008978121913969517,0.4652925133705139,90.22916412353516
bandmf_ime_sep_bc,185,0.49982579549153644,1.835926179675577e-06,1.2901298881059139e-08,1.835926179675577e-06,4.5186728077813615e-07,4.353770782472566e-05,0.001151148695498705,0.467852920293808,55.942848205566406
bandmf_ime_sep_bc,186,0.4993642171223958,1.841790776779817e-06,1.294736821459234e-08,1.841790776779817e-06,4.490530566651311e-07,3.842403384624049e-05,0.000882214866578579,0.48262882232666016,34.320228576660156
bandmf_ime_sep_bc,187,0.4998486836751302,1.8459519234662973e-06,1.298137738044621e-08,1.8459519234662973e-06,4.4586194884269997e-07,3.081207614741288e-05,0.0009622059878893197,0.4596763551235199,29.715682983398438
bandmf_ime_sep_bc,188,0.49985376993815106,1.8448626756632318e-06,1.3040827232894495e-08,1.8448626756632318e-06,4.435813790356254e-07,7.98825203673914e-06,0.0009568493696860969,0.4555530846118927,54.63312911987305
bandmf_ime_sep_bc,189,0.5001665751139323,1.8426899544010666e-06,1.3104994015892638e-08,1.8426899544010666e-06,4.414871774827134e-07,1.5928093489492312e-05,0.0010022309143096209,0.47029179334640503,108.63782501220703
bandmf_ime_sep_bc,190,0.5000762939453125,1.8436900575125037e-06,1.315308325218941e-08,1.8436900575125037e-06,4.3888003157614247e-07,8.098238322418183e-05,0.0010093378368765116,0.4659552276134491,28.184328079223633
bandmf_ime_sep_bc,191,0.4999580383300781,1.840406222678818e-06,1.3187592758553043e-08,1.840406222678818e-06,4.3585808858400316e-07,2.096726711897645e-05,0.0009451564983464777,0.48479124903678894,25.70351791381836
bandmf_ime_sep_bc,192,0.5003039042154948,1.8437138370093937e-06,1.3256010770549645e-08,1.8437138370093937e-06,4.339875836478768e-07,6.462249984906521e-06,0.0008640066371299326,0.4417915940284729,61.72320556640625
bandmf_ime_sep_bc,193,0.5001513163248698,1.8440531969569445e-06,1.3315779405035736e-08,1.8440531969569445e-06,4.318564243988021e-07,2.4309409127454273e-05,0.0009152019047178328,0.45524656772613525,26.952922821044922
bandmf_ime_sep_bc,194,0.5000114440917969,1.8433353830005217e-06,1.3356940627614241e-08,1.8433353830005217e-06,4.2915235454188405e-07,1.574065572640393e-05,0.0009681336232461035,0.460970014333725,85.61151123046875
bandmf_ime_sep_bc,195,0.500158945719401,1.8373353848725553e-06,1.3394516384934718e-08,1.8373353848725553e-06,4.2636962405140366e-07,4.3464908230816945e-05,0.000836959108710289,0.48998957872390747,48.39720916748047
bandmf_ime_sep_bc,196,0.49959437052408856,1.8422218393728447e-06,1.3448390586331035e-08,1.8422218393728447e-06,4.241375890501331e-07,4.3599378841463476e-05,0.000780974980443716,0.4603477120399475,25.692668914794922
bandmf_ime_sep_bc,197,0.4999504089355469,1.8444777509785126e-06,1.351584044684273e-08,1.8444777509785126e-06,4.2235697013855617e-07,1.0093800483446103e-05,0.000985476071946323,0.48149430751800537,36.88496398925781
bandmf_ime_sep_bc,198,0.4999987284342448,1.8448672894540625e-06,1.3567822495138179e-08,1.8448672894540625e-06,4.2011576439904275e-07,9.008595952764153e-06,0.0008578924462199211,0.46879878640174866,134.6511688232422
bandmf_ime_sep_bc,199,0.4999046325683594,1.8432945031084576e-06,1.3613128587349385e-08,1.8432945031084576e-06,4.176967867882316e-07,2.376389966229908e-05,0.0008889344171620905,0.492748886346817,51.41415023803711
bandmf_ime_sep_bc,200,0.49996693929036456,1.8406814016695232e-06,1.3656430689993707e-08,1.8406814016695232e-06,4.1524719189093656e-07,1.6466570741613396e-05,0.0010291187791153789,0.4530676603317261,45.961761474609375
bandmf_ime_sep_bc,201,0.5001131693522135,1.8387207442553215e-06,1.3698279029602153e-08,1.8387207442553215e-06,4.1278434537161957e-07,5.126785617903806e-05,0.0008718995377421379,0.5068926811218262,23.280437469482422
bandmf_ime_sep_bc,202,0.5004386901855469,1.8400427563847188e-06,1.3759424340638779e-08,1.8400427563847188e-06,4.109288944675882e-07,7.060041752993129e-06,0.0008932772325351834,0.4783005118370056,260.05206298828125
bandmf_ime_sep_bc,203,0.4999351501464844,1.8416674170869858e-06,1.381318670556908e-08,1.8416674170869858e-06,4.08875243588606e-07,2.8670143365161493e-05,0.0008817077032290399,0.4629089832305908,56.022193908691406
bandmf_ime_sep_bc,204,0.4997901916503906,1.838348509863863e-06,1.385675344837504e-08,1.838348509863863e-06,4.0654637108635444e-07,2.701182347664144e-05,0.0008666268549859524,0.47657591104507446,26.038923263549805
bandmf_ime_sep_bc,205,0.5000406901041666,1.8360121174509914e-06,1.3888566148996992e-08,1.8360121174509914e-06,4.039040272611298e-07,1.4016682143846992e-05,0.0009116791770793498,0.47257235646247864,60.26494598388672
bandmf_ime_sep_bc,206,0.5004425048828125,1.838325327222871e-06,1.3940259687335773e-08,1.838325327222871e-06,4.018690731300012e-07,3.3668715332169086e-05,0.0008926857844926417,0.5046325325965881,38.72856903076172
bandmf_ime_sep_bc,207,0.5005531311035156,1.840374399838159e-06,1.399391680312334e-08,1.840374399838159e-06,3.9991380755092604e-07,4.419982360559516e-06,0.0009692821768112481,0.4520009756088257,29.152891159057617
bandmf_ime_sep_bc,208,0.5001258850097656,1.8401143885663866e-06,1.4042138378004646e-08,1.8401143885663866e-06,3.978265231315466e-07,3.94607923226431e-05,0.0010541428346186876,0.5035606622695923,65.00348663330078
bandmf_ime_sep_bc,209,0.4998118082682292,1.842598355968524e-06,1.4098840169414947e-08,1.842598355968524e-06,3.9600203412722596e-07,2.282605055370368e-05,0.0010734634706750512,0.467846542596817,81.44900512695312
bandmf_ime_sep_bc,210,0.500420888264974,1.8436383252643889e-06,1.4135832060446774e-08,1.8436383252643889e-06,3.9364870000705804e-07,2.806555676215794e-05,0.0009157891036011279,0.49638286232948303,49.98826599121094
bandmf_ime_sep_bc,211,0.5004107157389323,1.8464565793389436e-06,1.4173935765822895e-08,1.8464565793389436e-06,3.913548691040584e-07,9.28483950701775e-06,0.0009695665212348104,0.4672567844390869,244.6893310546875
bandmf_ime_sep_bc,212,0.49991734822591144,1.846008027920713e-06,1.4242280096018097e-08,1.846008027920713e-06,3.8991710364181625e-07,4.372930106910644e-06,0.001047675614245236,0.4739542007446289,235.32266235351562
bandmf_ime_sep_bc,213,0.5004043579101562,1.8438886778919066e-06,1.4292640700593514e-08,1.8438886778919066e-06,3.8800447536383825e-07,1.9480457922327332e-05,0.000991545501165092,0.48087233304977417,50.59378433227539
bandmf_ime_sep_bc,214,0.5003509521484375,1.8400636179194407e-06,1.4337975140499282e-08,1.8400636179194407e-06,3.859782478817427e-07,1.5973044355632737e-05,0.0007889795815572143,0.4831363558769226,88.42265319824219
bandmf_ime_sep_bc,215,0.50048828125,1.8438224553089337e-06,1.4383451207855558e-08,1.8438224553089337e-06,3.8397933484664765e-07,4.3256684875814244e-05,0.0009979853639379144,0.4810087978839874,35.93012619018555
bandmf_ime_sep_bc,216,0.5003636678059896,1.8419094421536404e-06,1.4440280304839348e-08,1.8419094421536404e-06,3.8230385612791906e-07,3.1803272577235475e-05,0.0011645364575088024,0.46439605951309204,63.88452911376953
bandmf_ime_sep_bc,217,0.5001564025878906,1.8413720018391662e-06,1.4487730792822617e-08,1.8413720018391662e-06,3.8039987515503526e-07,2.0261231838958338e-05,0.0007932452717795968,0.5021929740905762,78.84368133544922
bandmf_ime_sep_bc,218,0.5000432332356771,1.842676510932506e-06,1.4522471521634847e-08,1.842676510932506e-06,3.781862538687619e-07,2.3112836061045527e-05,0.0009751428151503205,0.48961037397384644,93.02765655517578
bandmf_ime_sep_bc,219,0.5002263387044271,1.8420658089250235e-06,1.4573179181927761e-08,1.8420658089250235e-06,3.764114235120057e-07,3.331679545226507e-05,0.0009442174341529608,0.4968110918998718,36.47089767456055
bandmf_ime_sep_bc,220,0.4997545878092448,1.847518892835372e-06,1.4629646383212958e-08,1.847518892835372e-06,3.7480383478320317e-07,1.4990624549682252e-05,0.0007797384168952703,0.48343750834465027,111.30864715576172
bandmf_ime_sep_bc,221,0.4998588562011719,1.8409665898388994e-06,1.4670865189359006e-08,1.8409665898388994e-06,3.728250845824732e-07,3.07423688354902e-05,0.000965191749855876,0.4884070158004761,26.634716033935547
bandmf_ime_sep_bc,222,0.5001246134440104,1.8421019944980799e-06,1.472757467831561e-08,1.8421019944980799e-06,3.7125965472265915e-07,5.750843047280796e-05,0.0009118975722230971,0.4766012132167816,35.255340576171875
bandmf_ime_sep_bc,223,0.5002759297688802,1.8410161383523398e-06,1.4759803860601531e-08,1.8410161383523398e-06,3.690980712178771e-07,1.8105960407410748e-05,0.0009236277546733618,0.5076104402542114,61.369041442871094
bandmf_ime_sep_bc,224,0.500189463297526,1.8456160451781518e-06,1.481637423861315e-08,1.8456160451781518e-06,3.67565657910518e-07,3.7483925552805886e-05,0.0009269919828511775,0.4823458194732666,66.49453735351562
bandmf_ime_sep_bc,225,0.49989954630533856,1.8396150096577912e-06,1.4865406905428813e-08,1.8396150096577912e-06,3.6586364042060876e-07,2.5933148208423518e-05,0.0006950647220946848,0.49032753705978394,76.82417297363281
bandmf_ime_sep_bc,226,0.5002225240071615,1.838235415145088e-06,1.490895947438749e-08,1.838235415145088e-06,3.64045700251836e-07,5.822205275762826e-05,0.0010222584242001176,0.47837069630622864,35.40203857421875
bandmf_ime_sep_bc,227,0.500603993733724,1.8377373720568357e-06,1.4948281723548007e-08,1.8377373720568357e-06,3.6214568529165564e-07,5.618817885988392e-05,0.000761769711971283,0.5257745981216431,34.06753158569336
bandmf_ime_sep_bc,228,0.5003306070963541,1.8400231975116792e-06,1.4999552896040786e-08,1.8400231975116792e-06,3.6055400087775524e-07,2.7542620955500752e-05,0.0007985365809872746,0.5133236646652222,71.64552307128906
bandmf_ime_sep_bc,229,0.49973805745442706,1.8386635266172864e-06,1.5057383562222526e-08,1.8386635266172864e-06,3.59135404674286e-07,9.99999993922529e-09,0.0008283109636977315,0.5115711688995361,98995.0703125
bandmf_ime_sep_bc,230,0.5001004536946615,1.838151495311043e-06,1.509050425359722e-08,1.838151495311043e-06,3.571460271227049e-07,9.99999993922529e-09,0.0008272519917227328,0.4986572861671448,43669.23828125
bandmf_ime_sep_bc,231,0.5005353291829427,1.8370448628957092e-06,1.513762929820454e-08,1.8370448628957092e-06,3.55507958479014e-07,2.88721621473087e-05,0.0008998602861538529,0.4969870448112488,32.17003631591797
bandmf_ime_sep_bc,232,0.5005912780761719,1.837903965906662e-06,1.518949699352845e-08,1.837903965906662e-06,3.539978526608441e-07,1.4527272469422314e-05,0.0009667878621257842,0.47591066360473633,34.118865966796875
bandmf_ime_sep_bc,233,0.4999961853027344,1.8429552473738415e-06,1.5244661385101683e-08,1.8429552473738415e-06,3.5257942698763145e-07,1.4908855519024655e-05,0.0007640027324669063,0.4836958348751068,42.39853286743164
bandmf_ime_sep_bc,234,0.4999745686848958,1.841840472138756e-06,1.527832416137187e-08,1.841840472138756e-06,3.506812014109073e-07,1.868042818387039e-05,0.0009341344702988863,0.49321743845939636,96.04535675048828
bandmf_ime_sep_bc,235,0.500359853108724,1.8430279832652257e-06,1.5338382712097125e-08,1.8430279832652257e-06,3.4940566232914233e-07,5.053151471656747e-05,0.0009219130151905119,0.49497926235198975,42.70722579956055
bandmf_ime_sep_bc,236,0.5002085367838541,1.842460283304111e-06,1.538470587962119e-08,1.842460283304111e-06,3.4783136963293754e-07,1.6118148778332397e-05,0.0008593900129199028,0.5070112943649292,75.79817199707031
bandmf_ime_sep_bc,237,0.49947865804036456,1.842024445863899e-06,1.5429793442933715e-08,1.842024445863899e-06,3.4624553653846607e-07,2.509029036446009e-05,0.0008883429109118879,0.47469595074653625,52.65349578857422
bandmf_ime_sep_bc,238,0.500091552734375,1.8405339119453856e-06,1.5474648747589487e-08,1.8405339119453856e-06,3.446712592373539e-07,3.289867890998721e-05,0.0007932308944873512,0.5251705646514893,72.29680633544922
bandmf_ime_sep_bc,239,0.5004043579101562,1.8437327090244555e-06,1.5508830812175727e-08,1.8437327090244555e-06,3.4287726791149e-07,3.87877980756457e-06,0.0008845265838317573,0.490874320268631,510.00347900390625
bandmf_ime_sep_bc,240,0.5006497701009115,1.8389400082696739e-06,1.5569806333104452e-08,1.8389400082696739e-06,3.416908356257409e-07,1.0122143976332154e-05,0.0009507645736448467,0.5255831480026245,224.13795471191406
bandmf_ime_sep_bc,241,0.4998283386230469,1.8466569239687185e-06,1.561394835647434e-08,1.8466569239687185e-06,3.401482627414983e-07,5.5265933042392135e-05,0.0009389894548803568,0.4877602458000183,21.598716735839844
bandmf_ime_sep_bc,242,0.5004933675130209,1.8385324551672966e-06,1.567146619881517e-08,1.8385324551672966e-06,3.3891106691423073e-07,1.2519644769781735e-05,0.0007867183303460479,0.4821271300315857,148.23284912109375
bandmf_ime_sep_bc,243,0.5001513163248698,1.8416108768330257e-06,1.570243113313552e-08,1.8416108768330257e-06,3.3711487527436174e-07,9.99999993922529e-09,0.0008973438525572419,0.5021229982376099,57046.03515625
bandmf_ime_sep_bc,244,0.5002606709798177,1.8443231558270174e-06,1.575374364293225e-08,1.8443231558270174e-06,3.3577209871774966e-07,1.2641562534554396e-05,0.0008771637221798301,0.487295925617218,63.949710845947266
bandmf_ime_sep_bc,245,0.4999071756998698,1.84796617001363e-06,1.5793784724493776e-08,1.84796617001363e-06,3.342038231342788e-07,4.537949644145556e-05,0.0008213284309022129,0.5105330944061279,15.992368698120117
bandmf_ime_sep_bc,246,0.5004475911458334,1.8473514747559723e-06,1.5852418859078437e-08,1.8473514747559723e-06,3.3304229181870443e-07,4.650730261346325e-05,0.0009051387896761298,0.4919615089893341,31.558317184448242
bandmf_ime_sep_bc,247,0.5004564921061198,1.8428465959156408e-06,1.5890265103735146e-08,1.8428465959156408e-06,3.3145753045952614e-07,2.324785054952372e-05,0.0008091813651844859,0.5103104114532471,82.1127700805664
bandmf_ime_sep_bc,248,0.5002708435058594,1.8432810359551393e-06,1.5933674601953385e-08,1.8432810359551393e-06,3.300045913571618e-07,1.820684519771021e-05,0.0009342149714939296,0.4954967498779297,137.1947021484375
bandmf_ime_sep_bc,249,0.5003980000813802,1.844379880822089e-06,1.599057804687239e-08,1.844379880822089e-06,3.2884346741942255e-07,6.060141458874568e-06,0.0008013773476704955,0.5448030829429626,117.34300994873047
bandmf_ime_sep_bc,250,0.5002237955729166,1.8441095477328417e-06,1.603229038416032e-08,1.8441095477328417e-06,3.273828248495647e-07,1.3457497516355943e-05,0.0008068886818364263,0.5105817914009094,57.14238357543945
bandmf_ime_sep_bc,251,0.5006192525227865,1.8445907651691111e-06,1.6070901572480995e-08,1.8445907651691111e-06,3.2587371497546275e-07,2.0943616618751548e-05,0.0009657818009145558,0.5226325988769531,78.07740783691406
bandmf_ime_sep_bc,252,0.500115712483724,1.8496028625728893e-06,1.6121423159394983e-08,1.8496028625728893e-06,3.2461996587092773e-07,2.5079947590711527e-05,0.000991487642750144,0.5183935165405273,33.6209602355957
bandmf_ime_sep_bc,253,0.499969482421875,1.8447948283058697e-06,1.616370874183796e-08,1.8447948283058697e-06,3.2321332218051185e-07,2.3528336896561086e-05,0.0007576989592052996,0.4866188168525696,78.41297149658203
bandmf_ime_sep_bc,254,0.5002415974934896,1.8460307700252088e-06,1.62235998709311e-08,1.8460307700252088e-06,3.2217011517824784e-07,3.458766150288284e-05,0.0009470739751122892,0.49210819602012634,96.87469482421875
bandmf_ime_sep_bc,255,0.5006001790364584,1.8425470216243411e-06,1.6265090015584367e-08,1.8425470216243411e-06,3.2077290867960073e-07,1.3340969417185988e-05,0.0009067808859981596,0.5191354751586914,88.64183044433594
bandmf_ime_sep_bc,256,0.5004221598307291,1.8436286524092793e-06,1.6317894295051854e-08,1.8436286524092793e-06,3.1961086695749447e-07,3.61228667316027e-05,0.0009698193171061575,0.5323320031166077,57.816349029541016
bandmf_ime_sep_bc,257,0.5000699361165365,1.8400910590798958e-06,1.6348785954652573e-08,1.8400910590798958e-06,3.180333199755599e-07,2.9445658583426848e-05,0.0009133031126111746,0.500978410243988,58.39748001098633
bandmf_ime_sep_bc,258,0.5004997253417969,1.8446296318567572e-06,1.6399421006359678e-08,1.8446296318567572e-06,3.1685334889175465e-07,3.4409600630169734e-05,0.000932472525164485,0.5284387469291687,46.116085052490234
bandmf_ime_sep_bc,259,0.4999237060546875,1.844980137851356e-06,1.6450999969682318e-08,1.844980137851356e-06,3.1570237387275785e-07,1.198630161525216e-05,0.0008371206349693239,0.48495781421661377,48.6356086730957
bandmf_ime_sep_bc,260,0.5004488627115885,1.8420943916908072e-06,1.6498444388446387e-08,1.8420943916908072e-06,3.1448303161596414e-07,7.1947274591366295e-06,0.0007211738266050816,0.5093628168106079,101.54953002929688
bandmf_ime_sep_bc,261,0.4997418721516927,1.8466695858402697e-06,1.652883111861551e-08,1.8466695858402697e-06,3.129518167573527e-07,2.81435113720363e-05,0.0008116825483739376,0.5130199790000916,53.41156768798828
bandmf_ime_sep_bc,262,0.4999834696451823,1.83999179625971e-06,1.656962100859971e-08,1.83999179625971e-06,3.116319800729646e-07,3.087320510530844e-05,0.0009827304165810347,0.5131351351737976,100.36174774169922
bandmf_ime_sep_bc,263,0.4996846516927083,1.8419835849196413e-06,1.6630297361430735e-08,1.8419835849196413e-06,3.106961372623118e-07,3.2225212635239586e-05,0.0008785799145698547,0.5073480010032654,46.344642639160156
bandmf_ime_sep_bc,264,0.5000877380371094,1.8480507482839432e-06,1.6691992084834812e-08,1.8480507482839432e-06,3.0978710441331714e-07,3.5419016057858244e-05,0.0009716987842693925,0.5164583921432495,42.21478271484375
bandmf_ime_sep_bc,265,0.5002288818359375,1.8453843845615363e-06,1.6727703222585433e-08,1.8453843845615363e-06,3.0840612197380324e-07,5.498841710505076e-05,0.0007273672381415963,0.5268665552139282,57.40568542480469
bandmf_ime_sep_bc,266,0.49972788492838544,1.8476292117005262e-06,1.676403097820393e-08,1.8476292117005262e-06,3.070498841850622e-07,2.9734916097368114e-05,0.0010522541124373674,0.5001919269561768,43.73466873168945
bandmf_ime_sep_bc,267,0.4999580383300781,1.8478168328783795e-06,1.68092513241902e-08,1.8478168328783795e-06,3.058685228059706e-07,3.675399057101458e-05,0.0009050624212250113,0.4984988868236542,46.99480438232422
bandmf_ime_sep_bc,268,0.5001246134440104,1.8410379046448118e-06,1.686192674377196e-08,1.8410379046448118e-06,3.0483275992310155e-07,1.1971607818850316e-05,0.0008510969346389174,0.52677321434021,85.91341400146484
bandmf_ime_sep_bc,269,0.5002301534016927,1.8446387931210968e-06,1.689496631485099e-08,1.8446387931210968e-06,3.0345320804296233e-07,3.726074282894842e-05,0.0008994946256279945,0.4755323827266693,38.0241584777832
bandmf_ime_sep_bc,270,0.5000661214192709,1.8489175583151034e-06,1.6926804476587638e-08,1.8489175583151034e-06,3.020657750596456e-07,2.645340828166809e-05,0.0007872391724959016,0.5212968587875366,31.57430648803711
bandmf_ime_sep_bc,271,0.4997507731119792,1.8503572836910582e-06,1.696866232710666e-08,1.8503572836910582e-06,3.008694887303894e-07,2.8771371944458224e-05,0.0006746816216036677,0.5221948623657227,43.31841278076172
bandmf_ime_sep_bc,272,0.5002301534016927,1.8495392026807167e-06,1.7034922139558262e-08,1.8495392026807167e-06,3.001139520601252e-07,1.4889919839333743e-05,0.0009224893292412162,0.4828365445137024,59.24893569946289
bandmf_ime_sep_bc,273,0.5000750223795573,1.8466369814026014e-06,1.7060573028378673e-08,1.8466369814026014e-06,2.986530619845477e-07,3.137344174319878e-05,0.0009604237275198102,0.48494789004325867,57.397315979003906
bandmf_ime_sep_bc,274,0.4999961853027344,1.84710659330752e-06,1.7105041605347537e-08,1.84710659330752e-06,2.9753386125245623e-07,3.6718800402013585e-05,0.0008330410346388817,0.5016493201255798,37.519775390625
bandmf_ime_sep_bc,275,0.5000750223795573,1.8458128513051026e-06,1.7144802984721725e-08,1.8458128513051026e-06,2.963432758444166e-07,5.218734440859407e-05,0.0008308341493830085,0.520438551902771,38.228031158447266
bandmf_ime_sep_bc,276,0.5001055399576823,1.8456729454404315e-06,1.7211973994217072e-08,1.8456729454404315e-06,2.9563451657092327e-07,1.1658833500405308e-05,0.0009248956921510398,0.5070443153381348,76.0545425415039
bandmf_ime_sep_bc,277,0.5003140767415365,1.8447462603414049e-06,1.7238933021819964e-08,1.8447462603414049e-06,2.942441857574825e-07,2.7966392735834233e-05,0.0008316613966599107,0.5454211235046387,60.250282287597656
bandmf_ime_sep_bc,278,0.5003102620442709,1.8435463052431562e-06,1.7297306031949233e-08,1.8435463052431562e-06,2.934001841481404e-07,8.66536811372498e-06,0.0007752475794404745,0.5423928499221802,411.0736389160156
bandmf_ime_sep_bc,279,0.5003954569498698,1.8468883051051914e-06,1.7321575729312144e-08,1.8468883051051914e-06,2.9198783598379424e-07,5.2505565690808e-05,0.0007682117284275591,0.5248106122016907,23.863216400146484
bandmf_ime_sep_bc,280,0.5008328755696615,1.8461029137976463e-06,1.737774013577109e-08,1.8461029137976463e-06,2.91123650223805e-07,2.5751338398549706e-05,0.0009651095606386662,0.5261713266372681,31.219356536865234
bandmf_ime_sep_bc,281,0.5001309712727865,1.8475710750938863e-06,1.7410953789820383e-08,1.8475710750938863e-06,2.898840847365136e-07,2.776814108074177e-05,0.0008573082741349936,0.5273039937019348,28.48746681213379
bandmf_ime_sep_bc,282,0.5000534057617188,1.8496263104831694e-06,1.7464891310936537e-08,1.8496263104831694e-06,2.8899889770173104e-07,1.9625498680397868e-05,0.0007694906089454889,0.49937355518341064,54.872379302978516
bandmf_ime_sep_bc,283,0.5005035400390625,1.8419253393631152e-06,1.749673628204107e-08,1.8419253393631152e-06,2.87757503751133e-07,3.1450170354219154e-05,0.0008352824952453375,0.5218414068222046,45.479862213134766
bandmf_ime_sep_bc,284,0.5004285176595052,1.8410896084712174e-06,1.7540654706493797e-08,1.8410896084712174e-06,2.8672503778655784e-07,2.1705020117224194e-05,0.0008289589313790202,0.5141531229019165,44.54168701171875
bandmf_ime_sep_bc,285,0.5002861022949219,1.8392612635883172e-06,1.7586237947379384e-08,1.8392612635883172e-06,2.8572857146969e-07,1.299596351600485e-05,0.0008722997736185789,0.5168899297714233,69.64520263671875
bandmf_ime_sep_bc,286,0.49974950154622394,1.8393177943683743e-06,1.76374281105988e-08,1.8393177943683743e-06,2.8483115954713867e-07,1.0824665878317319e-05,0.0007640037802048028,0.5159051418304443,217.8060302734375
bandmf_ime_sep_bc,287,0.500342051188151,1.844677991395353e-06,1.7678508656970848e-08,1.844677991395353e-06,2.83778767595777e-07,1.4294914763013367e-05,0.0007841616170480847,0.5105076432228088,66.91710662841797
bandmf_ime_sep_bc,288,0.5002873738606771,1.8430633161869991e-06,1.7704771500722433e-08,1.8430633161869991e-06,2.8249910381343096e-07,5.48468005945324e-06,0.0008597415289841592,0.4922340214252472,368.40997314453125
bandmf_ime_sep_bc,289,0.5001907348632812,1.8418905369799177e-06,1.7766782489658794e-08,1.8418905369799177e-06,2.817983251190981e-07,2.1031437427154742e-05,0.0006935658166185021,0.542962908744812,61.48054504394531
bandmf_ime_sep_bc,290,0.5002937316894531,1.840490028826025e-06,1.7792127549043357e-08,1.840490028826025e-06,2.805245339724631e-07,2.5221121177310124e-05,0.0010498934425413609,0.5324131846427917,37.79890441894531
bandmf_ime_sep_bc,291,0.4999860127766927,1.8440724337172771e-06,1.7837056498493098e-08,1.8440724337172771e-06,2.795694247955301e-07,2.489604776201304e-05,0.0007570441230200231,0.551327645778656,53.95359420776367
bandmf_ime_sep_bc,292,0.50030517578125,1.839310442619535e-06,1.7873287960767925e-08,1.839310442619535e-06,2.784868288567092e-07,2.6264318876201287e-05,0.000956993957515806,0.5023965835571289,42.352352142333984
bandmf_ime_sep_bc,293,0.5004221598307291,1.8372543640528722e-06,1.792877646344948e-08,1.8372543640528722e-06,2.7771197845064915e-07,4.348384391050786e-05,0.0007031822460703552,0.5310537815093994,35.22874069213867
bandmf_ime_sep_bc,294,0.5005060831705729,1.8440932005129678e-06,1.7971381123989733e-08,1.8440932005129678e-06,2.767446976766526e-07,3.0236964448704384e-05,0.0008250394021160901,0.5600350499153137,29.72995948791504
bandmf_ime_sep_bc,295,0.5000495910644531,1.8458227704816939e-06,1.8011531821571225e-08,1.8458227704816939e-06,2.7574793530031155e-07,3.40834230883047e-05,0.0009965950157493353,0.501728355884552,31.960071563720703
bandmf_ime_sep_bc,296,0.5000661214192709,1.8435488395122472e-06,1.8029571169364544e-08,1.8435488395122472e-06,2.7442318166019203e-07,2.6515837816987187e-05,0.0007914103916846216,0.5250199437141418,39.752437591552734
bandmf_ime_sep_bc,297,0.5001296997070312,1.8355528936808696e-06,1.810069338858966e-08,1.8355528936808696e-06,2.7391394515537587e-07,5.9013444115407765e-05,0.0008923043496906757,0.5295542478561401,32.827476501464844
bandmf_ime_sep_bc,298,0.5003458658854166,1.8392728075392977e-06,1.8150284460579275e-08,1.8392728075392977e-06,2.7308371860120434e-07,2.680386751308106e-05,0.0008871439495123923,0.513477623462677,50.22629928588867
bandmf_ime_sep_bc,299,0.4998741149902344,1.8426544272642786e-06,1.8173677895916285e-08,1.8426544272642786e-06,2.7186806287697135e-07,2.656743527040817e-05,0.0007491012802347541,0.5391323566436768,74.35108184814453
bandmf_ime_sep_bc,300,0.5000025431315104,1.8406179407293166e-06,1.8200483120622835e-08,1.8406179407293166e-06,2.7071419121208845e-07,2.5483755962341093e-05,0.0008671417599543929,0.5396794676780701,55.19926071166992
bandmf_ime_sep_bc,301,0.4998207092285156,1.8397404678201685e-06,1.8263007476685782e-08,1.8397404678201685e-06,2.700988469920655e-07,6.2828362388245296e-06,0.0007599538075737655,0.4973296523094177,199.636474609375
bandmf_ime_sep_bc,302,0.5000038146972656,1.8399817349745717e-06,1.8303455640023003e-08,1.8399817349745717e-06,2.691630195765053e-07,4.584527687256923e-06,0.000826460134703666,0.5254666209220886,64.16742706298828
bandmf_ime_sep_bc,303,0.5004793802897135,1.8403535240925824e-06,1.8341516157723465e-08,1.8403535240925824e-06,2.682000044273991e-07,1.8282233213540167e-05,0.0008429627632722259,0.5289510488510132,109.60944366455078
bandmf_ime_sep_bc,304,0.4998359680175781,1.8381461899252827e-06,1.8375224675182267e-08,1.8381461899252827e-06,2.671817457648255e-07,1.7479680536780506e-05,0.0007840110920369625,0.523021936416626,51.39856719970703
bandmf_ime_sep_bc,305,0.49998219807942706,1.8389172330065169e-06,1.8423726988459066e-08,1.8389172330065169e-06,2.6638614751088124e-07,9.99999993922529e-09,0.0007103595999069512,0.5276299118995667,171068.515625
bandmf_ime_sep_bc,306,0.4995168050130208,1.8404794275284075e-06,1.8465926787669673e-08,1.8404794275284075e-06,2.65506077568034e-07,5.262558715912746e-06,0.0008188238134607673,0.5305066108703613,101.31491088867188
bandmf_ime_sep_bc,307,0.5001869201660156,1.8401714830436806e-06,1.8507640457225232e-08,1.8401714830436806e-06,2.6462613433864135e-07,7.42789188734605e-06,0.0007928863051347435,0.5351206660270691,60.85824966430664
bandmf_ime_sep_bc,308,0.49993260701497394,1.8412093633439024e-06,1.8535398031242305e-08,1.8412093633439024e-06,2.6355495445310834e-07,1.5281153537216596e-05,0.0008918845560401678,0.5032340884208679,63.46937561035156
bandmf_ime_sep_bc,309,0.5000445048014323,1.8404495042053288e-06,1.8588752093151584e-08,1.8404495042053288e-06,2.6285493248678904e-07,4.561036985251121e-05,0.000916018383577466,0.5343337059020996,29.3677978515625
bandmf_ime_sep_bc,310,0.4996325174967448,1.8420515175421315e-06,1.8629178126043182e-08,1.8420515175421315e-06,2.619783524930123e-07,9.426828910363838e-06,0.0009836952667683363,0.5023400783538818,256.8282470703125
bandmf_ime_sep_bc,311,0.49979273478190106,1.842148392938725e-06,1.866438440837707e-08,1.842148392938725e-06,2.6103579505350655e-07,2.4337436116184108e-05,0.0007361872121691704,0.5336425304412842,43.94784164428711
bandmf_ime_sep_bc,312,0.499481201171875,1.841333424105566e-06,1.86878929368343e-08,1.841333424105566e-06,2.599383096916578e-07,1.2226700164319482e-05,0.0008721946505829692,0.5090982913970947,205.30718994140625
bandmf_ime_sep_bc,313,0.5000394185384115,1.8413121930886216e-06,1.8740066757653533e-08,1.8413121930886216e-06,2.5924678463222034e-07,2.3419555873260833e-05,0.0007396602304652333,0.5407100915908813,127.85582733154297
bandmf_ime_sep_bc,314,0.5000890096028646,1.8411682229195019e-06,1.878133722617766e-08,1.8411682229195019e-06,2.584104438578076e-07,2.485685945430305e-05,0.0007203116547316313,0.5191605091094971,75.60350036621094
bandmf_ime_sep_bc,315,0.5000330607096354,1.8401143080382099e-06,1.8824933389893772e-08,1.8401143080382099e-06,2.576125197606416e-07,2.0923665942973457e-05,0.0007358675356954336,0.5323631167411804,109.99536895751953
bandmf_ime_sep_bc,316,0.49971898396809894,1.843399431322723e-06,1.8863798523227615e-08,1.843399431322723e-06,2.567563583966148e-07,5.191053332964657e-06,0.0008068779716268182,0.5448967218399048,56.48710250854492
bandmf_ime_sep_bc,317,0.49984995524088544,1.8437713909709903e-06,1.8903723475460765e-08,1.8437713909709903e-06,2.5592139370663364e-07,8.190971129806712e-06,0.0008739799959585071,0.5430735945701599,129.31024169921875
bandmf_ime_sep_bc,318,0.5001080830891927,1.8413251202294607e-06,1.893711513526834e-08,1.8413251202294607e-06,2.550051571385363e-07,2.6859472200158052e-05,0.0008611088851466775,0.5420394539833069,51.33424377441406
bandmf_ime_sep_bc,319,0.5000966389973959,1.8406408296793113e-06,1.897655921290209e-08,1.8406408296793113e-06,2.5417744116869773e-07,2.5224286218872294e-05,0.0007861744961701334,0.5310074687004089,99.24179077148438
bandmf_ime_sep_bc,320,0.5000737508138021,1.8471760085958522e-06,1.902173411375922e-08,1.8471760085958522e-06,2.5343256027099414e-07,2.3056934878695756e-05,0.0007415902218781412,0.5673249959945679,78.43907165527344
bandmf_ime_sep_bc,321,0.5002581278483073,1.8413981829705033e-06,1.905741016846226e-08,1.8413981829705033e-06,2.5256742119950104e-07,4.999136217520572e-05,0.0008584849420003593,0.5486119985580444,42.198158264160156
bandmf_ime_sep_bc,322,0.5005467732747396,1.842013119812691e-06,1.909226850690023e-08,1.842013119812691e-06,2.516985280938873e-07,3.4870194212999195e-05,0.0008924148860387504,0.5230844020843506,43.6161994934082
bandmf_ime_sep_bc,323,0.5002721150716146,1.8384700695150968e-06,1.9123078232041735e-08,1.8384700695150968e-06,2.507834556316387e-07,1.3065409802948125e-05,0.0008503140415996313,0.5642295479774475,47.44670867919922
bandmf_ime_sep_bc,324,0.4999529520670573,1.8386635124064317e-06,1.9181215430800574e-08,1.8386635124064317e-06,2.502321846028129e-07,2.08335040952079e-05,0.0007634713547304273,0.5624520182609558,71.33197784423828
bandmf_ime_sep_bc,325,0.5006383260091146,1.8442572316719936e-06,1.9225427546250746e-08,1.8442572316719936e-06,2.4950395172140816e-07,2.456327092659194e-05,0.0008745918748900294,0.5196300745010376,85.98678588867188
bandmf_ime_sep_bc,326,0.5001360575358073,1.8375263598121212e-06,1.9254763561349364e-08,1.8375263598121212e-06,2.4858908886926656e-07,1.696810795692727e-05,0.0007742331945337355,0.5363422632217407,71.33531951904297
bandmf_ime_sep_bc,327,0.5001564025878906,1.8372945381391521e-06,1.9280571139645986e-08,1.8372945381391521e-06,2.4763640974848994e-07,3.736043072422035e-05,0.0007581764366477728,0.529666006565094,58.13902282714844
bandmf_ime_sep_bc,328,0.5003649393717448,1.8377987061057866e-06,1.934130655634192e-08,1.8377987061057866e-06,2.471376833549736e-07,1.2502057870733552e-05,0.0007060179486870766,0.5337501764297485,94.6535415649414
bandmf_ime_sep_bc,329,0.500616709391276,1.8432976105486887e-06,1.9372596489949007e-08,1.8432976105486887e-06,2.462677658835825e-07,2.1768626538687386e-05,0.0008375166216865182,0.5292475819587708,36.59794235229492
bandmf_ime_sep_bc,330,0.5000114440917969,1.8406266046137414e-06,1.9423854006698587e-08,1.8406266046137414e-06,2.4565739901542355e-07,1.0183576705458108e-05,0.0006705746054649353,0.5448251962661743,136.0011749267578
bandmf_ime_sep_bc,331,0.500054677327474,1.836748225514384e-06,1.9446283990494823e-08,1.836748225514384e-06,2.4468845083447377e-07,7.630448635609355e-06,0.0007765853661112487,0.5953938961029053,259.223876953125
bandmf_ime_sep_bc,332,0.5001475016276041,1.8429046898897166e-06,1.9502234123910018e-08,1.8429046898897166e-06,2.4414712266699706e-07,3.5887478588847443e-05,0.0008237616275437176,0.5356234908103943,29.02923583984375
bandmf_ime_sep_bc,333,0.5003674825032552,1.8374177746712423e-06,1.9530442300445355e-08,1.8374177746712423e-06,2.4326383278131897e-07,1.6816713468870148e-05,0.0006443250458687544,0.5539911985397339,74.87893676757812
bandmf_ime_sep_bc,334,0.5006179809570312,1.8424481046016201e-06,1.9583996054469328e-08,1.8424481046016201e-06,2.4270156728789516e-07,2.5816230845521204e-05,0.0007702859002165496,0.5344752073287964,65.26502227783203
bandmf_ime_sep_bc,335,0.49999109903971356,1.8443786160560194e-06,1.960504588301622e-08,1.8443786160560194e-06,2.4174239499075156e-07,1.338335368927801e-05,0.000738789327442646,0.5300567746162415,47.34904479980469
bandmf_ime_sep_bc,336,0.5001920064290365,1.8402571460759039e-06,1.9650567469516506e-08,1.8402571460759039e-06,2.4109113283543593e-07,1.4674035810458008e-05,0.0007234800141304731,0.5596425533294678,298.7808837890625
bandmf_ime_sep_bc,337,0.5000623067220052,1.8451382383470143e-06,1.968084650805224e-08,1.8451382383470143e-06,2.4025858280651846e-07,2.1696514522773214e-05,0.0007439741166308522,0.5533116459846497,42.59695816040039
bandmf_ime_sep_bc,338,0.5002784729003906,1.843322616916036e-06,1.973488002645259e-08,1.843322616916036e-06,2.397210169628276e-07,1.4691568139824085e-05,0.0006778968381695449,0.5394749641418457,44.94065475463867
bandmf_ime_sep_bc,339,0.5001805623372396,1.8446068944892129e-06,1.9754893128739088e-08,1.8446068944892129e-06,2.3877586426597947e-07,3.696906060213223e-05,0.0006811030907556415,0.5507447719573975,49.58022689819336
bandmf_ime_sep_bc,340,0.5005709330240885,1.8445201135364186e-06,1.9789317295959563e-08,1.8445201135364186e-06,2.3801149318103398e-07,8.710565452929586e-06,0.0009095771238207817,0.5414196252822876,175.18545532226562
bandmf_ime_sep_bc,341,0.5000267028808594,1.8447482119654524e-06,1.9844131301146224e-08,1.8447482119654524e-06,2.3749709339900468e-07,2.323943772353232e-05,0.0007647103047929704,0.5524152517318726,95.66924285888672
bandmf_ime_sep_bc,342,0.5004018147786459,1.839935364955636e-06,1.9864643929778936e-08,1.839935364955636e-06,2.3657738050057256e-07,1.8410668417345732e-05,0.0008656559512019157,0.5404768586158752,80.75056457519531
bandmf_ime_sep_bc,343,0.5002466837565104,1.840308987273905e-06,1.9906289431640783e-08,1.840308987273905e-06,2.35915532442732e-07,2.7422413040767424e-05,0.0007727635093033314,0.5470184087753296,127.11822509765625
bandmf_ime_sep_bc,344,0.4998016357421875,1.8427104748752754e-06,1.9945346559543015e-08,1.8427104748752754e-06,2.3522796925116532e-07,2.284863694512751e-05,0.0008452781476080418,0.5649465918540955,99.24076843261719
bandmf_ime_sep_bc,345,0.4997673034667969,1.8397418083774635e-06,1.998510290590616e-08,1.8397418083774635e-06,2.3455355820563759e-07,3.99510063289199e-05,0.0007595171919092536,0.5370593070983887,36.0782356262207
bandmf_ime_sep_bc,346,0.5006281534830729,1.8393335210475925e-06,2.001451937516663e-08,1.8393335210475925e-06,2.3376327125864313e-07,3.5621309507405385e-05,0.0008103627478703856,0.5465298891067505,104.520263671875
bandmf_ime_sep_bc,347,0.5004666646321615,1.8428040438796718e-06,2.0056634353338154e-08,1.8428040438796718e-06,2.3312658292695687e-07,2.6831157811102457e-05,0.0007805464556440711,0.5343358516693115,72.64881134033203
bandmf_ime_sep_bc,348,0.5003687540690104,1.839747720093025e-06,2.0102226846082278e-08,1.839747720093025e-06,2.3253469372264135e-07,2.280636726936791e-05,0.0008597864652983844,0.5471092462539673,32.35942840576172
bandmf_ime_sep_bc,349,0.4997978210449219,1.8459771098378042e-06,2.0140909014661663e-08,1.8459771098378042e-06,2.3186739402566067e-07,2.9613933293148875e-05,0.0008003995753824711,0.5505869388580322,49.84560012817383
bandmf_ime_sep_bc,350,0.5000699361165365,1.8458601308187401e-06,2.0175211279394034e-08,1.8458601308187401e-06,2.3115462196206712e-07,9.99999993922529e-09,0.0008182884776033461,0.558000385761261,311056.9375
bandmf_ime_sep_bc,351,0.4998372395833333,1.8460800674802158e-06,2.019652001195027e-08,1.8460800674802158e-06,2.302990515327489e-07,2.1898516934015788e-05,0.0006523165502585471,0.5633450746536255,86.30070495605469
bandmf_ime_sep_bc,352,0.5003636678059896,1.8405391794355335e-06,2.0226567976067145e-08,1.8405391794355335e-06,2.295491956516571e-07,1.6707797840354033e-05,0.0007438739994540811,0.5855075120925903,69.51356506347656
bandmf_ime_sep_bc,353,0.5002924601236979,1.8426484444944435e-06,2.0275698601561014e-08,1.8426484444944435e-06,2.2902046718324223e-07,4.883834481006488e-05,0.0007733118254691362,0.5573064088821411,20.937135696411133
bandmf_ime_sep_bc,354,0.49984486897786456,1.8462238955407884e-06,2.03314394949435e-08,1.8462238955407884e-06,2.2856957511881623e-07,2.5940862542483956e-05,0.0008159212884493172,0.5400110483169556,87.8232192993164
bandmf_ime_sep_bc,355,0.5002962748209635,1.845500591457494e-06,2.0343123852128997e-08,1.845500591457494e-06,2.2762855304373866e-07,1.0029805707745254e-05,0.0007287493208423257,0.5626548528671265,129.15188598632812
bandmf_ime_sep_bc,356,0.5000483194986979,1.8435317343801216e-06,2.0385278946359147e-08,1.8435317343801216e-06,2.2703413785999752e-07,2.4275797841255553e-05,0.0010351402452215552,0.5287218689918518,38.0699462890625
bandmf_ime_sep_bc,357,0.4998486836751302,1.8435232078672925e-06,2.043381116164274e-08,1.8435232078672925e-06,2.2651457302439818e-07,3.6677243770100176e-05,0.000728524464648217,0.5971429347991943,37.16018295288086
bandmf_ime_sep_bc,358,0.4996198018391927,1.8474433337208513e-06,2.0479118475099273e-08,1.8474433337208513e-06,2.259628715250983e-07,9.99999993922529e-09,0.0007538293139077723,0.5432407855987549,100553.0234375
bandmf_ime_sep_bc,359,0.5002148946126302,1.8405452569443999e-06,2.0487140206526533e-08,1.8405452569443999e-06,2.2500540097780686e-07,2.3559783585369587e-05,0.000825428927782923,0.5329628586769104,43.842777252197266
bandmf_ime_sep_bc,360,0.5000813802083334,1.8393017218916914e-06,2.0540888397609553e-08,1.8393017218916914e-06,2.24555303537007e-07,3.932494655600749e-05,0.0008238831651397049,0.572716236114502,48.3514289855957
bandmf_ime_sep_bc,361,0.500024159749349,1.845091906223691e-06,2.055706671555413e-08,1.845091906223691e-06,2.2369911611974658e-07,3.981089321314357e-05,0.0008159566787071526,0.527953028678894,43.60166931152344
bandmf_ime_sep_bc,362,0.49985376993815106,1.8442775531942364e-06,2.0614114859540678e-08,1.8442775531942364e-06,2.2329216046538628e-07,1.6961686924332753e-05,0.0006271768361330032,0.5788013935089111,50.210880279541016
bandmf_ime_sep_bc,363,0.4997596740722656,1.8414913019645003e-06,2.0639398930673753e-08,1.8414913019645003e-06,2.2254504905561134e-07,2.0292716726544313e-05,0.000794734456576407,0.5485999584197998,44.33584213256836
bandmf_ime_sep_bc,364,0.49973805745442706,1.8399587323377393e-06,2.066336997804304e-08,1.8399587323377393e-06,2.2178936613196734e-07,2.0140494598308578e-05,0.0008272902923636138,0.5472627878189087,59.531707763671875
bandmf_ime_sep_bc,365,0.5002555847167969,1.8417737711236744e-06,2.0709952271621052e-08,1.8417737711236744e-06,2.212808798418564e-07,3.198941340087913e-05,0.0007650373154319823,0.5266585350036621,82.00923919677734
bandmf_ime_sep_bc,366,0.4997507731119792,1.8393510193466984e-06,2.0739829409421873e-08,1.8393510193466984e-06,2.2059806011516989e-07,1.949516990862321e-05,0.0008498969255015254,0.5655319690704346,53.27363586425781
bandmf_ime_sep_bc,367,0.5000890096028646,1.8377376231152691e-06,2.078307881347996e-08,1.8377376231152691e-06,2.2006169982565402e-07,1.8216134776594117e-05,0.0006422019214369357,0.5680846571922302,74.4444351196289
bandmf_ime_sep_bc,368,0.49976348876953125,1.8388942824761518e-06,2.0822598016205045e-08,1.8388942824761518e-06,2.1948957673600944e-07,1.3970205145596992e-05,0.0007050485583022237,0.5752400755882263,32.8531608581543
bandmf_ime_sep_bc,369,0.4998321533203125,1.8394097622831396e-06,2.083788630535821e-08,1.8394097622831396e-06,2.1866706489959142e-07,1.9123637684970163e-05,0.0007951302104629576,0.5458296537399292,57.913238525390625
bandmf_ime_sep_bc,370,0.4996897379557292,1.8380663675543474e-06,2.0883809570548806e-08,1.8380663675543474e-06,2.1817072592966724e-07,1.4148431546345819e-05,0.0008442786056548357,0.5591608285903931,121.70967102050781
bandmf_ime_sep_bc,371,0.5002415974934896,1.8404062368896727e-06,2.0931745744097913e-08,1.8404062368896727e-06,2.1769858922956095e-07,1.0841599760169629e-05,0.0007555040065199137,0.5455169677734375,158.4273223876953
bandmf_ime_sep_bc,372,0.4999796549479167,1.8367748803408783e-06,2.0942946192074412e-08,1.8367748803408783e-06,2.1684904716323672e-07,4.0202921809395775e-05,0.0007777396240271628,0.5594637989997864,46.21746063232422
bandmf_ime_sep_bc,373,0.5000661214192709,1.842179959983999e-06,2.0981876310462628e-08,1.842179959983999e-06,2.1629173119208644e-07,1.709830576146487e-05,0.000853804056532681,0.5676735043525696,58.856346130371094
bandmf_ime_sep_bc,374,0.500268300374349,1.8432778053541672e-06,2.102471604222463e-08,1.8432778053541672e-06,2.1577821366728736e-07,4.837968390347669e-06,0.0007118943030945957,0.5738261938095093,76.59327697753906
bandmf_ime_sep_bc,375,0.49993006388346356,1.8407298985797145e-06,2.107408943648655e-08,1.8407298985797145e-06,2.1533488059333195e-07,5.491739648277871e-05,0.0008112843497656286,0.5408238768577576,40.04528045654297
bandmf_ime_sep_bc,376,0.49980926513671875,1.8336272518126862e-06,2.1101270212634898e-08,1.8336272518126862e-06,2.1466859282763076e-07,1.7710150132188573e-05,0.000725219608284533,0.5657966732978821,90.7046890258789
bandmf_ime_sep_bc,377,0.5001538594563802,1.8399877035335521e-06,2.1122468440992748e-08,1.8399877035335521e-06,2.1394632139977907e-07,1.0770194421638735e-05,0.0008168615167960525,0.5627509355545044,40.045719146728516
bandmf_ime_sep_bc,378,0.49983978271484375,1.8418679748795814e-06,2.1169976882617902e-08,1.8418679748795814e-06,2.1349454589388492e-07,2.4520284569007345e-05,0.0007950503495521843,0.5505418181419373,56.50616455078125
bandmf_ime_sep_bc,379,0.49981943766276044,1.8429818311460622e-06,2.1191340904280764e-08,1.8429818311460622e-06,2.1278310905851564e-07,4.082395389559679e-05,0.0008031499455682933,0.5720068216323853,67.9052963256836
bandmf_ime_sep_bc,380,0.500067392985026,1.8416998367835429e-06,2.1242258692784805e-08,1.8416998367835429e-06,2.1237218147026246e-07,2.5728062610141933e-05,0.0008149028290063143,0.5723604559898376,37.758453369140625
bandmf_ime_sep_bc,381,0.5003560384114584,1.8441896780056293e-06,2.1259715469549672e-08,1.8441896780056293e-06,2.116307697974662e-07,3.8340142054948956e-05,0.0007803562330082059,0.5684080123901367,52.47403335571289
bandmf_ime_sep_bc,382,0.49998728434244794,1.843304408074194e-06,2.1315531636053226e-08,1.843304408074194e-06,2.1127474525428624e-07,4.796112534677377e-06,0.0008109937189146876,0.5789556503295898,245.01644897460938
bandmf_ime_sep_bc,383,0.5002517700195312,1.839863391713455e-06,2.133903239294928e-08,1.839863391713455e-06,2.1060187016530563e-07,4.790980256075272e-06,0.0006575093721039593,0.6013959050178528,460.5951232910156
bandmf_ime_sep_bc,384,0.5000089009602865,1.8360655265799626e-06,2.137948292476229e-08,1.8360655265799626e-06,2.101002548234495e-07,7.161568646552041e-05,0.0008444408304058015,0.5508513450622559,34.401676177978516
bandmf_ime_sep_bc,385,0.500274658203125,1.836227861910326e-06,2.1392677703365354e-08,1.836227861910326e-06,2.0933517141941138e-07,2.362415580137167e-05,0.0009530462557449937,0.5634225010871887,75.4524917602539
bandmf_ime_sep_bc,386,0.500006357828776,1.832670463386421e-06,2.144064155847521e-08,1.832670463386421e-06,2.0891436847136902e-07,7.913037734397221e-06,0.000699961616192013,0.5663623809814453,82.31287384033203
bandmf_ime_sep_bc,387,0.5005531311035156,1.8368401271118273e-06,2.148590357483234e-08,1.8368401271118273e-06,2.084699512276226e-07,1.782277468009852e-05,0.0008446345455013216,0.5617361068725586,33.62041091918945
bandmf_ime_sep_bc,388,0.5004158020019531,1.8356429526041513e-06,2.150832600911201e-08,1.8356429526041513e-06,2.07807583881466e-07,3.0087294362601824e-05,0.0007148865843191743,0.5599136352539062,43.37329864501953
bandmf_ime_sep_bc,389,0.5000724792480469,1.8400631489612351e-06,2.154300367725644e-08,1.8400631489612351e-06,2.0726779759172587e-07,2.143727760994807e-05,0.000715178030077368,0.5657045245170593,35.97731018066406
bandmf_ime_sep_bc,390,0.5004361470540365,1.8409884082378387e-06,2.1583180057997236e-08,1.8409884082378387e-06,2.0678414832294342e-07,2.7884372684638947e-05,0.0007490144344046712,0.6103249192237854,52.828369140625
bandmf_ime_sep_bc,391,0.5004285176595052,1.8402762407276896e-06,2.161843770664973e-08,1.8402762407276896e-06,2.0625668166000347e-07,1.7748016034602188e-05,0.0007043015211820602,0.5657620429992676,63.25178527832031
bandmf_ime_sep_bc,392,0.5002123514811198,1.8403308151467475e-06,2.1651873997422893e-08,1.8403308151467475e-06,2.0571545296850977e-07,6.913469405844808e-06,0.0007015264127403498,0.5836122035980225,34.2889404296875
bandmf_ime_sep_bc,393,0.5005098978678385,1.8401410433928807e-06,2.168318894805547e-08,1.8401410433928807e-06,2.05157688763317e-07,3.3551932574482635e-06,0.0008637275313958526,0.5754653215408325,183.62098693847656
bandmf_ime_sep_bc,394,0.5005200703938802,1.8406260456534558e-06,2.1712334300853325e-08,1.8406260456534558e-06,2.045831427229435e-07,3.1624218536308035e-05,0.0007434024009853601,0.5605719089508057,69.35052490234375
bandmf_ime_sep_bc,395,0.5005137125651041,1.8397195683898342e-06,2.1747757150691882e-08,1.8397195683898342e-06,2.0407130622383343e-07,2.3496839276049286e-05,0.0006917426944710314,0.59064781665802,50.18574905395508
bandmf_ime_sep_bc,396,0.5002034505208334,1.8420069665125993e-06,2.1774961611598087e-08,1.8420069665125993e-06,2.034860493438373e-07,3.075566201005131e-05,0.0007366276695393026,0.5974551439285278,64.30034637451172
bandmf_ime_sep_bc,397,0.500158945719401,1.8408486586925694e-06,2.182795973600567e-08,1.8408486586925694e-06,2.0314472592986021e-07,9.78493790171342e-06,0.0009090274106711149,0.5979112386703491,69.51957702636719
bandmf_ime_sep_bc,398,0.49993260701497394,1.8381714284032569e-06,2.1858360010895694e-08,1.8381714284032569e-06,2.0259593114246854e-07,1.2462236554711126e-05,0.0008723397622816265,0.5709255933761597,168.77777099609375
bandmf_ime_sep_bc,399,0.500207265218099,1.8396005145859817e-06,2.1868005258459295e-08,1.8396005145859817e-06,2.018591616822126e-07,2.3282227630261332e-05,0.0007300408906303346,0.5839676856994629,68.08917236328125
bandmf_ime_sep_bc,400,0.5005480448404948,1.8421570141905856e-06,2.190857791480501e-08,1.8421570141905856e-06,2.014117909491612e-07,4.856688610743731e-05,0.0008654393604956567,0.5517421364784241,30.792203903198242
bandmf_ime_sep_bc,401,0.5000902811686198,1.8406365995815577e-06,2.1957383985101348e-08,1.8406365995815577e-06,2.0104262195748865e-07,1.877860449894797e-05,0.0006490665255114436,0.5697774887084961,42.3563117980957
bandmf_ime_sep_bc,402,0.5000317891438802,1.837655441742451e-06,2.1991755231690984e-08,1.837655441742451e-06,2.005438955639723e-07,1.1610734873102047e-05,0.0007346149068325758,0.5789000988006592,62.14472198486328
bandmf_ime_sep_bc,403,0.500311533610026,1.8383835964641548e-06,2.2020035646737785e-08,1.8383835964641548e-06,1.9999310651996893e-07,2.0886031052214094e-05,0.0006840775604359806,0.5681104063987732,103.60272979736328
bandmf_ime_sep_bc,404,0.500030517578125,1.8379296022885683e-06,2.204608814023364e-08,1.8379296022885683e-06,1.9942576834353076e-07,2.157438029826153e-05,0.0006853103404864669,0.6000210046768188,113.48179626464844
bandmf_ime_sep_bc,405,0.4995435078938802,1.8406378690845788e-06,2.2082219016302435e-08,1.8406378690845788e-06,1.9895297024656125e-07,1.9875744328601286e-05,0.0007078074850142002,0.5608444809913635,58.44894027709961
bandmf_ime_sep_bc,406,0.49979273478190106,1.8372084866769e-06,2.213409307690502e-08,1.8372084866769e-06,1.9862444311513627e-07,1.6842921468196437e-05,0.0008448462467640638,0.5678697824478149,66.31120300292969
bandmf_ime_sep_bc,407,0.5002492268880209,1.8379295217603915e-06,2.2138848828253305e-08,1.8379295217603915e-06,1.9787656017437408e-07,2.3095428332453594e-05,0.0006372238276526332,0.6145380735397339,78.6271743774414
bandmf_ime_sep_bc,408,0.5001513163248698,1.8447000324310163e-06,2.21805054323454e-08,1.8447000324310163e-06,1.974623640895364e-07,2.399536060693208e-05,0.0007216232479549944,0.5857717990875244,44.9508171081543
bandmf_ime_sep_bc,409,0.4998524983723958,1.843737848616911e-06,2.2207187052221872e-08,1.843737848616911e-06,1.9691787045417186e-07,3.9711732824798673e-05,0.0008086051675491035,0.570702314376831,46.41624450683594
bandmf_ime_sep_bc,410,0.50018310546875,1.843967690244123e-06,2.226249125788134e-08,1.843967690244123e-06,1.9662973116396643e-07,5.462746230477933e-06,0.0007442045025527477,0.5593463182449341,187.1478271484375
bandmf_ime_sep_bc,411,0.5001246134440104,1.8447269714746046e-06,2.2275285838091463e-08,1.8447269714746046e-06,1.9596909635784718e-07,1.355395852442598e-05,0.0007760114967823029,0.5502920746803284,136.22056579589844
bandmf_ime_sep_bc,412,0.4999656677246094,1.8421078398963193e-06,2.230387496915398e-08,1.8421078398963193e-06,1.9545128952339988e-07,2.6263343897880986e-05,0.0007082495139911771,0.5588723421096802,59.60793685913086
bandmf_ime_sep_bc,413,0.500067392985026,1.8398497398190254e-06,2.2329332457123503e-08,1.8398497398190254e-06,1.9490955575444482e-07,5.3076455515110865e-05,0.0008244232158176601,0.5700450539588928,24.9246826171875
bandmf_ime_sep_bc,414,0.5000724792480469,1.841518548909941e-06,2.237830261838288e-08,1.841518548909941e-06,1.9457566047265118e-07,5.320142736309208e-05,0.0007195884245447814,0.5919345617294312,38.193721771240234
bandmf_ime_sep_bc,415,0.4998893737792969,1.839252163904348e-06,2.2426771550954072e-08,1.839252163904348e-06,1.9423936178005383e-07,4.366486973594874e-05,0.0007093840977177024,0.5732816457748413,39.665069580078125
bandmf_ime_sep_bc,416,0.5000216166178385,1.8468115285941167e-06,2.2442337617908e-08,1.8468115285941167e-06,1.9362101670121015e-07,1.0217126146017108e-05,0.0009007054031826556,0.5599814653396606,184.56466674804688
bandmf_ime_sep_bc,417,0.49987538655598956,1.8456342871786546e-06,2.2481683181752032e-08,1.8456342871786546e-06,1.932111561112985e-07,6.840774403826799e-06,0.0006475050467997789,0.5816982388496399,164.3377685546875
bandmf_ime_sep_bc,418,0.4999732971191406,1.844685987369606e-06,2.252607145258878e-08,1.844685987369606e-06,1.9284694670792155e-07,2.9008495403104462e-05,0.0007441375637426972,0.5589090585708618,78.32953643798828
bandmf_ime_sep_bc,419,0.49978892008463544,1.843060000320899e-06,2.2554074015819953e-08,1.843060000320899e-06,1.923451110978173e-07,1.6789037545095198e-05,0.0007078677299432456,0.60625159740448,70.02450561523438
bandmf_ime_sep_bc,420,0.4999593098958333,1.8439796415729386e-06,2.257434143319396e-08,1.8439796415729386e-06,1.9178069088354732e-07,4.982217069482431e-05,0.0007141344831325114,0.5674135684967041,32.86848831176758
bandmf_ime_sep_bc,421,0.5003674825032552,1.8418343993668411e-06,2.261610447066668e-08,1.8418343993668411e-06,1.9140185791854947e-07,2.2312888177111745e-05,0.0006512621184810996,0.5972516536712646,79.38593292236328
bandmf_ime_sep_bc,422,0.4999554951985677,1.845906387150838e-06,2.2639825347781084e-08,1.845906387150838e-06,1.9087309214664097e-07,5.639354640152305e-06,0.0007452823920175433,0.560783863067627,137.27015686035156
bandmf_ime_sep_bc,423,0.4999809265136719,1.8410402399619368e-06,2.2666895397686442e-08,1.8410402399619368e-06,1.903758294711603e-07,2.227045115432702e-05,0.0007289822679013014,0.6181768774986267,57.18043899536133
bandmf_ime_sep_bc,424,0.5001029968261719,1.8427857971422175e-06,2.2683139958938153e-08,1.8427857971422175e-06,1.8979111378788124e-07,2.0056284483871423e-05,0.0006994674913585186,0.5841808319091797,70.6182632446289
bandmf_ime_sep_bc,425,0.5005315144856771,1.8451084239738218e-06,2.2743682048798064e-08,1.8451084239738218e-06,1.89579435409352e-07,4.003189314971678e-05,0.0007456191233359277,0.6060042977333069,62.97260284423828
bandmf_ime_sep_bc,426,0.5003496805826823,1.8387876252745627e-06,2.2761554567078217e-08,1.8387876252745627e-06,1.8901436090364618e-07,1.2961297215952072e-05,0.0007526490371674299,0.5552588701248169,56.19363021850586
bandmf_ime_sep_bc,427,0.5001691182454427,1.8415443652960069e-06,2.2795234662827586e-08,1.8415443652960069e-06,1.8858364943715364e-07,2.5888259187922813e-05,0.0007316877017728984,0.6037886142730713,83.99675750732422
bandmf_ime_sep_bc,428,0.5000839233398438,1.8480498293153385e-06,2.2823084015281363e-08,1.8480498293153385e-06,1.881075313292513e-07,2.1928808564553037e-05,0.0009828121401369572,0.6013516187667847,61.981346130371094
bandmf_ime_sep_bc,429,0.5002670288085938,1.8453904999660153e-06,2.2859897160406224e-08,1.8453904999660153e-06,1.8770795110848818e-07,3.364156145835295e-05,0.0008361349464394152,0.5894367098808289,63.51144027709961
bandmf_ime_sep_bc,430,0.5003916422526041,1.842472130419992e-06,2.2888750154474263e-08,1.842472130419992e-06,1.8724555950200283e-07,1.6458039681310765e-05,0.0007307250634767115,0.5833482146263123,103.47993469238281
bandmf_ime_sep_bc,431,0.5000356038411459,1.8408906659791076e-06,2.2920249328114057e-08,1.8408906659791076e-06,1.868076443164076e-07,2.9765764338662848e-05,0.0006460847798734903,0.6131755113601685,60.003787994384766
bandmf_ime_sep_bc,432,0.5006853739420573,1.8445542669572508e-06,2.293747695484664e-08,1.8445542669572508e-06,1.8625646980297006e-07,1.4498853488476016e-05,0.000797274406068027,0.5894981622695923,62.5663948059082
bandmf_ime_sep_bc,433,0.5000216166178385,1.8385217070241804e-06,2.2978440853786235e-08,1.8385217070241804e-06,1.8590077210944855e-07,1.601323856448289e-05,0.0007103203097358346,0.6202525496482849,99.53398895263672
bandmf_ime_sep_bc,434,0.5002632141113281,1.838313702743714e-06,2.3023952078204957e-08,1.838313702743714e-06,1.8558376228365128e-07,3.959990499424748e-05,0.0007111869635991752,0.5777924060821533,28.873672485351562
bandmf_ime_sep_bc,435,0.5008201599121094,1.8369409768107896e-06,2.305728193559749e-08,1.8369409768107896e-06,1.8517072379135394e-07,3.518318771966733e-05,0.0008503776625730097,0.5772004723548889,41.87437438964844
bandmf_ime_sep_bc,436,0.5002670288085938,1.8386870171601306e-06,2.3069693118789775e-08,1.8386870171601306e-06,1.8459276004042144e-07,2.493595820851624e-05,0.000754034670535475,0.575874924659729,55.27341079711914
bandmf_ime_sep_bc,437,0.5000139872233073,1.8381111933270706e-06,2.310011752252687e-08,1.8381111933270706e-06,1.8416203140247944e-07,1.156575217464706e-05,0.0007550254231318831,0.5812234282493591,75.42276763916016
bandmf_ime_sep_bc,438,0.5002123514811198,1.837569357121538e-06,2.314609252411041e-08,1.837569357121538e-06,1.8385741758682647e-07,3.6589368392014876e-05,0.0007556880591437221,0.5880476832389832,45.336795806884766
bandmf_ime_sep_bc,439,0.5005213419596354,1.8368987468875275e-06,2.3179712445771845e-08,1.8368987468875275e-06,1.8345662766705573e-07,1.998876905418001e-05,0.000788448378443718,0.5989248752593994,50.231040954589844
bandmf_ime_sep_bc,440,0.500335693359375,1.8379117581919975e-06,2.318991280484776e-08,1.8379117581919975e-06,1.8287359952277407e-07,5.546096872421913e-06,0.0007181638502515852,0.5741106271743774,149.7980194091797
bandmf_ime_sep_bc,441,0.5000254313151041,1.84500248205192e-06,2.3219241122400074e-08,1.84500248205192e-06,1.8244450039617277e-07,1.490293834649492e-05,0.0006594540900550783,0.5932177901268005,83.3695297241211
bandmf_ime_sep_bc,442,0.5002403259277344,1.8429846354213926e-06,2.3248638199765043e-08,1.8429846354213926e-06,1.820185045649699e-07,1.941709160746541e-05,0.0007793955155648291,0.585908055305481,74.37808227539062
bandmf_ime_sep_bc,443,0.5005760192871094,1.8417251036832265e-06,2.3302828037567263e-08,1.8417251036832265e-06,1.8178844859069917e-07,2.743113145697862e-05,0.0008217820432037115,0.5837351083755493,39.482540130615234
bandmf_ime_sep_bc,444,0.5001093546549479,1.8436747761067334e-06,2.332091386669788e-08,1.8436747761067334e-06,1.8127889589436563e-07,1.8580345567897893e-05,0.0006941891624592245,0.5857017040252686,48.83493423461914
bandmf_ime_sep_bc,445,0.5001665751139323,1.8445817649611247e-06,2.3344284135381106e-08,1.8445817649611247e-06,1.8081340987426606e-07,2.114659218932502e-05,0.0007118972716853023,0.5851578116416931,37.84512710571289
bandmf_ime_sep_bc,446,0.500311533610026,1.84285262131804e-06,2.3379437793143627e-08,1.84285262131804e-06,1.8044163319075324e-07,1.2726445675070863e-05,0.0007466359529644251,0.5512403249740601,116.1008071899414
bandmf_ime_sep_bc,447,0.5004285176595052,1.8413031928806352e-06,2.342479018165496e-08,1.8413031928806352e-06,1.801504456722114e-07,2.4381679395446554e-05,0.0006418173434212804,0.5897982716560364,55.86897277832031
bandmf_ime_sep_bc,448,0.500298817952474,1.8449139342161895e-06,2.343425401877634e-08,1.8449139342161895e-06,1.7958573946449027e-07,3.061389725189656e-05,0.0007969177095219493,0.5764667987823486,62.88071823120117
bandmf_ime_sep_bc,449,0.5001945495605469,1.8410083744887136e-06,2.347102912025889e-08,1.8410083744887136e-06,1.792331705274819e-07,1.3083025805826765e-05,0.0007073865854181349,0.5830206871032715,67.39179992675781
bandmf_ime_sep_bc,450,0.5002530415852865,1.8454031997331792e-06,2.3495691614527914e-08,1.8454031997331792e-06,1.7879041299314244e-07,7.093600743246498e-06,0.0006723299738951027,0.603955864906311,296.203125
bandmf_ime_sep_bc,451,0.5001945495605469,1.8438581577129298e-06,2.3542593800366756e-08,1.8438581577129298e-06,1.7851889092905063e-07,1.2670402611547615e-05,0.0005945658194832504,0.6024255752563477,52.436492919921875
bandmf_ime_sep_bc,452,0.5000343322753906,1.8402093597084483e-06,2.3563377323417473e-08,1.8402093597084483e-06,1.7805142841590774e-07,7.75609260017518e-06,0.0007342305034399033,0.6023110747337341,99.04149627685547
bandmf_ime_sep_bc,453,0.5003980000813802,1.8397498138256196e-06,2.3604207033400826e-08,1.8397498138256196e-06,1.777378031420085e-07,6.329135430860333e-06,0.00055833684746176,0.6255732178688049,43.255645751953125
bandmf_ime_sep_bc,454,0.49995676676432294,1.8442344895674978e-06,2.3612553320025615e-08,1.8442344895674978e-06,1.771820811550621e-07,2.1623243810608983e-05,0.000714093039277941,0.60927814245224,90.9742202758789
bandmf_ime_sep_bc,455,0.5001386006673177,1.8459425869347494e-06,2.3669767775421253e-08,1.8459425869347494e-06,1.7699514269035413e-07,1.787825567589607e-05,0.0007992257596924901,0.6009476184844971,59.6712646484375
bandmf_ime_sep_bc,456,0.5003344217936198,1.8434299799234093e-06,2.369795796634359e-08,1.8434299799234093e-06,1.765927878002079e-07,9.723089533508755e-06,0.0006956591387279332,0.5970213413238525,169.03201293945312
bandmf_ime_sep_bc,457,0.5002784729003906,1.845845522060093e-06,2.3715984287520087e-08,1.845845522060093e-06,1.7611730148322144e-07,1.8233959053759463e-05,0.0007834627176634967,0.5597947239875793,65.08642578125
bandmf_ime_sep_bc,458,0.5001640319824219,1.843452257806651e-06,2.373256998329983e-08,1.843452257806651e-06,1.7563402998632682e-07,4.5162280002841726e-05,0.0009134347783401608,0.5653220415115356,39.03046417236328
bandmf_ime_sep_bc,459,0.4999135335286458,1.8410276870402715e-06,2.3775248214619182e-08,1.8410276870402715e-06,1.7534603043619276e-07,1.603726741450373e-05,0.0006522922194562852,0.5902382731437683,42.04853820800781
bandmf_ime_sep_bc,460,0.5000724792480469,1.8432139465100288e-06,2.382647812382288e-08,1.8432139465100288e-06,1.751224332953901e-07,3.7565070670098066e-05,0.000597367703448981,0.5903316736221313,67.77332305908203
bandmf_ime_sep_bc,461,0.5001386006673177,1.8411308436346492e-06,2.383353721787292e-08,1.8411308436346492e-06,1.7457637113693636e-07,4.116224590688944e-05,0.0008117089746519923,0.5937790870666504,42.63623809814453
bandmf_ime_sep_bc,462,0.5001017252604166,1.8452415702086e-06,2.386030040213427e-08,1.8452415702086e-06,1.7417744639184699e-07,3.159581683576107e-05,0.0007300801808014512,0.5776200294494629,39.82597351074219
bandmf_ime_sep_bc,463,0.5002581278483073,1.8414136964869006e-06,2.3900181833624856e-08,1.8414136964869006e-06,1.738762538394667e-07,1.0861267583095469e-05,0.0006584068178199232,0.6557826399803162,97.28520965576172
bandmf_ime_sep_bc,464,0.4999440511067708,1.8411101905257965e-06,2.3938461731394984e-08,1.8411101905257965e-06,1.735650923725037e-07,2.5819292204687372e-05,0.0007065145764499903,0.6032615900039673,63.28372573852539
bandmf_ime_sep_bc,465,0.5001080830891927,1.8407053185380089e-06,2.3951884549807307e-08,1.8407053185380089e-06,1.7307601218874424e-07,1.953930222953204e-05,0.0006347120506688952,0.6320067644119263,36.815521240234375
bandmf_ime_sep_bc,466,0.5003534952799479,1.8413129794225824e-06,2.3981328700628524e-08,1.8413129794225824e-06,1.7270519177732999e-07,1.449796309316298e-05,0.0007293340167962015,0.6072344779968262,136.5923309326172
bandmf_ime_sep_bc,467,0.4998207092285156,1.8443080828471163e-06,2.4008332951315953e-08,1.8443080828471163e-06,1.723189573255013e-07,4.145645652897656e-05,0.0006903160247020423,0.5919495820999146,43.96403884887695
bandmf_ime_sep_bc,468,0.5002759297688802,1.8399847808344323e-06,2.4057708566023923e-08,1.8399847808344323e-06,1.7209494392507926e-07,1.0927585208264645e-05,0.0006882286397740245,0.6047009825706482,65.2451171875
bandmf_ime_sep_bc,469,0.5001703898111979,1.8438741070288718e-06,2.407614618782361e-08,1.8438741070288718e-06,1.716514971642861e-07,3.608842962421477e-05,0.000803453556727618,0.601076602935791,47.227230072021484
bandmf_ime_sep_bc,470,0.5000890096028646,1.8424663702868809e-06,2.4104550651789698e-08,1.8424663702868809e-06,1.712813784138234e-07,1.6488280380144715e-05,0.0007692628423683345,0.6037847995758057,149.22984313964844
bandmf_ime_sep_bc,471,0.5001004536946615,1.843319694216916e-06,2.4135539122838168e-08,1.843319694216916e-06,1.7093170671482008e-07,3.1215117815008853e-06,0.0007119106594473124,0.6169764995574951,641.5572509765625
bandmf_ime_sep_bc,472,0.5001487731933594,1.8397281280613242e-06,2.417372524377015e-08,1.8397281280613242e-06,1.70634748405026e-07,5.474837598740123e-05,0.0008453579503111541,0.5856567025184631,35.386680603027344
bandmf_ime_sep_bc,473,0.5005480448404948,1.8382724154738146e-06,2.4202067831306333e-08,1.8382724154738146e-06,1.7027016715095064e-07,8.79610888659954e-06,0.0006634004530496895,0.608069896697998,152.39381408691406
bandmf_ime_sep_bc,474,0.5004475911458334,1.8418572125256105e-06,2.423466175886328e-08,1.8418572125256105e-06,1.6993739156608476e-07,2.0124893126194365e-05,0.0008504950092174113,0.6212911009788513,40.986934661865234
bandmf_ime_sep_bc,475,0.5004844665527344,1.8397364082526717e-06,2.425559656830482e-08,1.8397364082526717e-06,1.6952497183808646e-07,4.069347778568044e-05,0.0007590758614242077,0.5917888879776001,37.73151779174805
bandmf_ime_sep_bc,476,0.5002632141113281,1.837037122716841e-06,2.4291641661141245e-08,1.837037122716841e-06,1.6922011939849804e-07,1.9361346858204342e-05,0.0007302119629457593,0.5999547243118286,179.34910583496094
bandmf_ime_sep_bc,477,0.5005950927734375,1.8343559654946755e-06,2.4326081519513803e-08,1.8343559654946755e-06,1.6890582858290296e-07,1.791358954505995e-05,0.0006974352872930467,0.6118730306625366,29.569440841674805
bandmf_ime_sep_bc,478,0.5006586710611979,1.8308784603959793e-06,2.4353664492456534e-08,1.8308784603959793e-06,1.685457438801071e-07,1.1991579413006548e-05,0.0006505640340037644,0.5786916613578796,70.65392303466797
bandmf_ime_sep_bc,479,0.5002454121907552,1.8354244465020504e-06,2.436653989690285e-08,1.8354244465020504e-06,1.6808617964159112e-07,2.415235030639451e-05,0.0007618861272931099,0.6095476150512695,136.11900329589844
bandmf_ime_sep_bc,480,0.5002962748209635,1.8259676674385143e-06,2.4410004758242582e-08,1.8259676674385143e-06,1.6783962841770972e-07,2.4682583898538724e-05,0.0007054230663925409,0.6245099306106567,35.26088333129883
bandmf_ime_sep_bc,481,0.5003700256347656,1.8211205722688344e-06,2.445974452610263e-08,1.8211205722688344e-06,1.6763729367615573e-07,1.3982904420117848e-05,0.0007228914764709771,0.6420600414276123,102.47118377685547
bandmf_ime_sep_bc,482,0.5006179809570312,1.8163101079456585e-06,2.4491757362928485e-08,1.8163101079456585e-06,1.6731484523783516e-07,1.851162960520014e-05,0.0008793676970526576,0.580729603767395,68.48707580566406
bandmf_ime_sep_bc,483,0.5003382364908854,1.8065620537299765e-06,2.4514914912880197e-08,1.8065620537299765e-06,1.6693384985444482e-07,5.955617962172255e-05,0.0007379224989563227,0.5917232036590576,38.77900314331055
bandmf_ime_sep_bc,484,0.5002543131510416,1.8025873439834565e-06,2.4554262549140542e-08,1.8025873439834565e-06,1.6666491535014907e-07,3.6696270399261266e-05,0.0007783976616337895,0.5971001982688904,47.768089294433594
bandmf_ime_sep_bc,485,0.5006306966145834,1.7910558559227259e-06,2.4594221992302323e-08,1.7910558559227259e-06,1.664014277480419e-07,3.077175279031508e-05,0.0007045557722449303,0.576423168182373,31.689659118652344
bandmf_ime_sep_bc,486,0.5005353291829427,1.7668143783566848e-06,2.462334972956152e-08,1.7668143783566848e-06,1.6606632691207324e-07,3.984991053584963e-05,0.0007370460079982877,0.5901414752006531,28.313779830932617
bandmf_ime_sep_bc,487,0.5002326965332031,1.7244823785252568e-06,2.465666493201013e-08,1.7244823785252568e-06,1.6576113933316114e-07,3.7625151890097186e-05,0.0005998309352435172,0.5820028185844421,40.666954040527344
bandmf_ime_sep_bc,488,0.5002581278483073,1.7058245636765907e-06,2.4666532298193527e-08,1.7058245636765907e-06,1.6530048441154577e-07,3.2414776796940714e-05,0.0007773099350742996,0.5579540729522705,26.717050552368164
